{"textureFormat": "atf", "frameRate": 24, "movies": [{"layers": [{"name": "origin", "keyframes": [{"loc": [631.5, 396.25], "index": 0, "tweened": false, "duration": 1, "pivot": [631.5, 396.25], "ref": "~bg/original"}]}], "id": "Room_Interiere"}, {"layers": [{"name": "[bounds]", "keyframes": [{"loc": [639.014, 383.2945], "scale": [1.9617, 1.5641], "index": 0, "tweened": false, "alpha": 0, "duration": 1, "pivot": [325.75, 245.05], "ref": "_bounds"}]}, {"name": "item:memonotes_01", "keyframes": [{"loc": [844, 511.25], "index": 0, "tweened": false, "duration": 1, "pivot": [32, 28.25], "ref": "~itm/memonotes_01"}]}, {"name": "item:memonotes_02", "keyframes": [{"loc": [867, 176.5], "index": 0, "tweened": false, "duration": 1, "pivot": [38, 29], "ref": "~itm/memonotes_02"}]}, {"name": "item:memonotes_03", "keyframes": [{"loc": [164.5, 623], "index": 0, "tweened": false, "duration": 1, "pivot": [36, 34], "ref": "~itm/memonotes_03"}]}, {"name": "item:memonotes_04", "keyframes": [{"loc": [613.75, 522.5], "index": 0, "tweened": false, "duration": 1, "pivot": [32.25, 32], "ref": "~itm/memonotes_04"}]}, {"name": "item:atlas_01", "keyframes": [{"loc": [854, 254.75], "index": 0, "tweened": false, "duration": 1, "pivot": [69.5, 57.25], "ref": "~itm/atlas_01"}]}, {"name": "item:atlas_02", "keyframes": [{"loc": [188.5, 375.75], "index": 0, "tweened": false, "duration": 1, "pivot": [88, 64.25], "ref": "~itm/atlas_02"}]}, {"name": "item:atlas_03", "keyframes": [{"loc": [377, 14.5], "index": 0, "tweened": false, "duration": 1, "pivot": [67, 47.5], "ref": "~itm/atlas_03"}]}, {"name": "item:atlas_04", "keyframes": [{"loc": [702.75, 450.25], "index": 0, "tweened": false, "duration": 1, "pivot": [67.75, 67.75], "ref": "~itm/atlas_04"}]}, {"name": "item:badge_01", "keyframes": [{"loc": [794, 516.5], "index": 0, "tweened": false, "duration": 1, "pivot": [30, 59], "ref": "~itm/badge_01"}]}, {"name": "item:badge_02", "keyframes": [{"loc": [224, 664.5], "index": 0, "tweened": false, "duration": 1, "pivot": [47, 43.5], "ref": "~itm/badge_02"}]}, {"name": "item:badge_03", "keyframes": [{"loc": [103.5, 49.75], "index": 0, "tweened": false, "duration": 1, "pivot": [26, 71.75], "ref": "~itm/badge_03"}]}, {"name": "item:bag_02", "keyframes": [{"loc": [57.25, 155.75], "index": 0, "tweened": false, "duration": 1, "pivot": [72.75, 80.75], "ref": "~itm/bag_02"}]}, {"name": "item:caduceus_01", "keyframes": [{"loc": [38.5, 41], "index": 0, "tweened": false, "duration": 1, "pivot": [43, 37], "ref": "~itm/caduceus_01"}]}, {"name": "item:caduceus_02", "keyframes": [{"loc": [1021, 262], "index": 0, "tweened": false, "duration": 1, "pivot": [22, 40], "ref": "~itm/caduceus_02"}]}, {"name": "item:caduceus_03", "keyframes": [{"loc": [1265, 45.5], "index": 0, "tweened": false, "duration": 1, "pivot": [22, 40], "ref": "~itm/caduceus_03"}]}, {"name": "item:caduceus_04", "keyframes": [{"loc": [557, 167.5], "index": 0, "tweened": false, "duration": 1, "pivot": [35, 28], "ref": "~itm/caduceus_04"}]}, {"name": "item:bin_02", "keyframes": [{"loc": [26.5, 347], "index": 0, "tweened": false, "duration": 1, "pivot": [81.5, 101], "ref": "~itm/bin_02"}]}, {"name": "item:bin_03", "keyframes": [{"loc": [938.25, 294.75], "index": 0, "tweened": false, "duration": 1, "pivot": [78.75, 105.75], "ref": "~itm/bin_03"}]}, {"name": "item:envelope_02", "keyframes": [{"loc": [1012.25, 41.75], "index": 0, "tweened": false, "duration": 1, "pivot": [53.25, 37.75], "ref": "~itm/envelope_02"}]}, {"name": "item:envelope_03", "keyframes": [{"loc": [804.25, 724], "index": 0, "tweened": false, "duration": 1, "pivot": [71.25, 47.5], "ref": "~itm/envelope_03"}]}, {"name": "item:envelope_04", "keyframes": [{"loc": [667.75, 230.25], "index": 0, "tweened": false, "duration": 1, "pivot": [52.75, 38.75], "ref": "~itm/envelope_04"}]}, {"name": "item:cookie_01", "keyframes": [{"loc": [534.75, 521.5], "index": 0, "tweened": false, "duration": 1, "pivot": [33.25, 27], "ref": "~itm/cookie_01"}]}, {"name": "item:cookie_02", "keyframes": [{"loc": [1043.25, 69], "index": 0, "tweened": false, "duration": 1, "pivot": [30.25, 18], "ref": "~itm/cookie_02"}]}, {"name": "item:cookie_03", "keyframes": [{"loc": [409, 689.25], "index": 0, "tweened": false, "duration": 1, "pivot": [34, 25.25], "ref": "~itm/cookie_03"}]}, {"name": "item:cookie_04", "keyframes": [{"loc": [1146, 448.75], "index": 0, "tweened": false, "duration": 1, "pivot": [38, 28.75], "ref": "~itm/cookie_04"}]}, {"name": "item:folder_01", "keyframes": [{"loc": [801.25, 355.25], "index": 0, "tweened": false, "duration": 1, "pivot": [76.75, 73.25], "ref": "~itm/folder_01"}]}, {"name": "item:folder_02", "keyframes": [{"loc": [1216, 208.5], "index": 0, "tweened": false, "duration": 1, "pivot": [74, 77.5], "ref": "~itm/folder_02"}]}, {"name": "item:folder_03", "keyframes": [{"loc": [280, 760.75], "index": 0, "tweened": false, "duration": 1, "pivot": [149, 114.75], "ref": "~itm/folder_03"}]}, {"name": "item:folder_04", "keyframes": [{"loc": [1148, 1.5], "index": 0, "tweened": false, "duration": 1, "pivot": [86, 89], "ref": "~itm/folder_04"}]}, {"name": "item:glove_01", "keyframes": [{"loc": [502.25, 372.75], "index": 0, "tweened": false, "duration": 1, "pivot": [86.75, 43.25], "ref": "~itm/glove_01"}]}, {"name": "item:glove_03", "keyframes": [{"loc": [485, 22], "index": 0, "tweened": false, "duration": 1, "pivot": [61, 33.5], "ref": "~itm/glove_03"}]}, {"name": "item:mask_01", "keyframes": [{"loc": [471, 61.5], "index": 0, "tweened": false, "duration": 1, "pivot": [68, 23], "ref": "~itm/mask_01"}]}, {"name": "item:mask_02", "keyframes": [{"loc": [782, 217], "index": 0, "tweened": false, "duration": 1, "pivot": [63, 33], "ref": "~itm/mask_02"}]}, {"name": "item:mask_03", "keyframes": [{"loc": [952, 557.25], "index": 0, "tweened": false, "duration": 1, "pivot": [63, 35.25], "ref": "~itm/mask_03"}]}, {"name": "item:mask_04", "keyframes": [{"loc": [358.25, 610.5], "index": 0, "tweened": false, "duration": 1, "pivot": [64.75, 32], "ref": "~itm/mask_04"}]}, {"name": "item:envelope_01", "keyframes": [{"loc": [414.25, 554.25], "index": 0, "tweened": false, "duration": 1, "pivot": [56.75, 44.75], "ref": "~itm/envelope_01"}]}, {"name": "item:medicalcap_01", "keyframes": [{"loc": [608.5, 419.75], "index": 0, "tweened": false, "duration": 1, "pivot": [65, 52.25], "ref": "~itm/medicalcap_01"}]}, {"name": "item:medicalcap_02", "keyframes": [{"loc": [1053.25, 732], "index": 0, "tweened": false, "duration": 1, "pivot": [84.25, 55], "ref": "~itm/medicalcap_02"}]}, {"name": "item:medicalcap_03", "keyframes": [{"loc": [352.75, 124.25], "index": 0, "tweened": false, "duration": 1, "pivot": [73.75, 47.25], "ref": "~itm/medicalcap_03"}]}, {"name": "item:medicalcap_04", "keyframes": [{"loc": [170.25, 257.5], "index": 0, "tweened": false, "duration": 1, "pivot": [62.25, 40], "ref": "~itm/medicalcap_04"}]}, {"name": "item:badge_04", "keyframes": [{"loc": [330.5, 198], "index": 0, "tweened": false, "duration": 1, "pivot": [45.5, 37.5], "ref": "~itm/badge_04"}]}, {"name": "item:newspaper_01", "keyframes": [{"loc": [311.75, 342.5], "index": 0, "tweened": false, "duration": 1, "pivot": [48.25, 54.5], "ref": "~itm/newspaper_01"}]}, {"name": "item:newspaper_02", "keyframes": [{"loc": [888, 336.5], "index": 0, "tweened": false, "duration": 1, "pivot": [58, 53.5], "ref": "~itm/newspaper_02"}]}, {"name": "item:newspaper_03", "keyframes": [{"loc": [679.25, 302.5], "index": 0, "tweened": false, "duration": 1, "pivot": [65.75, 63], "ref": "~itm/newspaper_03"}]}, {"name": "item:newspaper_04", "keyframes": [{"loc": [652.25, 596.75], "index": 0, "tweened": false, "duration": 1, "pivot": [65.75, 75.25], "ref": "~itm/newspaper_04"}]}, {"name": "item:pencil_01", "keyframes": [{"loc": [578, 209.75], "index": 0, "tweened": false, "duration": 1, "pivot": [40, 26.25], "ref": "~itm/pencil_01"}]}, {"name": "item:pencil_02", "keyframes": [{"loc": [1001.25, 635.5], "index": 0, "tweened": false, "duration": 1, "pivot": [35.25, 46], "ref": "~itm/pencil_02"}]}, {"name": "item:pencil_03", "keyframes": [{"loc": [947, 173.5], "index": 0, "tweened": false, "duration": 1, "pivot": [53.5, 23], "ref": "~itm/pencil_03"}]}, {"name": "item:pencil_04", "keyframes": [{"loc": [679.25, 525.5], "index": 0, "tweened": false, "duration": 1, "pivot": [51.25, 26], "ref": "~itm/pencil_04"}]}, {"name": "item:record_01", "keyframes": [{"loc": [1039.5, 396.25], "index": 0, "tweened": false, "duration": 1, "pivot": [104, 76.75], "ref": "~itm/record_01"}]}, {"name": "item:record_02", "keyframes": [{"loc": [269.25, 549], "index": 0, "tweened": false, "duration": 1, "pivot": [100.25, 77], "ref": "~itm/record_02"}]}, {"name": "item:record_03", "keyframes": [{"loc": [768, 664], "index": 0, "tweened": false, "duration": 1, "pivot": [89, 77], "ref": "~itm/record_03"}]}, {"name": "item:record_04", "keyframes": [{"loc": [694.5, 152], "index": 0, "tweened": false, "duration": 1, "pivot": [97.5, 63], "ref": "~itm/record_04"}]}, {"name": "item:glasses_01", "keyframes": [{"loc": [1117.25, 91.75], "index": 0, "tweened": false, "duration": 1, "pivot": [53.25, 16.75], "ref": "~itm/glasses_01"}]}, {"name": "item:glasses_02", "keyframes": [{"loc": [608.75, 487.5], "index": 0, "tweened": false, "duration": 1, "pivot": [51.25, 30], "ref": "~itm/glasses_02"}]}, {"name": "item:glasses_03", "keyframes": [{"loc": [423.5, 358], "index": 0, "tweened": false, "duration": 1, "pivot": [52, 29], "ref": "~itm/glasses_03"}]}, {"name": "item:glasses_04", "keyframes": [{"loc": [778.5, 163], "index": 0, "tweened": false, "duration": 1, "pivot": [62.5, 35], "ref": "~itm/glasses_04"}]}, {"name": "item:scissors_01", "keyframes": [{"loc": [416, 133.5], "index": 0, "tweened": false, "duration": 1, "pivot": [70, 52], "ref": "~itm/scissors_01"}]}, {"name": "item:scissors_02", "keyframes": [{"loc": [126.5, 224], "index": 0, "tweened": false, "duration": 1, "pivot": [63, 29], "ref": "~itm/scissors_02"}]}, {"name": "item:scissors_03", "keyframes": [{"loc": [1017, 125.5], "index": 0, "tweened": false, "duration": 1, "pivot": [73, 40.5], "ref": "~itm/scissors_03"}]}, {"name": "item:scissors_04", "keyframes": [{"loc": [621.75, 347], "index": 0, "tweened": false, "duration": 1, "pivot": [83.25, 33], "ref": "~itm/scissors_04"}]}, {"name": "item:frame_01", "keyframes": [{"loc": [833.75, 13], "index": 0, "tweened": false, "duration": 1, "pivot": [75.25, 60], "ref": "~itm/frame_01"}]}, {"name": "item:frame_02", "keyframes": [{"loc": [873, 601], "index": 0, "tweened": false, "duration": 1, "pivot": [71, 73], "ref": "~itm/frame_02"}]}, {"name": "item:frame_04", "keyframes": [{"loc": [1274.25, 123], "index": 0, "tweened": false, "duration": 1, "pivot": [50.25, 62], "ref": "~itm/frame_04"}]}, {"name": "item:stamp_01", "keyframes": [{"loc": [984, 104.5], "index": 0, "tweened": false, "duration": 1, "pivot": [44, 29], "ref": "~itm/stamp_01"}]}, {"name": "item:stamp_02", "keyframes": [{"loc": [310, 641.75], "index": 0, "tweened": false, "duration": 1, "pivot": [47.5, 30.25], "ref": "~itm/stamp_02"}]}, {"name": "item:stamp_03", "keyframes": [{"loc": [402, 313.75], "index": 0, "tweened": false, "duration": 1, "pivot": [45, 33.25], "ref": "~itm/stamp_03"}]}, {"name": "item:stamp_04", "keyframes": [{"loc": [962.5, 684.5], "index": 0, "tweened": false, "duration": 1, "pivot": [41, 32.5], "ref": "~itm/stamp_04"}]}, {"name": "item:stapler_01", "keyframes": [{"loc": [1089.5, 53.5], "index": 0, "tweened": false, "duration": 1, "pivot": [36, 24], "ref": "~itm/stapler_01"}]}, {"name": "item:stapler_02", "keyframes": [{"loc": [931.5, 505.25], "index": 0, "tweened": false, "duration": 1, "pivot": [34, 24.25], "ref": "~itm/stapler_02"}]}, {"name": "item:stapler_03", "keyframes": [{"loc": [295, 298.5], "index": 0, "tweened": false, "duration": 1, "pivot": [30, 25.5], "ref": "~itm/stapler_03"}]}, {"name": "item:stapler_04", "keyframes": [{"loc": [587.75, 273.5], "index": 0, "tweened": false, "duration": 1, "pivot": [40.75, 25.5], "ref": "~itm/stapler_04"}]}, {"name": "item:sticker_01", "keyframes": [{"loc": [1001, 189.5], "index": 0, "tweened": false, "duration": 1, "pivot": [22, 25], "ref": "~itm/sticker_01"}]}, {"name": "item:sticker_02", "keyframes": [{"loc": [1220.5, 26], "index": 0, "tweened": false, "duration": 1, "pivot": [21, 26], "ref": "~itm/sticker_02"}]}, {"name": "item:sticker_03", "keyframes": [{"loc": [123, 302], "index": 0, "tweened": false, "duration": 1, "pivot": [23, 21], "ref": "~itm/sticker_03"}]}, {"name": "item:sticker_04", "keyframes": [{"loc": [510.5, 472.5], "index": 0, "tweened": false, "duration": 1, "pivot": [28, 34.5], "ref": "~itm/sticker_04"}]}, {"name": "item:watch_01", "keyframes": [{"loc": [147.5, 152], "index": 0, "tweened": false, "duration": 1, "pivot": [26, 16], "ref": "~itm/watch_01"}]}, {"name": "item:watch_02", "keyframes": [{"loc": [559, 555], "index": 0, "tweened": false, "duration": 1, "pivot": [33, 26], "ref": "~itm/watch_02"}]}, {"name": "item:watch_03", "keyframes": [{"loc": [944, 33], "index": 0, "tweened": false, "duration": 1, "pivot": [19, 30], "ref": "~itm/watch_03"}]}, {"name": "item:watch_04", "keyframes": [{"loc": [1128.75, 305.25], "index": 0, "tweened": false, "duration": 1, "pivot": [25.25, 18.25], "ref": "~itm/watch_04"}]}, {"name": "item:xray_01", "keyframes": [{"loc": [234.25, 78.75], "index": 0, "tweened": false, "duration": 1, "pivot": [79.25, 63.75], "ref": "~itm/xray_01"}]}, {"name": "item:xray_02", "keyframes": [{"loc": [671.75, 774.5], "index": 0, "tweened": false, "duration": 1, "pivot": [118.25, 105.5], "ref": "~itm/xray_02"}]}, {"name": "item:xray_03", "keyframes": [{"loc": [43, 595.5], "index": 0, "tweened": false, "duration": 1, "pivot": [114, 109], "ref": "~itm/xray_03"}]}, {"name": "item:xray_04", "keyframes": [{"loc": [1131, 178.25], "index": 0, "tweened": false, "duration": 1, "pivot": [73, 71.25], "ref": "~itm/xray_04"}]}, {"name": "item:bag_01", "keyframes": [{"loc": [59.75, 733.5], "index": 0, "tweened": false, "duration": 1, "pivot": [127.75, 114], "ref": "~itm/bag_01"}]}, {"name": "item:bag_03", "keyframes": [{"loc": [382.5, 433.5], "index": 0, "tweened": false, "duration": 1, "pivot": [65, 97.5], "ref": "~itm/bag_03"}]}, {"name": "item:bag_04", "keyframes": [{"loc": [1241, 333.25], "index": 0, "tweened": false, "duration": 1, "pivot": [93, 103.75], "ref": "~itm/bag_04"}]}, {"name": "item:bin_01", "keyframes": [{"loc": [156.25, 35.75], "index": 0, "tweened": false, "duration": 1, "pivot": [50.75, 53.75], "ref": "~itm/bin_01"}]}, {"name": "item:bin_04", "keyframes": [{"loc": [1213.5, 733.75], "index": 0, "tweened": false, "duration": 1, "pivot": [116.5, 109.75], "ref": "~itm/bin_04"}]}, {"name": "item:firstaidkit_01", "keyframes": [{"loc": [705.25, 39.5], "index": 0, "tweened": false, "duration": 1, "pivot": [85.25, 68], "ref": "~itm/firstaidkit_01"}]}, {"name": "item:firstaidkit_02", "keyframes": [{"loc": [493, 650], "index": 0, "tweened": false, "duration": 1, "pivot": [79, 74], "ref": "~itm/firstaidkit_02"}]}, {"name": "item:firstaidkit_03", "keyframes": [{"loc": [1096.25, 273.25], "index": 0, "tweened": false, "duration": 1, "pivot": [49.25, 43.75], "ref": "~itm/firstaidkit_03"}]}, {"name": "item:firstaidkit_04", "keyframes": [{"loc": [32.5, 453.25], "index": 0, "tweened": false, "duration": 1, "pivot": [73.5, 70.75], "ref": "~itm/firstaidkit_04"}]}, {"name": "item:glove_02", "keyframes": [{"loc": [153.5, 95.5], "index": 0, "tweened": false, "duration": 1, "pivot": [35, 43], "ref": "~itm/glove_02"}]}, {"name": "item:glove_04", "keyframes": [{"loc": [1064.25, 482], "index": 0, "tweened": false, "duration": 1, "pivot": [64.25, 42], "ref": "~itm/glove_04"}]}, {"name": "item:phone_01", "keyframes": [{"loc": [1033, 16], "index": 0, "tweened": false, "duration": 1, "pivot": [48.5, 34], "ref": "~itm/phone_01"}]}, {"name": "item:phone_02", "keyframes": [{"loc": [249, 19.75], "index": 0, "tweened": false, "duration": 1, "pivot": [30, 19.75], "ref": "~itm/phone_02"}]}, {"name": "item:phone_03", "keyframes": [{"loc": [923, 720], "index": 0, "tweened": false, "duration": 1, "pivot": [49, 38], "ref": "~itm/phone_03"}]}, {"name": "item:phone_04", "keyframes": [{"loc": [131.5, 186.5], "index": 0, "tweened": false, "duration": 1, "pivot": [36.5, 20], "ref": "~itm/phone_04"}]}, {"name": "item:crumpledpaper_01", "keyframes": [{"loc": [450, 163], "index": 0, "tweened": false, "duration": 1, "pivot": [34, 31], "ref": "~itm/crumpledpaper_01"}]}, {"name": "item:crumpledpaper_02", "keyframes": [{"loc": [1147, 244.25], "index": 0, "tweened": false, "duration": 1, "pivot": [25, 20.75], "ref": "~itm/crumpledpaper_02"}]}, {"name": "item:crumpledpaper_03", "keyframes": [{"loc": [336, 475.5], "index": 0, "tweened": false, "duration": 1, "pivot": [28, 26], "ref": "~itm/crumpledpaper_03"}]}, {"name": "item:crumpledpaper_04", "keyframes": [{"loc": [887, 745], "index": 0, "tweened": false, "duration": 1, "pivot": [37, 30], "ref": "~itm/crumpledpaper_04"}]}, {"name": "item:calendar_01", "keyframes": [{"loc": [258.5, 449], "index": 0, "tweened": false, "duration": 1, "pivot": [71, 56], "ref": "~itm/calendar_01"}]}, {"name": "item:calendar_02", "keyframes": [{"loc": [216.5, 171.5], "index": 0, "tweened": false, "duration": 1, "pivot": [63, 48.5], "ref": "~itm/calendar_02"}]}, {"name": "item:calendar_03", "keyframes": [{"loc": [400.5, 241.25], "index": 0, "tweened": false, "duration": 1, "pivot": [71, 62.75], "ref": "~itm/calendar_03"}]}, {"name": "item:calendar_04", "keyframes": [{"loc": [872, 112], "index": 0, "tweened": false, "duration": 1, "pivot": [81, 61.5], "ref": "~itm/calendar_04"}]}, {"name": "item:shoe_01", "keyframes": [{"loc": [128.5, 415.75], "index": 0, "tweened": false, "duration": 1, "pivot": [63, 57.25], "ref": "~itm/shoe_01"}]}, {"name": "item:shoe_02", "keyframes": [{"loc": [581.25, 704.25], "index": 0, "tweened": false, "duration": 1, "pivot": [66.25, 63.75], "ref": "~itm/shoe_02"}]}, {"name": "item:shoe_03", "keyframes": [{"loc": [310, 44], "index": 0, "tweened": false, "duration": 1, "pivot": [55, 33.5], "ref": "~itm/shoe_03"}]}, {"name": "item:shoe_04", "keyframes": [{"loc": [1060.25, 638.5], "index": 0, "tweened": false, "duration": 1, "pivot": [43.25, 55], "ref": "~itm/shoe_04"}]}, {"name": "item:flower_01", "keyframes": [{"loc": [584.75, 33.5], "index": 0, "tweened": false, "duration": 1, "pivot": [74.75, 77], "ref": "~itm/flower_01"}]}, {"name": "item:flower_02", "keyframes": [{"loc": [873.5, 430.25], "index": 0, "tweened": false, "duration": 1, "pivot": [67.5, 74.25], "ref": "~itm/flower_02"}]}, {"name": "item:flower_03", "keyframes": [{"loc": [131, 535.25], "index": 0, "tweened": false, "duration": 1, "pivot": [70, 88.75], "ref": "~itm/flower_03"}]}, {"name": "item:flower_04", "keyframes": [{"loc": [1215, 387], "index": 0, "tweened": false, "duration": 1, "pivot": [76, 83.5], "ref": "~itm/flower_04"}]}, {"name": "item:frame_03", "keyframes": [{"loc": [526, 103.5], "index": 0, "tweened": false, "duration": 1, "pivot": [79, 67], "ref": "~itm/frame_03"}]}, {"name": "item:cup_01", "keyframes": [{"loc": [465, 742], "index": 0, "tweened": false, "duration": 1, "pivot": [64, 47], "ref": "~itm/cup_01"}]}, {"name": "item:cup_02", "keyframes": [{"loc": [498.5, 302.25], "index": 0, "tweened": false, "duration": 1, "pivot": [65.5, 59.25], "ref": "~itm/cup_02"}]}, {"name": "item:cup_03", "keyframes": [{"loc": [1075, 332.25], "index": 0, "tweened": false, "duration": 1, "pivot": [57, 53.25], "ref": "~itm/cup_03"}]}, {"name": "item:cup_04", "keyframes": [{"loc": [770.5, 91.75], "index": 0, "tweened": false, "duration": 1, "pivot": [58.5, 46.75], "ref": "~itm/cup_04"}]}], "id": "~bg/original"}, {"layers": [{"name": "shadow", "keyframes": [{"loc": [74, 81.5], "index": 0, "tweened": false, "duration": 1, "pivot": [65, 33], "ref": "atlas1_s"}]}, {"name": "invisible", "keyframes": [{"loc": [48, 29], "index": 0, "tweened": false, "duration": 1, "pivot": [48, 29], "ref": "atlas1_inv"}]}, {"name": "item", "keyframes": [{"loc": [76, 68], "index": 0, "tweened": false, "duration": 1, "pivot": [57, 40], "ref": "atlas1_i"}]}], "id": "~itm/atlas_01"}, {"layers": [{"name": "shadow", "keyframes": [{"loc": [71, 72.5], "index": 0, "tweened": false, "duration": 1, "pivot": [71, 56], "ref": "atlas2_s"}]}, {"name": "invisible", "keyframes": [{"loc": [94, 49], "index": 0, "tweened": false, "duration": 1, "pivot": [57, 49], "ref": "atlas2_inv"}]}, {"name": "item", "keyframes": [{"loc": [96, 74], "index": 0, "tweened": false, "duration": 1, "pivot": [80, 47], "ref": "atlas2_i"}]}], "id": "~itm/atlas_02"}, {"layers": [{"name": "shadow", "keyframes": [{"loc": [67, 64], "index": 0, "tweened": false, "duration": 1, "pivot": [67, 31], "ref": "atlas3_s"}]}, {"name": "item", "keyframes": [{"loc": [75, 46], "index": 0, "tweened": false, "duration": 1, "pivot": [58, 46], "ref": "atlas3_i"}]}], "id": "~itm/atlas_03"}, {"layers": [{"name": "shadow", "keyframes": [{"loc": [71.5, 81.5], "index": 0, "tweened": false, "duration": 1, "pivot": [64, 54], "ref": "atlas4_s"}]}, {"name": "invisible", "keyframes": [{"loc": [46, 31], "index": 0, "tweened": false, "duration": 1, "pivot": [46, 31], "ref": "atlas4_inv"}]}, {"name": "item", "keyframes": [{"loc": [71.5, 80], "index": 0, "tweened": false, "duration": 1, "pivot": [60, 52], "ref": "atlas4_i"}]}], "id": "~itm/atlas_04"}, {"layers": [{"name": "shadow", "keyframes": [{"loc": [30, 47], "index": 0, "tweened": false, "duration": 1, "pivot": [30, 44], "ref": "badge1_s"}]}, {"name": "invisible", "keyframes": [{"loc": [53, 23], "index": 0, "tweened": false, "duration": 1, "pivot": [5, 18], "ref": "badge1_inv"}]}, {"name": "item", "keyframes": [{"loc": [30, 59], "index": 0, "tweened": false, "duration": 1, "pivot": [28, 59], "ref": "badge1_i"}]}], "id": "~itm/badge_01"}, {"layers": [{"name": "shadow", "keyframes": [{"loc": [47, 46], "index": 0, "tweened": false, "duration": 1, "pivot": [47, 41], "ref": "badge2_s"}]}, {"name": "item", "keyframes": [{"loc": [48.5, 42], "index": 0, "tweened": false, "duration": 1, "pivot": [45, 42], "ref": "badge2_i"}]}], "id": "~itm/badge_02"}, {"layers": [{"name": "shadow", "keyframes": [{"loc": [26, 82.5], "index": 0, "tweened": false, "duration": 1, "pivot": [26, 61], "ref": "badge3_s"}]}, {"name": "invisible", "keyframes": [{"loc": [42, 32], "index": 0, "tweened": false, "duration": 1, "pivot": [4, 21], "ref": "badge3_inv"}]}, {"name": "item", "keyframes": [{"loc": [28, 69], "index": 0, "tweened": false, "duration": 1, "pivot": [22, 69], "ref": "badge3_i"}]}], "id": "~itm/badge_03"}, {"layers": [{"name": "shadow", "keyframes": [{"loc": [46, 38], "index": 0, "tweened": false, "duration": 1, "pivot": [45, 37], "ref": "badge4_s"}]}, {"name": "item", "keyframes": [{"loc": [45, 35], "index": 0, "tweened": false, "duration": 1, "pivot": [45, 35], "ref": "badge4_i"}]}], "id": "~itm/badge_04"}, {"layers": [{"name": "shadow", "keyframes": [{"loc": [191.5, 77], "index": 0, "tweened": false, "duration": 1, "pivot": [64, 73], "ref": "bag1_s"}]}, {"name": "item", "keyframes": [{"loc": [125, 114], "index": 0, "tweened": false, "duration": 1, "pivot": [125, 114], "ref": "bag1_i"}]}], "id": "~itm/bag_01"}, {"layers": [{"name": "shadow", "keyframes": [{"loc": [80.5, 84.5], "index": 0, "tweened": false, "duration": 1, "pivot": [65, 77], "ref": "bag2_s"}]}, {"name": "item", "keyframes": [{"loc": [72, 76], "index": 0, "tweened": false, "duration": 1, "pivot": [72, 76], "ref": "bag2_i"}]}], "id": "~itm/bag_02"}, {"layers": [{"name": "shadow", "keyframes": [{"loc": [65, 128], "index": 0, "tweened": false, "duration": 1, "pivot": [65, 67], "ref": "bag3_s"}]}, {"name": "invisible", "keyframes": [{"loc": [66, 38], "index": 0, "tweened": false, "duration": 1, "pivot": [33, 38], "ref": "bag3_inv"}]}, {"name": "item", "keyframes": [{"loc": [61, 93.5], "index": 0, "tweened": false, "duration": 1, "pivot": [58, 92], "ref": "bag3_i"}]}], "id": "~itm/bag_03"}, {"layers": [{"name": "shadow", "keyframes": [{"loc": [66, 143.5], "index": 0, "tweened": false, "duration": 1, "pivot": [66, 64], "ref": "bag4_s"}]}, {"name": "item", "keyframes": [{"loc": [96, 94], "index": 0, "tweened": false, "duration": 1, "pivot": [90, 94], "ref": "bag4_i"}]}], "id": "~itm/bag_04"}, {"layers": [{"name": "shadow", "keyframes": [{"loc": [60.5, 88.5], "index": 0, "tweened": false, "duration": 1, "pivot": [41, 19], "ref": "bin1_s"}]}, {"name": "invisible", "keyframes": [{"loc": [9, 47.5], "index": 0, "tweened": false, "duration": 1, "pivot": [9, 25], "ref": "bin1_inv"}]}, {"name": "item", "keyframes": [{"loc": [54.5, 52], "index": 0, "tweened": false, "duration": 1, "pivot": [45, 52], "ref": "bin1_i"}]}], "id": "~itm/bin_01"}, {"layers": [{"name": "shadow", "keyframes": [{"loc": [109, 143], "index": 0, "tweened": false, "duration": 1, "pivot": [54, 59], "ref": "bin2_s"}]}, {"name": "item", "keyframes": [{"loc": [74, 78], "index": 0, "tweened": false, "duration": 1, "pivot": [74, 78], "ref": "bin2_i"}]}], "id": "~itm/bin_02"}, {"layers": [{"name": "shadow", "keyframes": [{"loc": [64, 159.5], "index": 0, "tweened": false, "duration": 1, "pivot": [64, 52], "ref": "bin3_s"}]}, {"name": "invisible", "keyframes": [{"loc": [56.5, 22], "index": 0, "tweened": false, "duration": 1, "pivot": [51, 22], "ref": "bin3_inv"}]}, {"name": "item", "keyframes": [{"loc": [80.5, 85.5], "index": 0, "tweened": false, "duration": 1, "pivot": [77, 81], "ref": "bin3_i"}]}], "id": "~itm/bin_03"}, {"layers": [{"name": "shadow", "keyframes": [{"loc": [82, 87], "index": 0, "tweened": false, "duration": 1, "pivot": [82, 57], "ref": "bin4_s"}]}, {"name": "invisible", "keyframes": [{"loc": [128, 21], "index": 0, "tweened": false, "duration": 1, "pivot": [42, 21], "ref": "bin4_inv"}]}, {"name": "item", "keyframes": [{"loc": [129, 111.5], "index": 0, "tweened": false, "duration": 1, "pivot": [104, 108], "ref": "bin4_i"}]}], "id": "~itm/bin_04"}, {"layers": [{"name": "item", "keyframes": [{"loc": [43, 37], "index": 0, "tweened": false, "duration": 1, "pivot": [43, 37], "ref": "caduceus1_i"}]}], "id": "~itm/caduceus_01"}, {"layers": [{"name": "item", "keyframes": [{"loc": [22, 40], "index": 0, "tweened": false, "duration": 1, "pivot": [22, 40], "ref": "caduceus2_i"}]}], "id": "~itm/caduceus_02"}, {"layers": [{"name": "item", "keyframes": [{"loc": [22, 40], "index": 0, "tweened": false, "duration": 1, "pivot": [22, 40], "ref": "caduceus3_i"}]}], "id": "~itm/caduceus_03"}, {"layers": [{"name": "item", "keyframes": [{"loc": [35, 28], "index": 0, "tweened": false, "duration": 1, "pivot": [35, 28], "ref": "caduceus4_i"}]}], "id": "~itm/caduceus_04"}, {"layers": [{"name": "shadow", "keyframes": [{"loc": [71, 76], "index": 0, "tweened": false, "duration": 1, "pivot": [71, 36], "ref": "calendar1_s"}]}, {"name": "item", "keyframes": [{"loc": [67, 53], "index": 0, "tweened": false, "duration": 1, "pivot": [59, 53], "ref": "calendar1_i"}]}], "id": "~itm/calendar_01"}, {"layers": [{"name": "shadow", "keyframes": [{"loc": [63, 66], "index": 0, "tweened": false, "duration": 1, "pivot": [63, 31], "ref": "calendar2_s"}]}, {"name": "item", "keyframes": [{"loc": [72.5, 44], "index": 0, "tweened": false, "duration": 1, "pivot": [51, 44], "ref": "calendar2_i"}]}], "id": "~itm/calendar_02"}, {"layers": [{"name": "shadow", "keyframes": [{"loc": [71, 86.5], "index": 0, "tweened": false, "duration": 1, "pivot": [71, 39], "ref": "calendar3_s"}]}, {"name": "item", "keyframes": [{"loc": [79, 60], "index": 0, "tweened": false, "duration": 1, "pivot": [62, 60], "ref": "calendar3_i"}]}], "id": "~itm/calendar_03"}, {"layers": [{"name": "shadow", "keyframes": [{"loc": [81, 69], "index": 0, "tweened": false, "duration": 1, "pivot": [81, 54], "ref": "calendar4_s"}]}, {"name": "item", "keyframes": [{"loc": [88, 55], "index": 0, "tweened": false, "duration": 1, "pivot": [61, 55], "ref": "calendar4_i"}]}], "id": "~itm/calendar_04"}, {"layers": [{"name": "shadow", "keyframes": [{"loc": [33, 27], "index": 0, "tweened": false, "duration": 1, "pivot": [33, 27], "ref": "cookie1_s"}]}, {"name": "item", "keyframes": [{"loc": [34.5, 22], "index": 0, "tweened": false, "duration": 1, "pivot": [32, 21], "ref": "cookie1_i"}]}], "id": "~itm/cookie_01"}, {"layers": [{"name": "shadow", "keyframes": [{"loc": [30.5, 18], "index": 0, "tweened": false, "duration": 1, "pivot": [30, 18], "ref": "cookie2_s"}]}, {"name": "item", "keyframes": [{"loc": [29, 18], "index": 0, "tweened": false, "duration": 1, "pivot": [29, 17], "ref": "cookie2_i"}]}], "id": "~itm/cookie_02"}, {"layers": [{"name": "shadow", "keyframes": [{"loc": [34, 26.5], "index": 0, "tweened": false, "duration": 1, "pivot": [34, 24], "ref": "cookie3_s"}]}, {"name": "item", "keyframes": [{"loc": [36.5, 21], "index": 0, "tweened": false, "duration": 1, "pivot": [31, 21], "ref": "cookie3_i"}]}], "id": "~itm/cookie_03"}, {"layers": [{"name": "shadow", "keyframes": [{"loc": [38, 29.5], "index": 0, "tweened": false, "duration": 1, "pivot": [38, 28], "ref": "cookie4_s"}]}, {"name": "item", "keyframes": [{"loc": [38, 25], "index": 0, "tweened": false, "duration": 1, "pivot": [32, 25], "ref": "cookie4_i"}]}], "id": "~itm/cookie_04"}, {"layers": [{"name": "shadow", "keyframes": [{"loc": [34, 37], "index": 0, "tweened": false, "duration": 1, "pivot": [34, 25], "ref": "crumpledpaper1_s"}]}, {"name": "item", "keyframes": [{"loc": [36.5, 27], "index": 0, "tweened": false, "duration": 1, "pivot": [25, 27], "ref": "crumpledpaper1_i"}]}], "id": "~itm/crumpledpaper_01"}, {"layers": [{"name": "shadow", "keyframes": [{"loc": [25, 24.5], "index": 0, "tweened": false, "duration": 1, "pivot": [25, 17], "ref": "crumpledpaper2_s"}]}, {"name": "item", "keyframes": [{"loc": [23.5, 19], "index": 0, "tweened": false, "duration": 1, "pivot": [18, 19], "ref": "crumpledpaper2_i"}]}], "id": "~itm/crumpledpaper_02"}, {"layers": [{"name": "shadow", "keyframes": [{"loc": [28, 33], "index": 0, "tweened": false, "duration": 1, "pivot": [28, 19], "ref": "crumpledpaper3_s"}]}, {"name": "item", "keyframes": [{"loc": [28, 22], "index": 0, "tweened": false, "duration": 1, "pivot": [22, 22], "ref": "crumpledpaper3_i"}]}], "id": "~itm/crumpledpaper_03"}, {"layers": [{"name": "shadow", "keyframes": [{"loc": [37, 37], "index": 0, "tweened": false, "duration": 1, "pivot": [37, 16], "ref": "crumpledpaper4_s"}]}, {"name": "item", "keyframes": [{"loc": [39, 30], "index": 0, "tweened": false, "duration": 1, "pivot": [26, 30], "ref": "crumpledpaper4_i"}]}], "id": "~itm/crumpledpaper_04"}, {"layers": [{"name": "shadow", "keyframes": [{"loc": [64, 55], "index": 0, "tweened": false, "duration": 1, "pivot": [64, 18], "ref": "cap1_s"}]}, {"name": "item", "keyframes": [{"loc": [69.5, 47], "index": 0, "tweened": false, "duration": 1, "pivot": [50, 47], "ref": "cap1_i"}]}], "id": "~itm/cup_01"}, {"layers": [{"name": "shadow", "keyframes": [{"loc": [63, 79.5], "index": 0, "tweened": false, "duration": 1, "pivot": [63, 39], "ref": "cap2_s"}]}, {"name": "item", "keyframes": [{"loc": [74, 48], "index": 0, "tweened": false, "duration": 1, "pivot": [57, 48], "ref": "cap2_i"}]}], "id": "~itm/cup_02"}, {"layers": [{"name": "shadow", "keyframes": [{"loc": [57, 73.5], "index": 0, "tweened": false, "duration": 1, "pivot": [57, 33], "ref": "cap3_s"}]}, {"name": "item", "keyframes": [{"loc": [49.5, 41], "index": 0, "tweened": false, "duration": 1, "pivot": [48, 41], "ref": "cap3_i"}]}], "id": "~itm/cup_03"}, {"layers": [{"name": "shadow", "keyframes": [{"loc": [55, 59.5], "index": 0, "tweened": false, "duration": 1, "pivot": [55, 34], "ref": "cap4_s"}]}, {"name": "item", "keyframes": [{"loc": [67, 38], "index": 0, "tweened": false, "duration": 1, "pivot": [50, 38], "ref": "cap4_i"}]}], "id": "~itm/cup_04"}, {"layers": [{"name": "shadow", "keyframes": [{"loc": [51, 65.5], "index": 0, "tweened": false, "duration": 1, "pivot": [51, 24], "ref": "envelope1_s"}]}, {"name": "invisible", "keyframes": [{"loc": [98.5, 27.5], "index": 0, "tweened": false, "duration": 1, "pivot": [15, 17], "ref": "envelope1_inv"}]}, {"name": "item", "keyframes": [{"loc": [51, 44], "index": 0, "tweened": false, "duration": 1, "pivot": [47, 44], "ref": "envelope1_i"}]}], "id": "~itm/envelope_01"}, {"layers": [{"name": "shadow", "keyframes": [{"loc": [52.5, 35], "index": 0, "tweened": false, "duration": 1, "pivot": [46, 34], "ref": "envelope2_s"}]}, {"name": "invisible", "keyframes": [{"loc": [28, 52.5], "index": 0, "tweened": false, "duration": 1, "pivot": [28, 23], "ref": "envelope2_inv"}]}, {"name": "item", "keyframes": [{"loc": [58.5, 34], "index": 0, "tweened": false, "duration": 1, "pivot": [48, 34], "ref": "envelope2_i"}]}], "id": "~itm/envelope_02"}, {"layers": [{"name": "shadow", "keyframes": [{"loc": [79.5, 68], "index": 0, "tweened": false, "duration": 1, "pivot": [59, 24], "ref": "envelope3_s"}]}, {"name": "invisible", "keyframes": [{"loc": [50, 34], "index": 0, "tweened": false, "duration": 1, "pivot": [50, 34], "ref": "envelope3_inv"}]}, {"name": "item", "keyframes": [{"loc": [83.5, 58], "index": 0, "tweened": false, "duration": 1, "pivot": [59, 37], "ref": "envelope3_i"}]}], "id": "~itm/envelope_03"}, {"layers": [{"name": "shadow", "keyframes": [{"loc": [55.5, 47.5], "index": 0, "tweened": false, "duration": 1, "pivot": [50, 30], "ref": "envelope4_s"}]}, {"name": "invisible", "keyframes": [{"loc": [30, 28], "index": 0, "tweened": false, "duration": 1, "pivot": [30, 28], "ref": "envelope4_inv"}]}, {"name": "item", "keyframes": [{"loc": [61, 40], "index": 0, "tweened": false, "duration": 1, "pivot": [44, 34], "ref": "envelope4_i"}]}], "id": "~itm/envelope_04"}, {"layers": [{"name": "shadow", "keyframes": [{"loc": [75, 84], "index": 0, "tweened": false, "duration": 1, "pivot": [75, 52], "ref": "firstaidkit1_s"}]}, {"name": "item", "keyframes": [{"loc": [86.5, 68], "index": 0, "tweened": false, "duration": 1, "pivot": [84, 68], "ref": "firstaidkit1_i"}]}], "id": "~itm/firstaidkit_01"}, {"layers": [{"name": "shadow", "keyframes": [{"loc": [79, 82], "index": 0, "tweened": false, "duration": 1, "pivot": [79, 60], "ref": "firstaidkit2_s"}]}, {"name": "invisible", "keyframes": [{"loc": [119.5, 43], "index": 0, "tweened": false, "duration": 1, "pivot": [36, 41], "ref": "firstaidkit2_inv"}]}, {"name": "item", "keyframes": [{"loc": [77.5, 74], "index": 0, "tweened": false, "duration": 1, "pivot": [77, 74], "ref": "firstaidkit2_i"}]}], "id": "~itm/firstaidkit_02"}, {"layers": [{"name": "shadow", "keyframes": [{"loc": [51.5, 34], "index": 0, "tweened": false, "duration": 1, "pivot": [47, 20], "ref": "firstaidkit3_s"}]}, {"name": "invisible", "keyframes": [{"loc": [47, 45.5], "index": 0, "tweened": false, "duration": 1, "pivot": [47, 42], "ref": "firstaidkit3_inv"}]}, {"name": "item", "keyframes": [{"loc": [51.5, 27], "index": 0, "tweened": false, "duration": 1, "pivot": [44, 27], "ref": "firstaidkit3_i"}]}], "id": "~itm/firstaidkit_03"}, {"layers": [{"name": "shadow", "keyframes": [{"loc": [94, 82.5], "index": 0, "tweened": false, "duration": 1, "pivot": [53, 59], "ref": "firstaidkit4_s"}]}, {"name": "item", "keyframes": [{"loc": [69, 67], "index": 0, "tweened": false, "duration": 1, "pivot": [69, 67], "ref": "firstaidkit4_i"}]}], "id": "~itm/firstaidkit_04"}, {"layers": [{"name": "shadow", "keyframes": [{"loc": [61, 118], "index": 0, "tweened": false, "duration": 1, "pivot": [61, 36], "ref": "flower1_s"}]}, {"name": "item", "keyframes": [{"loc": [75.5, 66], "index": 0, "tweened": false, "duration": 1, "pivot": [74, 66], "ref": "flower1_i"}]}], "id": "~itm/flower_01"}, {"layers": [{"name": "shadow", "keyframes": [{"loc": [59, 102.5], "index": 0, "tweened": false, "duration": 1, "pivot": [59, 46], "ref": "flower2_s"}]}, {"name": "item", "keyframes": [{"loc": [69, 62], "index": 0, "tweened": false, "duration": 1, "pivot": [66, 62], "ref": "flower2_i"}]}], "id": "~itm/flower_02"}, {"layers": [{"name": "shadow", "keyframes": [{"loc": [72, 129.5], "index": 0, "tweened": false, "duration": 1, "pivot": [65, 48], "ref": "flower3_s"}]}, {"name": "item", "keyframes": [{"loc": [70, 66], "index": 0, "tweened": false, "duration": 1, "pivot": [70, 66], "ref": "flower3_i"}]}], "id": "~itm/flower_03"}, {"layers": [{"name": "shadow", "keyframes": [{"loc": [69, 132], "index": 0, "tweened": false, "duration": 1, "pivot": [52, 35], "ref": "flower4_s"}]}, {"name": "item", "keyframes": [{"loc": [76, 74], "index": 0, "tweened": false, "duration": 1, "pivot": [76, 74], "ref": "flower4_i"}]}], "id": "~itm/flower_04"}, {"layers": [{"name": "shadow", "keyframes": [{"loc": [92.5, 101.5], "index": 0, "tweened": false, "duration": 1, "pivot": [61, 45], "ref": "folder1_s"}]}, {"name": "invisible", "keyframes": [{"loc": [30, 63.5], "index": 0, "tweened": false, "duration": 1, "pivot": [30, 49], "ref": "folder1_inv"}]}, {"name": "item", "keyframes": [{"loc": [93.5, 68], "index": 0, "tweened": false, "duration": 1, "pivot": [59, 68], "ref": "folder1_i"}]}], "id": "~itm/folder_01"}, {"layers": [{"name": "shadow", "keyframes": [{"loc": [69, 74.5], "index": 0, "tweened": false, "duration": 1, "pivot": [69, 71], "ref": "folder2_s"}]}, {"name": "invisible", "keyframes": [{"loc": [68.5, 135], "index": 0, "tweened": false, "duration": 1, "pivot": [33, 20], "ref": "folder2_inv"}]}, {"name": "item", "keyframes": [{"loc": [77, 65], "index": 0, "tweened": false, "duration": 1, "pivot": [71, 65], "ref": "folder2_i"}]}], "id": "~itm/folder_02"}, {"layers": [{"name": "shadow", "keyframes": [{"loc": [116, 61], "index": 0, "tweened": false, "duration": 1, "pivot": [116, 61], "ref": "folder3_s"}]}, {"name": "item", "keyframes": [{"loc": [169, 115.5], "index": 0, "tweened": false, "duration": 1, "pivot": [129, 114], "ref": "folder3_i"}]}], "id": "~itm/folder_03"}, {"layers": [{"name": "shadow", "keyframes": [{"loc": [123.5, 133], "index": 0, "tweened": false, "duration": 1, "pivot": [31, 45], "ref": "folder4_s"}]}, {"name": "item", "keyframes": [{"loc": [86, 87], "index": 0, "tweened": false, "duration": 1, "pivot": [86, 87], "ref": "folder4_i"}]}], "id": "~itm/folder_04"}, {"layers": [{"name": "shadow", "keyframes": [{"loc": [74, 88], "index": 0, "tweened": false, "duration": 1, "pivot": [74, 32], "ref": "frame1_s"}]}, {"name": "item", "keyframes": [{"loc": [89.5, 55], "index": 0, "tweened": false, "duration": 1, "pivot": [61, 55], "ref": "frame1_i"}]}], "id": "~itm/frame_01"}, {"layers": [{"name": "shadow", "keyframes": [{"loc": [71, 73], "index": 0, "tweened": false, "duration": 1, "pivot": [71, 73], "ref": "frame2_s"}]}, {"name": "item", "keyframes": [{"loc": [71, 75], "index": 0, "tweened": false, "duration": 1, "pivot": [64, 70], "ref": "frame2_i"}]}], "id": "~itm/frame_02"}, {"layers": [{"name": "shadow", "keyframes": [{"loc": [79, 99], "index": 0, "tweened": false, "duration": 1, "pivot": [79, 35], "ref": "frame3_s"}]}, {"name": "item", "keyframes": [{"loc": [82.5, 62], "index": 0, "tweened": false, "duration": 1, "pivot": [69, 62], "ref": "frame3_i"}]}], "id": "~itm/frame_03"}, {"layers": [{"name": "shadow", "keyframes": [{"loc": [28, 62], "index": 0, "tweened": false, "duration": 1, "pivot": [28, 62], "ref": "frame4_s"}]}, {"name": "item", "keyframes": [{"loc": [54.5, 59], "index": 0, "tweened": false, "duration": 1, "pivot": [46, 55], "ref": "frame4_i"}]}], "id": "~itm/frame_04"}, {"layers": [{"name": "shadow", "keyframes": [{"loc": [53.5, 19.5], "index": 0, "tweened": false, "duration": 1, "pivot": [53, 14], "ref": "glasses1_s"}]}, {"name": "item", "keyframes": [{"loc": [52, 15], "index": 0, "tweened": false, "duration": 1, "pivot": [52, 15], "ref": "glasses1_i"}]}], "id": "~itm/glasses_01"}, {"layers": [{"name": "shadow", "keyframes": [{"loc": [49, 30], "index": 0, "tweened": false, "duration": 1, "pivot": [49, 30], "ref": "glasses2_s"}]}, {"name": "item", "keyframes": [{"loc": [54.5, 30], "index": 0, "tweened": false, "duration": 1, "pivot": [48, 27], "ref": "glasses2_i"}]}], "id": "~itm/glasses_02"}, {"layers": [{"name": "shadow", "keyframes": [{"loc": [52, 29], "index": 0, "tweened": false, "duration": 1, "pivot": [52, 29], "ref": "glasses3_s"}]}, {"name": "item", "keyframes": [{"loc": [52, 30], "index": 0, "tweened": false, "duration": 1, "pivot": [48, 27], "ref": "glasses3_i"}]}], "id": "~itm/glasses_03"}, {"layers": [{"name": "shadow", "keyframes": [{"loc": [61, 34], "index": 0, "tweened": false, "duration": 1, "pivot": [61, 33], "ref": "glasses4_s"}]}, {"name": "item", "keyframes": [{"loc": [63, 35], "index": 0, "tweened": false, "duration": 1, "pivot": [62, 35], "ref": "glasses4_i"}]}], "id": "~itm/glasses_04"}, {"layers": [{"name": "shadow", "keyframes": [{"loc": [103, 63.5], "index": 0, "tweened": false, "duration": 1, "pivot": [53, 23], "ref": "glove1_s"}]}, {"name": "invisible", "keyframes": [{"loc": [62, 30], "index": 0, "tweened": false, "duration": 1, "pivot": [62, 30], "ref": "glove1_inv"}]}, {"name": "item", "keyframes": [{"loc": [111.5, 53.5], "index": 0, "tweened": false, "duration": 1, "pivot": [62, 30], "ref": "glove1_i"}]}], "id": "~itm/glove_01"}, {"layers": [{"name": "shadow", "keyframes": [{"loc": [32, 43], "index": 0, "tweened": false, "duration": 1, "pivot": [32, 43], "ref": "glove2_s"}]}, {"name": "item", "keyframes": [{"loc": [37, 43], "index": 0, "tweened": false, "duration": 1, "pivot": [33, 41], "ref": "glove2_i"}]}], "id": "~itm/glove_02"}, {"layers": [{"name": "shadow", "keyframes": [{"loc": [61.5, 34], "index": 0, "tweened": false, "duration": 1, "pivot": [51, 22], "ref": "glove3_s"}]}, {"name": "invisible", "keyframes": [{"loc": [77, 39], "index": 0, "tweened": false, "duration": 1, "pivot": [45, 28], "ref": "glove3_inv"}]}, {"name": "item", "keyframes": [{"loc": [50, 27], "index": 0, "tweened": false, "duration": 1, "pivot": [50, 27], "ref": "glove3_i"}]}], "id": "~itm/glove_03"}, {"layers": [{"name": "shadow", "keyframes": [{"loc": [66.5, 51.5], "index": 0, "tweened": false, "duration": 1, "pivot": [62, 31], "ref": "glove4_s"}]}, {"name": "item", "keyframes": [{"loc": [60, 42], "index": 0, "tweened": false, "duration": 1, "pivot": [60, 42], "ref": "glove4_i"}]}], "id": "~itm/glove_04"}, {"layers": [{"name": "shadow", "keyframes": [{"loc": [68, 24.5], "index": 0, "tweened": false, "duration": 1, "pivot": [67, 21], "ref": "mask1_s"}]}, {"name": "invisible", "keyframes": [{"loc": [9, 16], "index": 0, "tweened": false, "duration": 1, "pivot": [9, 4], "ref": "mask1_inv"}]}, {"name": "item", "keyframes": [{"loc": [68, 23], "index": 0, "tweened": false, "duration": 1, "pivot": [68, 23], "ref": "mask1_i"}]}], "id": "~itm/mask_01"}, {"layers": [{"name": "shadow", "keyframes": [{"loc": [63, 33], "index": 0, "tweened": false, "duration": 1, "pivot": [63, 32], "ref": "mask2_s"}]}, {"name": "item", "keyframes": [{"loc": [63, 33], "index": 0, "tweened": false, "duration": 1, "pivot": [63, 33], "ref": "mask2_i"}]}], "id": "~itm/mask_02"}, {"layers": [{"name": "shadow", "keyframes": [{"loc": [63, 35.5], "index": 0, "tweened": false, "duration": 1, "pivot": [63, 35], "ref": "mask3_s"}]}, {"name": "invisible", "keyframes": [{"loc": [42, 5], "index": 0, "tweened": false, "duration": 1, "pivot": [21, 5], "ref": "mask3_inv"}]}, {"name": "item", "keyframes": [{"loc": [63, 34], "index": 0, "tweened": false, "duration": 1, "pivot": [61, 33], "ref": "mask3_i"}]}], "id": "~itm/mask_03"}, {"layers": [{"name": "shadow", "keyframes": [{"loc": [64, 32], "index": 0, "tweened": false, "duration": 1, "pivot": [64, 32], "ref": "mask4_s"}]}, {"name": "item", "keyframes": [{"loc": [65.5, 31], "index": 0, "tweened": false, "duration": 1, "pivot": [64, 31], "ref": "mask4_i"}]}], "id": "~itm/mask_04"}, {"layers": [{"name": "shadow", "keyframes": [{"loc": [37, 67.5], "index": 0, "tweened": false, "duration": 1, "pivot": [30, 37], "ref": "medicalcap1_s"}]}, {"name": "invisible", "keyframes": [{"loc": [48, 23], "index": 0, "tweened": false, "duration": 1, "pivot": [48, 23], "ref": "medicalcap1_inv"}]}, {"name": "item", "keyframes": [{"loc": [65, 52], "index": 0, "tweened": false, "duration": 1, "pivot": [65, 49], "ref": "medicalcap1_i"}]}], "id": "~itm/medicalcap_01"}, {"layers": [{"name": "shadow", "keyframes": [{"loc": [78, 47], "index": 0, "tweened": false, "duration": 1, "pivot": [78, 44], "ref": "medicalcap2_s"}]}, {"name": "item", "keyframes": [{"loc": [86.5, 55], "index": 0, "tweened": false, "duration": 1, "pivot": [82, 55], "ref": "medicalcap2_i"}]}], "id": "~itm/medicalcap_02"}, {"layers": [{"name": "shadow", "keyframes": [{"loc": [72, 50.5], "index": 0, "tweened": false, "duration": 1, "pivot": [72, 44], "ref": "medicalcap3_s"}]}, {"name": "item", "keyframes": [{"loc": [74.5, 46], "index": 0, "tweened": false, "duration": 1, "pivot": [73, 46], "ref": "medicalcap3_i"}]}], "id": "~itm/medicalcap_03"}, {"layers": [{"name": "shadow", "keyframes": [{"loc": [65, 40], "index": 0, "tweened": false, "duration": 1, "pivot": [54, 40], "ref": "medicalcap4_s"}]}, {"name": "invisible", "keyframes": [{"loc": [44, 49], "index": 0, "tweened": false, "duration": 1, "pivot": [44, 24], "ref": "medicalcap4_inv"}]}, {"name": "item", "keyframes": [{"loc": [69.5, 38.5], "index": 0, "tweened": false, "duration": 1, "pivot": [55, 37], "ref": "medicalcap4_i"}]}], "id": "~itm/medicalcap_04"}, {"layers": [{"name": "shadow", "keyframes": [{"loc": [32, 37.5], "index": 0, "tweened": false, "duration": 1, "pivot": [32, 19], "ref": "memonotes1_s"}]}, {"name": "item", "keyframes": [{"loc": [33, 25], "index": 0, "tweened": false, "duration": 1, "pivot": [28, 25], "ref": "memonotes1_i"}]}], "id": "~itm/memonotes_01"}, {"layers": [{"name": "shadow", "keyframes": [{"loc": [38, 30], "index": 0, "tweened": false, "duration": 1, "pivot": [38, 28], "ref": "memonotes2_s"}]}, {"name": "item", "keyframes": [{"loc": [38, 26], "index": 0, "tweened": false, "duration": 1, "pivot": [32, 26], "ref": "memonotes2_i"}]}], "id": "~itm/memonotes_02"}, {"layers": [{"name": "shadow", "keyframes": [{"loc": [36, 34], "index": 0, "tweened": false, "duration": 1, "pivot": [36, 34], "ref": "memonotes3_s"}]}, {"name": "item", "keyframes": [{"loc": [39.5, 30.5], "index": 0, "tweened": false, "duration": 1, "pivot": [30, 29], "ref": "memonotes3_i"}]}], "id": "~itm/memonotes_03"}, {"layers": [{"name": "shadow", "keyframes": [{"loc": [27, 32], "index": 0, "tweened": false, "duration": 1, "pivot": [27, 32], "ref": "memonotes4_s"}]}, {"name": "item", "keyframes": [{"loc": [35.5, 30], "index": 0, "tweened": false, "duration": 1, "pivot": [29, 28], "ref": "memonotes4_i"}]}], "id": "~itm/memonotes_04"}, {"layers": [{"name": "shadow", "keyframes": [{"loc": [47, 61], "index": 0, "tweened": false, "duration": 1, "pivot": [47, 48], "ref": "newspaper1_s"}]}, {"name": "invisible", "keyframes": [{"loc": [84.5, 32.5], "index": 0, "tweened": false, "duration": 1, "pivot": [12, 18], "ref": "newspaper1_inv"}]}, {"name": "item", "keyframes": [{"loc": [48.5, 50], "index": 0, "tweened": false, "duration": 1, "pivot": [40, 50], "ref": "newspaper1_i"}]}], "id": "~itm/newspaper_01"}, {"layers": [{"name": "shadow", "keyframes": [{"loc": [58, 61], "index": 0, "tweened": false, "duration": 1, "pivot": [58, 46], "ref": "newspaper2_s"}]}, {"name": "item", "keyframes": [{"loc": [57.5, 50], "index": 0, "tweened": false, "duration": 1, "pivot": [53, 50], "ref": "newspaper2_i"}]}], "id": "~itm/newspaper_02"}, {"layers": [{"name": "shadow", "keyframes": [{"loc": [73.5, 100], "index": 0, "tweened": false, "duration": 1, "pivot": [58, 26], "ref": "newspaper3_s"}]}, {"name": "invisible", "keyframes": [{"loc": [47, 38], "index": 0, "tweened": false, "duration": 1, "pivot": [47, 38], "ref": "newspaper3_inv"}]}, {"name": "item", "keyframes": [{"loc": [71, 82.5], "index": 0, "tweened": false, "duration": 1, "pivot": [44, 34], "ref": "newspaper3_i"}]}], "id": "~itm/newspaper_03"}, {"layers": [{"name": "shadow", "keyframes": [{"loc": [53, 110.5], "index": 0, "tweened": false, "duration": 1, "pivot": [53, 40], "ref": "newspaper4_s"}]}, {"name": "invisible", "keyframes": [{"loc": [81.5, 43], "index": 0, "tweened": false, "duration": 1, "pivot": [50, 43], "ref": "newspaper4_inv"}]}, {"name": "item", "keyframes": [{"loc": [72.5, 94], "index": 0, "tweened": false, "duration": 1, "pivot": [49, 50], "ref": "newspaper4_i"}]}], "id": "~itm/newspaper_04"}, {"layers": [{"name": "shadow", "keyframes": [{"loc": [40, 26.5], "index": 0, "tweened": false, "duration": 1, "pivot": [40, 26], "ref": "pencil1_s"}]}, {"name": "item", "keyframes": [{"loc": [41, 22], "index": 0, "tweened": false, "duration": 1, "pivot": [38, 22], "ref": "pencil1_i"}]}], "id": "~itm/pencil_01"}, {"layers": [{"name": "shadow", "keyframes": [{"loc": [35.5, 47], "index": 0, "tweened": false, "duration": 1, "pivot": [35, 45], "ref": "pencil2_s"}]}, {"name": "invisible", "keyframes": [{"loc": [35.5, 48], "index": 0, "tweened": false, "duration": 1, "pivot": [13, 18], "ref": "pencil2_inv"}]}, {"name": "item", "keyframes": [{"loc": [33, 45], "index": 0, "tweened": false, "duration": 1, "pivot": [33, 45], "ref": "pencil2_i"}]}], "id": "~itm/pencil_02"}, {"layers": [{"name": "shadow", "keyframes": [{"loc": [54, 23], "index": 0, "tweened": false, "duration": 1, "pivot": [53, 23], "ref": "pencil3_s"}]}, {"name": "item", "keyframes": [{"loc": [51, 23], "index": 0, "tweened": false, "duration": 1, "pivot": [51, 21], "ref": "pencil3_i"}]}], "id": "~itm/pencil_03"}, {"layers": [{"name": "shadow", "keyframes": [{"loc": [51.5, 26], "index": 0, "tweened": false, "duration": 1, "pivot": [51, 26], "ref": "pencil4_s"}]}, {"name": "item", "keyframes": [{"loc": [49, 23.5], "index": 0, "tweened": false, "duration": 1, "pivot": [49, 23], "ref": "pencil4_i"}]}], "id": "~itm/pencil_04"}, {"layers": [{"name": "shadow", "keyframes": [{"loc": [73, 43], "index": 0, "tweened": false, "duration": 1, "pivot": [24, 25], "ref": "phone1_s"}]}, {"name": "item", "keyframes": [{"loc": [45, 30], "index": 0, "tweened": false, "duration": 1, "pivot": [45, 30], "ref": "phone1_i"}]}], "id": "~itm/phone_01"}, {"layers": [{"name": "shadow", "keyframes": [{"loc": [30, 21.5], "index": 0, "tweened": false, "duration": 1, "pivot": [30, 18], "ref": "phone2_s"}]}, {"name": "item", "keyframes": [{"loc": [30.5, 17], "index": 0, "tweened": false, "duration": 1, "pivot": [27, 17], "ref": "phone2_i"}]}], "id": "~itm/phone_02"}, {"layers": [{"name": "shadow", "keyframes": [{"loc": [49, 39], "index": 0, "tweened": false, "duration": 1, "pivot": [49, 37], "ref": "phone3_s"}]}, {"name": "item", "keyframes": [{"loc": [51.5, 36], "index": 0, "tweened": false, "duration": 1, "pivot": [46, 36], "ref": "phone3_i"}]}], "id": "~itm/phone_03"}, {"layers": [{"name": "shadow", "keyframes": [{"loc": [36, 20], "index": 0, "tweened": false, "duration": 1, "pivot": [36, 20], "ref": "phone4_s"}]}, {"name": "item", "keyframes": [{"loc": [39, 18.5], "index": 0, "tweened": false, "duration": 1, "pivot": [34, 18], "ref": "phone4_i"}]}], "id": "~itm/phone_04"}, {"layers": [{"name": "shadow", "keyframes": [{"loc": [104, 72.5], "index": 0, "tweened": false, "duration": 1, "pivot": [104, 64], "ref": "record1_s"}]}, {"name": "invisible", "keyframes": [{"loc": [110, 122.5], "index": 0, "tweened": false, "duration": 1, "pivot": [45, 31], "ref": "record1_inv"}]}, {"name": "item", "keyframes": [{"loc": [105.5, 68], "index": 0, "tweened": false, "duration": 1, "pivot": [96, 68], "ref": "record1_i"}]}], "id": "~itm/record_01"}, {"layers": [{"name": "shadow", "keyframes": [{"loc": [97, 77], "index": 0, "tweened": false, "duration": 1, "pivot": [97, 77], "ref": "record2_s"}]}, {"name": "item", "keyframes": [{"loc": [102.5, 74], "index": 0, "tweened": false, "duration": 1, "pivot": [98, 74], "ref": "record2_i"}]}], "id": "~itm/record_02"}, {"layers": [{"name": "shadow", "keyframes": [{"loc": [89, 77], "index": 0, "tweened": false, "duration": 1, "pivot": [89, 77], "ref": "record3_s"}]}, {"name": "item", "keyframes": [{"loc": [87, 76], "index": 0, "tweened": false, "duration": 1, "pivot": [83, 74], "ref": "record3_i"}]}], "id": "~itm/record_03"}, {"layers": [{"name": "shadow", "keyframes": [{"loc": [85, 101.5], "index": 0, "tweened": false, "duration": 1, "pivot": [45, 21], "ref": "record4_s"}]}, {"name": "invisible", "keyframes": [{"loc": [23, 68], "index": 0, "tweened": false, "duration": 1, "pivot": [23, 17], "ref": "record4_inv"}]}, {"name": "item", "keyframes": [{"loc": [102, 63], "index": 0, "tweened": false, "duration": 1, "pivot": [93, 63], "ref": "record4_i"}]}], "id": "~itm/record_04"}, {"layers": [{"name": "shadow", "keyframes": [{"loc": [70, 52], "index": 0, "tweened": false, "duration": 1, "pivot": [70, 52], "ref": "scissors1_s"}]}, {"name": "item", "keyframes": [{"loc": [82, 50], "index": 0, "tweened": false, "duration": 1, "pivot": [55, 49], "ref": "scissors1_i"}]}], "id": "~itm/scissors_01"}, {"layers": [{"name": "shadow", "keyframes": [{"loc": [63, 27], "index": 0, "tweened": false, "duration": 1, "pivot": [63, 27], "ref": "scissors2_s"}]}, {"name": "invisible", "keyframes": [{"loc": [24, 53], "index": 0, "tweened": false, "duration": 1, "pivot": [18, 5], "ref": "scissors2_inv"}]}, {"name": "item", "keyframes": [{"loc": [63.5, 28.5], "index": 0, "tweened": false, "duration": 1, "pivot": [59, 24], "ref": "scissors2_i"}]}], "id": "~itm/scissors_02"}, {"layers": [{"name": "shadow", "keyframes": [{"loc": [73, 41], "index": 0, "tweened": false, "duration": 1, "pivot": [73, 40], "ref": "scissors3_s"}]}, {"name": "item", "keyframes": [{"loc": [73, 39], "index": 0, "tweened": false, "duration": 1, "pivot": [70, 39], "ref": "scissors3_i"}]}], "id": "~itm/scissors_03"}, {"layers": [{"name": "shadow", "keyframes": [{"loc": [60, 40.5], "index": 0, "tweened": false, "duration": 1, "pivot": [60, 23], "ref": "scissors4_s"}]}, {"name": "invisible", "keyframes": [{"loc": [92.5, 33], "index": 0, "tweened": false, "duration": 1, "pivot": [74, 33], "ref": "scissors4_inv"}]}, {"name": "item", "keyframes": [{"loc": [76, 36.5], "index": 0, "tweened": false, "duration": 1, "pivot": [60, 24], "ref": "scissors4_i"}]}], "id": "~itm/scissors_04"}, {"layers": [{"name": "shadow", "keyframes": [{"loc": [63, 74.5], "index": 0, "tweened": false, "duration": 1, "pivot": [63, 40], "ref": "shoe1_s"}]}, {"name": "item", "keyframes": [{"loc": [66.5, 53], "index": 0, "tweened": false, "duration": 1, "pivot": [53, 53], "ref": "shoe1_i"}]}], "id": "~itm/shoe_01"}, {"layers": [{"name": "shadow", "keyframes": [{"loc": [64, 81.5], "index": 0, "tweened": false, "duration": 1, "pivot": [64, 46], "ref": "shoe2_s"}]}, {"name": "item", "keyframes": [{"loc": [69.5, 58], "index": 0, "tweened": false, "duration": 1, "pivot": [63, 58], "ref": "shoe2_i"}]}], "id": "~itm/shoe_02"}, {"layers": [{"name": "shadow", "keyframes": [{"loc": [55, 36], "index": 0, "tweened": false, "duration": 1, "pivot": [55, 31], "ref": "shoe3_s"}]}, {"name": "item", "keyframes": [{"loc": [53.5, 31], "index": 0, "tweened": false, "duration": 1, "pivot": [52, 31], "ref": "shoe3_i"}]}], "id": "~itm/shoe_03"}, {"layers": [{"name": "shadow", "keyframes": [{"loc": [49.5, 61], "index": 0, "tweened": false, "duration": 1, "pivot": [37, 49], "ref": "shoe4_s"}]}, {"name": "invisible", "keyframes": [{"loc": [12, 14.5], "index": 0, "tweened": false, "duration": 1, "pivot": [12, 14], "ref": "shoe4_inv"}]}, {"name": "item", "keyframes": [{"loc": [41.5, 54], "index": 0, "tweened": false, "duration": 1, "pivot": [31, 54], "ref": "shoe4_i"}]}], "id": "~itm/shoe_04"}, {"layers": [{"name": "shadow", "keyframes": [{"loc": [44, 40], "index": 0, "tweened": false, "duration": 1, "pivot": [44, 18], "ref": "stamp1_s"}]}, {"name": "item", "keyframes": [{"loc": [45, 25], "index": 0, "tweened": false, "duration": 1, "pivot": [40, 25], "ref": "stamp1_i"}]}], "id": "~itm/stamp_01"}, {"layers": [{"name": "shadow", "keyframes": [{"loc": [38, 38.5], "index": 0, "tweened": false, "duration": 1, "pivot": [38, 22], "ref": "stamp2_s"}]}, {"name": "item", "keyframes": [{"loc": [51, 28], "index": 0, "tweened": false, "duration": 1, "pivot": [44, 28], "ref": "stamp2_i"}]}], "id": "~itm/stamp_02"}, {"layers": [{"name": "shadow", "keyframes": [{"loc": [45, 45.5], "index": 0, "tweened": false, "duration": 1, "pivot": [45, 21], "ref": "stamp3_s"}]}, {"name": "item", "keyframes": [{"loc": [46.5, 31], "index": 0, "tweened": false, "duration": 1, "pivot": [42, 31], "ref": "stamp3_i"}]}], "id": "~itm/stamp_03"}, {"layers": [{"name": "shadow", "keyframes": [{"loc": [41, 43], "index": 0, "tweened": false, "duration": 1, "pivot": [41, 22], "ref": "stamp4_s"}]}, {"name": "item", "keyframes": [{"loc": [41, 28], "index": 0, "tweened": false, "duration": 1, "pivot": [38, 28], "ref": "stamp4_i"}]}], "id": "~itm/stamp_04"}, {"layers": [{"name": "shadow", "keyframes": [{"loc": [36, 29], "index": 0, "tweened": false, "duration": 1, "pivot": [36, 19], "ref": "stapler1_s"}]}, {"name": "item", "keyframes": [{"loc": [33, 22], "index": 0, "tweened": false, "duration": 1, "pivot": [31, 22], "ref": "stapler1_i"}]}], "id": "~itm/stapler_01"}, {"layers": [{"name": "shadow", "keyframes": [{"loc": [34, 36.5], "index": 0, "tweened": false, "duration": 1, "pivot": [34, 12], "ref": "stapler2_s"}]}, {"name": "item", "keyframes": [{"loc": [33.5, 20], "index": 0, "tweened": false, "duration": 1, "pivot": [32, 20], "ref": "stapler2_i"}]}], "id": "~itm/stapler_02"}, {"layers": [{"name": "shadow", "keyframes": [{"loc": [30, 28], "index": 0, "tweened": false, "duration": 1, "pivot": [30, 23], "ref": "stapler3_s"}]}, {"name": "item", "keyframes": [{"loc": [27, 24], "index": 0, "tweened": false, "duration": 1, "pivot": [26, 24], "ref": "stapler3_i"}]}], "id": "~itm/stapler_03"}, {"layers": [{"name": "shadow", "keyframes": [{"loc": [38, 32], "index": 0, "tweened": false, "duration": 1, "pivot": [38, 19], "ref": "stapler4_s"}]}, {"name": "item", "keyframes": [{"loc": [44.5, 23], "index": 0, "tweened": false, "duration": 1, "pivot": [37, 23], "ref": "stapler4_i"}]}], "id": "~itm/stapler_04"}, {"layers": [{"name": "item", "keyframes": [{"loc": [22, 25], "index": 0, "tweened": false, "duration": 1, "pivot": [22, 25], "ref": "sticker1_i"}]}], "id": "~itm/sticker_01"}, {"layers": [{"name": "shadow", "keyframes": [{"loc": [20.5, 29.5], "index": 0, "tweened": false, "duration": 1, "pivot": [20, 18], "ref": "sticker2_s"}]}, {"name": "item", "keyframes": [{"loc": [21, 26], "index": 0, "tweened": false, "duration": 1, "pivot": [21, 26], "ref": "sticker2_i"}]}], "id": "~itm/sticker_02"}, {"layers": [{"name": "shadow", "keyframes": [{"loc": [20, 24], "index": 0, "tweened": false, "duration": 1, "pivot": [19, 18], "ref": "sticker3_s"}]}, {"name": "item", "keyframes": [{"loc": [23, 20], "index": 0, "tweened": false, "duration": 1, "pivot": [23, 20], "ref": "sticker3_i"}]}], "id": "~itm/sticker_03"}, {"layers": [{"name": "shadow", "keyframes": [{"loc": [11, 44], "index": 0, "tweened": false, "duration": 1, "pivot": [11, 25], "ref": "sticker4_s"}]}, {"name": "item", "keyframes": [{"loc": [29, 34], "index": 0, "tweened": false, "duration": 1, "pivot": [27, 34], "ref": "sticker4_i"}]}], "id": "~itm/sticker_04"}, {"layers": [{"name": "shadow", "keyframes": [{"loc": [26, 16], "index": 0, "tweened": false, "duration": 1, "pivot": [26, 16], "ref": "watch1_s"}]}, {"name": "item", "keyframes": [{"loc": [28.5, 16], "index": 0, "tweened": false, "duration": 1, "pivot": [23, 14], "ref": "watch1_i"}]}], "id": "~itm/watch_01"}, {"layers": [{"name": "shadow", "keyframes": [{"loc": [33, 26], "index": 0, "tweened": false, "duration": 1, "pivot": [33, 26], "ref": "watch2_s"}]}, {"name": "item", "keyframes": [{"loc": [33, 24.5], "index": 0, "tweened": false, "duration": 1, "pivot": [30, 21], "ref": "watch2_i"}]}], "id": "~itm/watch_02"}, {"layers": [{"name": "invisible", "keyframes": [{"loc": [12, 15], "index": 0, "tweened": false, "duration": 1, "pivot": [12, 15], "ref": "watch3_inv"}]}, {"name": "item", "keyframes": [{"loc": [19, 30], "index": 0, "tweened": false, "duration": 1, "pivot": [19, 30], "ref": "watch3_i"}]}], "id": "~itm/watch_03"}, {"layers": [{"name": "shadow", "keyframes": [{"loc": [25.5, 19.5], "index": 0, "tweened": false, "duration": 1, "pivot": [25, 17], "ref": "watch4_s"}]}, {"name": "item", "keyframes": [{"loc": [25, 17], "index": 0, "tweened": false, "duration": 1, "pivot": [25, 17], "ref": "watch4_i"}]}], "id": "~itm/watch_04"}, {"layers": [{"name": "shadow", "keyframes": [{"loc": [69, 41], "index": 0, "tweened": false, "duration": 1, "pivot": [69, 41], "ref": "xray1_s"}]}, {"name": "invisible", "keyframes": [{"loc": [77, 95.5], "index": 0, "tweened": false, "duration": 1, "pivot": [69, 32], "ref": "xray1_inv"}]}, {"name": "item", "keyframes": [{"loc": [83.5, 41.5], "index": 0, "tweened": false, "duration": 1, "pivot": [75, 34], "ref": "xray1_i"}]}], "id": "~itm/xray_01"}, {"layers": [{"name": "shadow", "keyframes": [{"loc": [117, 50], "index": 0, "tweened": false, "duration": 1, "pivot": [117, 50], "ref": "xray2_s"}]}, {"name": "item", "keyframes": [{"loc": [122.5, 110], "index": 0, "tweened": false, "duration": 1, "pivot": [114, 101], "ref": "xray2_i"}]}], "id": "~itm/xray_02"}, {"layers": [{"name": "shadow", "keyframes": [{"loc": [149, 109], "index": 0, "tweened": false, "duration": 1, "pivot": [78, 109], "ref": "xray3_s"}]}, {"name": "item", "keyframes": [{"loc": [114, 103.5], "index": 0, "tweened": false, "duration": 1, "pivot": [114, 101], "ref": "xray3_i"}]}], "id": "~itm/xray_03"}, {"layers": [{"name": "invisible", "keyframes": [{"loc": [56, 76.5], "index": 0, "tweened": false, "duration": 1, "pivot": [56, 66], "ref": "xray4_inv"}]}, {"name": "item", "keyframes": [{"loc": [78, 70], "index": 0, "tweened": false, "duration": 1, "pivot": [68, 70], "ref": "xray4_i"}]}], "id": "~itm/xray_04"}], "md5": "5616344273a1cab6c86a71f25395e4a2", "textureGroups": [{"atlases": [{"textures": [{"origin": [0, 0], "symbol": "_bounds", "rect": [1, 1, 653, 491]}, {"origin": [0, 0], "symbol": "folder3_i", "rect": [656, 1, 258, 228]}, {"origin": [0, 0], "symbol": "bag1_i", "rect": [916, 1, 250, 228]}, {"origin": [0, 0], "symbol": "xray2_i", "rect": [1168, 1, 228, 202]}, {"origin": [0, 0], "symbol": "xray3_i", "rect": [1398, 1, 228, 202]}, {"origin": [0, 0], "symbol": "bin4_i", "rect": [1628, 1, 208, 216]}, {"origin": [0, 0], "symbol": "xray3_s", "rect": [1838, 1, 156, 218]}, {"origin": [0, 0], "symbol": "bag4_i", "rect": [1168, 205, 180, 188]}, {"origin": [0, 0], "symbol": "folder4_i", "rect": [1350, 205, 172, 174]}, {"origin": [0, 0], "symbol": "record2_s", "rect": [1524, 219, 194, 154]}, {"origin": [0, 0], "symbol": "record2_i", "rect": [1720, 221, 196, 148]}, {"origin": [0, 0], "symbol": "folder3_s", "rect": [1720, 371, 232, 122]}, {"origin": [0, 0], "symbol": "record3_s", "rect": [1524, 375, 178, 154]}, {"origin": [0, 0], "symbol": "record1_s", "rect": [1704, 495, 208, 128]}, {"origin": [0, 0], "symbol": "record1_i", "rect": [656, 231, 192, 136]}, {"origin": [0, 0], "symbol": "bin3_i", "rect": [1350, 381, 154, 162]}, {"origin": [0, 0], "symbol": "record3_i", "rect": [1506, 531, 166, 148]}, {"origin": [0, 0], "symbol": "record4_i", "rect": [1674, 625, 186, 126]}, {"origin": [0, 0], "symbol": "xray2_s", "rect": [850, 231, 234, 100]}, {"origin": [0, 0], "symbol": "bin2_i", "rect": [1862, 625, 148, 156]}, {"origin": [0, 0], "symbol": "firstaidkit1_i", "rect": [850, 333, 168, 136]}, {"origin": [0, 0], "symbol": "firstaidkit2_i", "rect": [656, 369, 154, 148]}, {"origin": [0, 0], "symbol": "flower4_i", "rect": [1020, 395, 152, 148]}, {"origin": [0, 0], "symbol": "bag2_i", "rect": [1174, 395, 144, 152]}, {"origin": [0, 0], "symbol": "bag3_i", "rect": [1320, 545, 116, 184]}, {"origin": [0, 0], "symbol": "frame2_s", "rect": [1438, 681, 142, 146]}, {"origin": [0, 0], "symbol": "bag2_s", "rect": [812, 471, 130, 154]}, {"origin": [0, 0], "symbol": "folder2_s", "rect": [944, 545, 138, 142]}, {"origin": [0, 0], "symbol": "flower1_i", "rect": [1084, 549, 148, 132]}, {"origin": [0, 0], "symbol": "xray4_i", "rect": [1084, 683, 136, 140]}, {"origin": [0, 0], "symbol": "firstaidkit2_s", "rect": [1222, 731, 158, 120]}, {"origin": [0, 0], "symbol": "bin4_s", "rect": [1582, 753, 164, 114]}, {"origin": [0, 0], "symbol": "bag1_s", "rect": [1918, 221, 128, 146]}, {"origin": [0, 0], "symbol": "firstaidkit4_i", "rect": [1382, 829, 138, 134]}, {"origin": [0, 0], "symbol": "flower3_i", "rect": [1748, 783, 140, 132]}, {"origin": [0, 0], "symbol": "folder2_i", "rect": [1890, 783, 142, 130]}, {"origin": [0, 0], "symbol": "medicalcap2_i", "rect": [1522, 869, 164, 110]}, {"origin": [0, 0], "symbol": "frame2_i", "rect": [1890, 915, 128, 140]}, {"origin": [0, 0], "symbol": "calendar4_s", "rect": [1688, 917, 162, 108]}, {"origin": [0, 0], "symbol": "bag3_s", "rect": [1, 494, 130, 134]}, {"origin": [0, 0], "symbol": "frame3_i", "rect": [133, 494, 138, 124]}, {"origin": [0, 0], "symbol": "bag4_s", "rect": [1914, 495, 132, 128]}, {"origin": [0, 0], "symbol": "flower2_i", "rect": [273, 494, 132, 124]}, {"origin": [0, 0], "symbol": "folder1_i", "rect": [407, 494, 118, 136]}, {"origin": [0, 0], "symbol": "atlas2_s", "rect": [133, 620, 142, 112]}, {"origin": [0, 0], "symbol": "firstaidkit1_s", "rect": [527, 519, 150, 104]}, {"origin": [0, 0], "symbol": "atlas2_i", "rect": [527, 625, 160, 94]}, {"origin": [0, 0], "symbol": "calendar3_i", "rect": [277, 620, 124, 120]}, {"origin": [0, 0], "symbol": "xray4_inv", "rect": [403, 632, 112, 132]}, {"origin": [0, 0], "symbol": "shoe2_i", "rect": [1, 630, 126, 116]}, {"origin": [0, 0], "symbol": "scissors1_s", "rect": [129, 734, 140, 104]}, {"origin": [0, 0], "symbol": "atlas4_s", "rect": [271, 742, 128, 108]}, {"origin": [0, 0], "symbol": "medicalcap2_s", "rect": [1, 840, 156, 88]}, {"origin": [0, 0], "symbol": "medicalcap3_i", "rect": [689, 627, 146, 92]}, {"origin": [0, 0], "symbol": "calendar4_i", "rect": [837, 689, 122, 110]}, {"origin": [0, 0], "symbol": "frame1_i", "rect": [517, 721, 122, 110]}, {"origin": [0, 0], "symbol": "bin3_s", "rect": [679, 519, 128, 104]}, {"origin": [0, 0], "symbol": "bin2_s", "rect": [159, 840, 108, 118]}, {"origin": [0, 0], "symbol": "medicalcap1_i", "rect": [1, 930, 130, 98]}, {"origin": [0, 0], "symbol": "medicalcap3_s", "rect": [641, 721, 144, 88]}, {"origin": [0, 0], "symbol": "calendar1_i", "rect": [961, 689, 118, 106]}, {"origin": [0, 0], "symbol": "firstaidkit4_s", "rect": [401, 766, 106, 118]}, {"origin": [0, 0], "symbol": "flower3_s", "rect": [269, 852, 130, 96]}, {"origin": [0, 0], "symbol": "atlas4_i", "rect": [961, 797, 120, 104]}, {"origin": [0, 0], "symbol": "shoe2_s", "rect": [1083, 825, 128, 92]}, {"origin": [0, 0], "symbol": "scissors3_s", "rect": [1213, 853, 146, 80]}, {"origin": [0, 0], "symbol": "xray1_s", "rect": [787, 801, 138, 82]}, {"origin": [0, 0], "symbol": "shoe1_i", "rect": [641, 811, 106, 106]}, {"origin": [0, 0], "symbol": "atlas2_inv", "rect": [509, 833, 114, 98]}, {"origin": [0, 0], "symbol": "calendar3_s", "rect": [749, 885, 142, 78]}, {"origin": [0, 0], "symbol": "frame3_s", "rect": [893, 903, 158, 70]}, {"origin": [0, 0], "symbol": "folder1_s", "rect": [1, 748, 122, 90]}, {"origin": [0, 0], "symbol": "cap2_i", "rect": [625, 919, 114, 96]}, {"origin": [0, 0], "symbol": "scissors3_i", "rect": [741, 965, 140, 78]}, {"origin": [0, 0], "symbol": "flower2_s", "rect": [1053, 919, 118, 92]}, {"origin": [0, 0], "symbol": "scissors1_i", "rect": [883, 975, 110, 98]}, {"origin": [0, 0], "symbol": "newspaper2_s", "rect": [1173, 935, 116, 92]}, {"origin": [0, 0], "symbol": "atlas3_i", "rect": [995, 1013, 116, 92]}, {"origin": [0, 0], "symbol": "newspaper2_i", "rect": [401, 886, 106, 100]}, {"origin": [0, 0], "symbol": "calendar1_s", "rect": [1291, 965, 142, 72]}, {"origin": [0, 0], "symbol": "xray1_i", "rect": [1113, 1029, 150, 68]}, {"origin": [0, 0], "symbol": "frame4_i", "rect": [1954, 369, 92, 110]}, {"origin": [0, 0], "symbol": "shoe1_s", "rect": [269, 950, 126, 80]}, {"origin": [0, 0], "symbol": "glove4_i", "rect": [133, 960, 120, 84]}, {"origin": [0, 0], "symbol": "cap2_s", "rect": [1, 1030, 126, 78]}, {"origin": [0, 0], "symbol": "newspaper4_i", "rect": [509, 933, 98, 100]}, {"origin": [0, 0], "symbol": "scissors4_inv", "rect": [255, 1032, 148, 66]}, {"origin": [0, 0], "symbol": "frame1_s", "rect": [1435, 981, 148, 64]}, {"origin": [0, 0], "symbol": "cap1_i", "rect": [1585, 981, 100, 94]}, {"origin": [0, 0], "symbol": "bin1_i", "rect": [405, 988, 90, 104]}, {"origin": [0, 0], "symbol": "atlas1_i", "rect": [129, 1046, 114, 80]}, {"origin": [0, 0], "symbol": "newspaper1_s", "rect": [1, 1110, 94, 96]}, {"origin": [0, 0], "symbol": "calendar2_i", "rect": [609, 1017, 102, 88]}, {"origin": [0, 0], "symbol": "xray1_inv", "rect": [713, 1045, 138, 64]}, {"origin": [0, 0], "symbol": "mask3_s", "rect": [853, 1075, 126, 70]}, {"origin": [0, 0], "symbol": "flower1_s", "rect": [1265, 1039, 122, 72]}, {"origin": [0, 0], "symbol": "envelope3_i", "rect": [1113, 1099, 118, 74]}, {"origin": [0, 0], "symbol": "glasses4_i", "rect": [981, 1107, 124, 70]}, {"origin": [0, 0], "symbol": "medicalcap4_s", "rect": [497, 1035, 108, 80]}, {"origin": [0, 0], "symbol": "newspaper4_inv", "rect": [607, 1107, 100, 86]}, {"origin": [0, 0], "symbol": "atlas1_s", "rect": [709, 1111, 130, 66]}, {"origin": [0, 0], "symbol": "newspaper4_s", "rect": [841, 1147, 106, 80]}, {"origin": [0, 0], "symbol": "mask2_i", "rect": [709, 1179, 126, 66]}, {"origin": [0, 0], "symbol": "atlas3_s", "rect": [1389, 1047, 134, 62]}, {"origin": [0, 0], "symbol": "envelope1_i", "rect": [1687, 1027, 94, 88]}, {"origin": [0, 0], "symbol": "mask4_s", "rect": [1525, 1077, 128, 64]}, {"origin": [0, 0], "symbol": "medicalcap4_i", "rect": [1389, 1111, 110, 74]}, {"origin": [0, 0], "symbol": "mask2_s", "rect": [1233, 1113, 126, 64]}, {"origin": [0, 0], "symbol": "mask3_i", "rect": [1107, 1175, 122, 66]}, {"origin": [0, 0], "symbol": "glasses4_s", "rect": [949, 1179, 122, 66]}, {"origin": [0, 0], "symbol": "newspaper1_i", "rect": [1086, 231, 80, 100]}, {"origin": [0, 0], "symbol": "mask4_i", "rect": [1231, 1179, 128, 62]}, {"origin": [0, 0], "symbol": "firstaidkit3_inv", "rect": [837, 1229, 94, 84]}, {"origin": [0, 0], "symbol": "cap3_i", "rect": [1783, 1027, 96, 82]}, {"origin": [0, 0], "symbol": "calendar2_s", "rect": [1881, 1057, 126, 62]}, {"origin": [0, 0], "symbol": "badge2_s", "rect": [1783, 1111, 94, 82]}, {"origin": [0, 0], "symbol": "glove4_s", "rect": [1655, 1117, 124, 62]}, {"origin": [0, 0], "symbol": "cap4_i", "rect": [1501, 1143, 100, 76]}, {"origin": [0, 0], "symbol": "badge2_i", "rect": [405, 1094, 90, 84]}, {"origin": [0, 0], "symbol": "cap3_s", "rect": [1361, 1187, 114, 66]}, {"origin": [0, 0], "symbol": "cap4_s", "rect": [245, 1100, 110, 68]}, {"origin": [0, 0], "symbol": "glove1_i", "rect": [1020, 333, 124, 60]}, {"origin": [0, 0], "symbol": "glove1_inv", "rect": [97, 1128, 124, 60]}, {"origin": [0, 0], "symbol": "flower4_s", "rect": [497, 1117, 104, 70]}, {"origin": [0, 0], "symbol": "phone3_s", "rect": [1603, 1181, 98, 74]}, {"origin": [0, 0], "symbol": "shoe4_s", "rect": [1234, 549, 74, 98]}, {"origin": [0, 0], "symbol": "newspaper3_inv", "rect": [1477, 1221, 94, 76]}, {"origin": [0, 0], "symbol": "frame4_s", "rect": [1438, 545, 56, 124]}, {"origin": [0, 0], "symbol": "shoe3_s", "rect": [1879, 1121, 110, 62]}, {"origin": [0, 0], "symbol": "scissors2_s", "rect": [1879, 1185, 126, 54]}, {"origin": [0, 0], "symbol": "envelope3_inv", "rect": [1703, 1195, 100, 68]}, {"origin": [0, 0], "symbol": "shoe4_i", "rect": [1805, 1195, 62, 108]}, {"origin": [0, 0], "symbol": "badge4_s", "rect": [1573, 1257, 90, 74]}, {"origin": [0, 0], "symbol": "phone3_i", "rect": [1665, 1265, 92, 72]}, {"origin": [0, 0], "symbol": "badge1_i", "rect": [1869, 1241, 56, 118]}, {"origin": [0, 0], "symbol": "envelope2_i", "rect": [1759, 1305, 96, 68]}, {"origin": [0, 0], "symbol": "shoe3_i", "rect": [1927, 1241, 104, 62]}, {"origin": [0, 0], "symbol": "caduceus1_i", "rect": [1927, 1305, 86, 74]}, {"origin": [0, 0], "symbol": "badge3_s", "rect": [1857, 1361, 52, 122]}, {"origin": [0, 0], "symbol": "badge4_i", "rect": [1582, 681, 90, 70]}, {"origin": [0, 0], "symbol": "pencil2_s", "rect": [1911, 1381, 70, 90]}, {"origin": [0, 0], "symbol": "mask1_i", "rect": [1911, 1473, 136, 46]}, {"origin": [0, 0], "symbol": "envelope2_s", "rect": [223, 1170, 92, 68]}, {"origin": [0, 0], "symbol": "badge3_i", "rect": [1996, 1, 44, 138]}, {"origin": [0, 0], "symbol": "newspaper3_s", "rect": [97, 1190, 116, 52]}, {"origin": [0, 0], "symbol": "glasses3_s", "rect": [837, 627, 104, 58]}, {"origin": [0, 0], "symbol": "envelope4_s", "rect": [317, 1180, 100, 60]}, {"origin": [0, 0], "symbol": "newspaper3_i", "rect": [1, 1208, 88, 68]}, {"origin": [0, 0], "symbol": "envelope4_i", "rect": [215, 1240, 88, 68]}, {"origin": [0, 0], "symbol": "pencil2_i", "rect": [419, 1180, 66, 90]}, {"origin": [0, 0], "symbol": "firstaidkit2_inv", "rect": [305, 1242, 72, 82]}, {"origin": [0, 0], "symbol": "glasses2_s", "rect": [91, 1244, 98, 60]}, {"origin": [0, 0], "symbol": "folder1_inv", "rect": [1, 1278, 60, 98]}, {"origin": [0, 0], "symbol": "scissors4_i", "rect": [63, 1306, 120, 48]}, {"origin": [0, 0], "symbol": "atlas4_inv", "rect": [185, 1310, 92, 62]}, {"origin": [0, 0], "symbol": "envelope3_s", "rect": [63, 1356, 118, 48]}, {"origin": [0, 0], "symbol": "scissors2_i", "rect": [487, 1189, 118, 48]}, {"origin": [0, 0], "symbol": "mask1_s", "rect": [487, 1239, 134, 42]}, {"origin": [0, 0], "symbol": "record1_inv", "rect": [379, 1272, 90, 62]}, {"origin": [0, 0], "symbol": "folder4_s", "rect": [1983, 1381, 62, 90]}, {"origin": [0, 0], "symbol": "atlas1_inv", "rect": [279, 1326, 96, 58]}, {"origin": [0, 0], "symbol": "scissors4_s", "rect": [623, 1247, 120, 46]}, {"origin": [0, 0], "symbol": "glove2_s", "rect": [183, 1374, 64, 86]}, {"origin": [0, 0], "symbol": "glove2_i", "rect": [745, 1247, 66, 82]}, {"origin": [0, 0], "symbol": "glove3_i", "rect": [471, 1283, 100, 54]}, {"origin": [0, 0], "symbol": "phone1_i", "rect": [377, 1336, 90, 60]}, {"origin": [0, 0], "symbol": "pencil4_s", "rect": [249, 1386, 102, 52]}, {"origin": [0, 0], "symbol": "badge1_s", "rect": [1, 1378, 60, 88]}, {"origin": [0, 0], "symbol": "stamp3_i", "rect": [1234, 649, 84, 62]}, {"origin": [0, 0], "symbol": "glasses2_i", "rect": [63, 1406, 96, 54]}, {"origin": [0, 0], "symbol": "glasses3_i", "rect": [573, 1295, 96, 54]}, {"origin": [0, 0], "symbol": "glove3_inv", "rect": [469, 1339, 90, 56]}, {"origin": [0, 0], "symbol": "bag3_inv", "rect": [671, 1295, 66, 76]}, {"origin": [0, 0], "symbol": "stamp2_i", "rect": [561, 1351, 88, 56]}, {"origin": [0, 0], "symbol": "envelope1_s", "rect": [353, 1398, 102, 48]}, {"origin": [0, 0], "symbol": "memonotes3_s", "rect": [944, 471, 72, 68]}, {"origin": [0, 0], "symbol": "pencil3_s", "rect": [1073, 1243, 106, 46]}, {"origin": [0, 0], "symbol": "glove1_s", "rect": [933, 1247, 106, 46]}, {"origin": [0, 0], "symbol": "firstaidkit3_i", "rect": [469, 1397, 88, 54]}, {"origin": [0, 0], "symbol": "cap1_s", "rect": [249, 1448, 128, 36]}, {"origin": [0, 0], "symbol": "pencil4_i", "rect": [63, 1462, 98, 46]}, {"origin": [0, 0], "symbol": "bin3_inv", "rect": [1181, 1243, 102, 44]}, {"origin": [0, 0], "symbol": "glove3_s", "rect": [1285, 1255, 102, 44]}, {"origin": [0, 0], "symbol": "medicalcap1_s", "rect": [1, 1468, 60, 74]}, {"origin": [0, 0], "symbol": "medicalcap1_inv", "rect": [1181, 1289, 96, 46]}, {"origin": [0, 0], "symbol": "pencil3_i", "rect": [1041, 1291, 102, 42]}, {"origin": [0, 0], "symbol": "memonotes2_s", "rect": [163, 1462, 76, 56]}, {"origin": [0, 0], "symbol": "cookie4_s", "rect": [63, 1510, 76, 56]}, {"origin": [0, 0], "symbol": "stamp4_i", "rect": [379, 1448, 76, 56]}, {"origin": [0, 0], "symbol": "medicalcap4_inv", "rect": [241, 1486, 88, 48]}, {"origin": [0, 0], "symbol": "pencil1_s", "rect": [141, 1520, 80, 52]}, {"origin": [0, 0], "symbol": "stamp1_i", "rect": [623, 1195, 80, 50]}, {"origin": [0, 0], "symbol": "caduceus4_i", "rect": [1, 1568, 70, 56]}, {"origin": [0, 0], "symbol": "stamp3_s", "rect": [933, 1295, 90, 42]}, {"origin": [0, 0], "symbol": "record4_s", "rect": [813, 1315, 90, 42]}, {"origin": [0, 0], "symbol": "firstaidkit3_s", "rect": [1025, 1335, 94, 40]}, {"origin": [0, 0], "symbol": "sticker4_i", "rect": [1382, 731, 54, 68]}, {"origin": [0, 0], "symbol": "stamp4_s", "rect": [1389, 1255, 82, 44]}, {"origin": [0, 0], "symbol": "cookie1_s", "rect": [73, 1568, 66, 54]}, {"origin": [0, 0], "symbol": "bin4_inv", "rect": [1473, 1299, 84, 42]}, {"origin": [0, 0], "symbol": "caduceus3_i", "rect": [331, 1486, 44, 80]}, {"origin": [0, 0], "symbol": "caduceus2_i", "rect": [1121, 1335, 44, 80]}, {"origin": [0, 0], "symbol": "memonotes3_i", "rect": [739, 1331, 60, 58]}, {"origin": [0, 0], "symbol": "memonotes4_s", "rect": [223, 1536, 54, 64]}, {"origin": [0, 0], "symbol": "watch2_s", "rect": [141, 1574, 66, 52]}, {"origin": [0, 0], "symbol": "stapler4_i", "rect": [1, 1626, 74, 46]}, {"origin": [0, 0], "symbol": "crumpledpaper1_s", "rect": [651, 1373, 68, 50]}, {"origin": [0, 0], "symbol": "envelope4_inv", "rect": [77, 1624, 60, 56]}, {"origin": [0, 0], "symbol": "stamp2_s", "rect": [559, 1409, 76, 44]}, {"origin": [0, 0], "symbol": "pencil1_i", "rect": [457, 1453, 76, 44]}, {"origin": [0, 0], "symbol": "memonotes2_i", "rect": [1, 1674, 64, 52]}, {"origin": [0, 0], "symbol": "cookie3_s", "rect": [1559, 1333, 68, 48]}, {"origin": [0, 0], "symbol": "memonotes4_i", "rect": [905, 1339, 58, 56]}, {"origin": [0, 0], "symbol": "cookie4_i", "rect": [801, 1359, 64, 50]}, {"origin": [0, 0], "symbol": "stamp1_s", "rect": [1629, 1339, 88, 36]}, {"origin": [0, 0], "symbol": "glasses1_i", "rect": [1719, 1375, 104, 30]}, {"origin": [0, 0], "symbol": "crumpledpaper4_i", "rect": [1991, 1121, 52, 60]}, {"origin": [0, 0], "symbol": "bin1_s", "rect": [1629, 1377, 82, 38]}, {"origin": [0, 0], "symbol": "glasses1_s", "rect": [1748, 753, 106, 28]}, {"origin": [0, 0], "symbol": "stapler4_s", "rect": [721, 1391, 76, 38]}, {"origin": [0, 0], "symbol": "phone4_s", "rect": [637, 1425, 72, 40]}, {"origin": [0, 0], "symbol": "memonotes1_i", "rect": [965, 1339, 56, 50]}, {"origin": [0, 0], "symbol": "stapler3_s", "rect": [535, 1455, 60, 46]}, {"origin": [0, 0], "symbol": "stapler1_s", "rect": [457, 1499, 72, 38]}, {"origin": [0, 0], "symbol": "stapler1_i", "rect": [377, 1506, 62, 44]}, {"origin": [0, 0], "symbol": "crumpledpaper1_i", "rect": [1996, 141, 50, 54]}, {"origin": [0, 0], "symbol": "cookie1_i", "rect": [1023, 1377, 64, 42]}, {"origin": [0, 0], "symbol": "folder2_inv", "rect": [1713, 1407, 66, 40]}, {"origin": [0, 0], "symbol": "cookie3_i", "rect": [1781, 1407, 62, 42]}, {"origin": [0, 0], "symbol": "envelope2_inv", "rect": [1688, 869, 56, 46]}, {"origin": [0, 0], "symbol": "stapler2_i", "rect": [867, 1397, 64, 40]}, {"origin": [0, 0], "symbol": "watch2_i", "rect": [799, 1411, 60, 42]}, {"origin": [0, 0], "symbol": "stapler3_i", "rect": [965, 1391, 52, 48]}, {"origin": [0, 0], "symbol": "phone4_i", "rect": [711, 1431, 68, 36]}, {"origin": [0, 0], "symbol": "memonotes1_s", "rect": [861, 1439, 64, 38]}, {"origin": [0, 0], "symbol": "phone1_s", "rect": [787, 721, 48, 50]}, {"origin": [0, 0], "symbol": "crumpledpaper4_s", "rect": [781, 1455, 74, 32]}, {"origin": [0, 0], "symbol": "watch3_i", "rect": [2009, 1057, 38, 60]}, {"origin": [0, 0], "symbol": "sticker1_i", "rect": [357, 1100, 44, 50]}, {"origin": [0, 0], "symbol": "sticker2_i", "rect": [279, 1536, 42, 52]}, {"origin": [0, 0], "symbol": "cookie2_s", "rect": [597, 1467, 60, 36]}, {"origin": [0, 0], "symbol": "phone2_s", "rect": [531, 1503, 60, 36]}, {"origin": [0, 0], "symbol": "crumpledpaper3_s", "rect": [1522, 829, 56, 38]}, {"origin": [0, 0], "symbol": "cookie2_i", "rect": [441, 1539, 58, 34]}, {"origin": [0, 0], "symbol": "crumpledpaper3_i", "rect": [659, 1467, 44, 44]}, {"origin": [0, 0], "symbol": "sticker3_i", "rect": [377, 1552, 46, 40]}, {"origin": [0, 0], "symbol": "phone2_i", "rect": [995, 975, 54, 34]}, {"origin": [0, 0], "symbol": "watch4_s", "rect": [1603, 1143, 50, 34]}, {"origin": [0, 0], "symbol": "crumpledpaper2_s", "rect": [323, 1568, 50, 34]}, {"origin": [0, 0], "symbol": "watch4_i", "rect": [593, 1505, 50, 34]}, {"origin": [0, 0], "symbol": "watch1_s", "rect": [705, 1469, 52, 32]}, {"origin": [0, 0], "symbol": "stapler2_s", "rect": [1291, 935, 68, 24]}, {"origin": [0, 0], "symbol": "record4_inv", "rect": [209, 1602, 46, 34]}, {"origin": [0, 0], "symbol": "sticker2_s", "rect": [1759, 1265, 40, 36]}, {"origin": [0, 0], "symbol": "sticker3_s", "rect": [2007, 1183, 38, 36]}, {"origin": [0, 0], "symbol": "crumpledpaper2_i", "rect": [749, 811, 36, 38]}, {"origin": [0, 0], "symbol": "watch1_i", "rect": [1525, 1047, 46, 28]}, {"origin": [0, 0], "symbol": "sticker4_s", "rect": [191, 1244, 22, 50]}, {"origin": [0, 0], "symbol": "envelope1_inv", "rect": [1655, 1077, 30, 34]}, {"origin": [0, 0], "symbol": "pencil2_inv", "rect": [1041, 1247, 26, 36]}, {"origin": [0, 0], "symbol": "bin1_inv", "rect": [161, 1406, 18, 50]}, {"origin": [0, 0], "symbol": "newspaper1_inv", "rect": [867, 1359, 24, 36]}, {"origin": [0, 0], "symbol": "watch3_inv", "rect": [949, 1147, 24, 30]}, {"origin": [0, 0], "symbol": "shoe4_inv", "rect": [133, 930, 24, 28]}, {"origin": [0, 0], "symbol": "mask3_inv", "rect": [573, 1283, 42, 10]}, {"origin": [0, 0], "symbol": "scissors2_inv", "rect": [597, 1455, 36, 10]}, {"origin": [0, 0], "symbol": "badge1_inv", "rect": [893, 1359, 10, 36]}, {"origin": [0, 0], "symbol": "badge3_inv", "rect": [1869, 1195, 8, 42]}, {"origin": [0, 0], "symbol": "mask1_inv", "rect": [141, 1510, 18, 8]}], "file": "atlas0.atf"}], "scaleFactor": 1}], "isNamespaced": false}