<?xml version="1.0" encoding="UTF-8"?>
<!-- Created with TexturePacker http://www.codeandweb.com/texturepacker-->
<!-- $TexturePacker:SmartUpdate:4a4499a284330c6e59c490eb957dd351:faf9ef9632f4cca838cdcc40bcc7efc1:b0270681d1bcf35d65fbbab6eeddf13f$ -->
<TextureAtlas imagePath="out.png" width="944" height="728">
    <SubTexture name="2" x="0" y="0" width="10" height="8"/>
    <SubTexture name="4" x="14" y="0" width="16" height="16"/>
    <SubTexture name="5" x="34" y="0" width="62" height="40"/>
    <SubTexture name="6" x="100" y="0" width="62" height="40"/>
    <SubTexture name="7" x="166" y="0" width="62" height="40"/>
    <SubTexture name="0" x="232" y="0" width="144" height="144"/>
    <SubTexture name="3" x="380" y="0" width="412" height="8"/>
    <SubTexture name="1" x="0" y="148" width="940" height="580"/>
</TextureAtlas>
