{"textureFormat": "atf", "frameRate": 24, "movies": [{"layers": [{"name": "origin", "keyframes": [{"loc": [651.5, 461.25], "index": 0, "tweened": false, "duration": 1, "pivot": [651.5, 461.25], "ref": "~bg/original"}]}], "id": "Room_Interiere"}, {"layers": [{"name": "[bounds]", "keyframes": [{"loc": [639.014, 383.2945], "scale": [1.9617, 1.5641], "index": 0, "tweened": false, "alpha": 0, "duration": 1, "pivot": [325.75, 245.05], "ref": "_bounds"}]}, {"name": "item:aquarium_01", "keyframes": [{"loc": [779.5, 384.25], "index": 0, "tweened": false, "duration": 1, "pivot": [28, 29.25], "ref": "~itm/aquarium_01"}]}, {"name": "item:aquarium_03", "keyframes": [{"loc": [258.5, 437], "index": 0, "tweened": false, "duration": 1, "pivot": [48, 46.5], "ref": "~itm/aquarium_03"}]}, {"name": "item:atlas_01", "keyframes": [{"loc": [693.25, 265.5], "index": 0, "tweened": false, "duration": 1, "pivot": [22.75, 28], "ref": "~itm/atlas_01"}]}, {"name": "item:atlas_03", "keyframes": [{"loc": [760, 209.5], "index": 0, "tweened": false, "duration": 1, "pivot": [31, 27], "ref": "~itm/atlas_03"}]}, {"name": "item:atlas_04", "keyframes": [{"loc": [341, 402], "index": 0, "tweened": false, "duration": 1, "pivot": [56, 56], "ref": "~itm/atlas_04"}]}, {"name": "item:bandage_01", "keyframes": [{"loc": [31, 709.75], "index": 0, "tweened": false, "duration": 1, "pivot": [46, 38.25], "ref": "~itm/bandage_01"}]}, {"name": "item:bandage_02", "keyframes": [{"loc": [389.75, 497], "index": 0, "tweened": false, "duration": 1, "pivot": [40.25, 29], "ref": "~itm/bandage_02"}]}, {"name": "item:bandage_03", "keyframes": [{"loc": [35.75, 569], "index": 0, "tweened": false, "duration": 1, "pivot": [44.25, 35], "ref": "~itm/bandage_03"}]}, {"name": "item:bandage_04", "keyframes": [{"loc": [1160.5, 655], "index": 0, "tweened": false, "duration": 1, "pivot": [39, 34.5], "ref": "~itm/bandage_04"}]}, {"name": "item:calendar_01", "keyframes": [{"loc": [993.5, 246.75], "index": 0, "tweened": false, "duration": 1, "pivot": [26, 50.25], "ref": "~itm/calendar_01"}]}, {"name": "item:calendar_02", "keyframes": [{"loc": [598, 405], "index": 0, "tweened": false, "duration": 1, "pivot": [33, 48], "ref": "~itm/calendar_02"}]}, {"name": "item:calendar_03", "keyframes": [{"loc": [276, 255.5], "index": 0, "tweened": false, "duration": 1, "pivot": [44, 58], "ref": "~itm/calendar_03"}]}, {"name": "item:calendar_04", "keyframes": [{"loc": [16, 291.75], "index": 0, "tweened": false, "duration": 1, "pivot": [40, 60.25], "ref": "~itm/calendar_04"}]}, {"name": "item:aquarium_02", "keyframes": [{"loc": [607, 482.75], "index": 0, "tweened": false, "duration": 1, "pivot": [50, 53.75], "ref": "~itm/aquarium_02"}]}, {"name": "item:clock_01", "keyframes": [{"loc": [826.5, 146.25], "index": 0, "tweened": false, "duration": 1, "pivot": [16.5, 22.75], "ref": "~itm/clock_01"}]}, {"name": "item:clock_02", "keyframes": [{"loc": [637.75, 146.75], "index": 0, "tweened": false, "duration": 1, "pivot": [16.75, 22.75], "ref": "~itm/clock_02"}]}, {"name": "item:clock_03", "keyframes": [{"loc": [146, 443.5], "index": 0, "tweened": false, "duration": 1, "pivot": [32, 41.5], "ref": "~itm/clock_03"}]}, {"name": "item:clock_04", "keyframes": [{"loc": [867, 398], "index": 0, "tweened": false, "duration": 1, "pivot": [15, 28], "ref": "~itm/clock_04"}]}, {"name": "item:coffeepot_02", "keyframes": [{"loc": [61, 727.5], "index": 0, "tweened": false, "duration": 1, "pivot": [52, 45], "ref": "~itm/coffeepot_02"}]}, {"name": "item:coffeepot_03", "keyframes": [{"loc": [917.25, 274.25], "index": 0, "tweened": false, "duration": 1, "pivot": [24.75, 26.25], "ref": "~itm/coffeepot_03"}]}, {"name": "item:coffeepot_04", "keyframes": [{"loc": [665.75, 323.75], "index": 0, "tweened": false, "duration": 1, "pivot": [24.75, 26.25], "ref": "~itm/coffeepot_04"}]}, {"name": "item:crumpledpaper_01", "keyframes": [{"loc": [929, 612], "index": 0, "tweened": false, "duration": 1, "pivot": [23, 21], "ref": "~itm/crumpledpaper_01"}]}, {"name": "item:crumpledpaper_03", "keyframes": [{"loc": [496, 681.225], "index": 0, "tweened": false, "duration": 1, "pivot": [25, 22.25], "ref": "~itm/crumpledpaper_03"}]}, {"name": "item:crumpledpaper_04", "keyframes": [{"loc": [179, 667.5], "index": 0, "tweened": false, "duration": 1, "pivot": [24, 20], "ref": "~itm/crumpledpaper_04"}]}, {"name": "item:envelope_01", "keyframes": [{"loc": [648, 218], "index": 0, "tweened": false, "duration": 1, "pivot": [27, 15.5], "ref": "~itm/envelope_01"}]}, {"name": "item:envelope_02", "keyframes": [{"loc": [957.5, 570], "index": 0, "tweened": false, "duration": 1, "pivot": [12, 32], "ref": "~itm/envelope_02"}]}, {"name": "item:envelope_03", "keyframes": [{"loc": [469, 602], "index": 0, "tweened": false, "duration": 1, "pivot": [21, 43], "ref": "~itm/envelope_03"}]}, {"name": "item:envelope_04", "keyframes": [{"loc": [489.75, 178.25], "index": 0, "tweened": false, "duration": 1, "pivot": [16.25, 27.25], "ref": "~itm/envelope_04"}]}, {"name": "item:firstaidkit_02", "keyframes": [{"loc": [332, 629.75], "index": 0, "tweened": false, "duration": 1, "pivot": [49, 31.75], "ref": "~itm/firstaidkit_02"}]}, {"name": "item:glove_01", "keyframes": [{"loc": [333, 665], "index": 0, "tweened": false, "duration": 1, "pivot": [27, 45], "ref": "~itm/glove_01"}]}, {"name": "item:glove_02", "keyframes": [{"loc": [1249.5, 538.5], "index": 0, "tweened": false, "duration": 1, "pivot": [28, 42], "ref": "~itm/glove_02"}]}, {"name": "item:glove_03", "keyframes": [{"loc": [797.5, 448.75], "index": 0, "tweened": false, "duration": 1, "pivot": [14, 24.75], "ref": "~itm/glove_03"}]}, {"name": "item:glove_04", "keyframes": [{"loc": [800, 660.75], "index": 0, "tweened": false, "duration": 1, "pivot": [35, 54.25], "ref": "~itm/glove_04"}]}, {"name": "item:medicalsticker_01", "keyframes": [{"loc": [24.5, 77.5], "index": 0, "tweened": false, "duration": 1, "pivot": [22, 33], "ref": "~itm/medicalsticker_01"}]}, {"name": "item:medicalsticker_02", "keyframes": [{"loc": [469.5, 403.5], "index": 0, "tweened": false, "duration": 1, "pivot": [18, 27], "ref": "~itm/medicalsticker_02"}]}, {"name": "item:medicalsticker_03", "keyframes": [{"loc": [537.5, 199.5], "index": 0, "tweened": false, "duration": 1, "pivot": [17, 31], "ref": "~itm/medicalsticker_03"}]}, {"name": "item:medicalsticker_04", "keyframes": [{"loc": [992, 339.5], "index": 0, "tweened": false, "duration": 1, "pivot": [21, 33], "ref": "~itm/medicalsticker_04"}]}, {"name": "item:model_01", "keyframes": [{"loc": [521.5, 607], "index": 0, "tweened": false, "duration": 1, "pivot": [51, 57.5], "ref": "~itm/model_01"}]}, {"name": "item:model_02", "keyframes": [{"loc": [1274.5, 438], "index": 0, "tweened": false, "duration": 1, "pivot": [57, 65], "ref": "~itm/model_02"}]}, {"name": "item:model_04", "keyframes": [{"loc": [849.5, 530.5], "index": 0, "tweened": false, "duration": 1, "pivot": [40, 57], "ref": "~itm/model_04"}]}, {"name": "item:mug_01", "keyframes": [{"loc": [837.5, 405.25], "index": 0, "tweened": false, "duration": 1, "pivot": [24, 17.75], "ref": "~itm/mug_01"}]}, {"name": "item:mug_02", "keyframes": [{"loc": [550, 441], "index": 0, "tweened": false, "duration": 1, "pivot": [24, 21.5], "ref": "~itm/mug_02"}]}, {"name": "item:mug_03", "keyframes": [{"loc": [873.5, 260.75], "index": 0, "tweened": false, "duration": 1, "pivot": [20.5, 16.75], "ref": "~itm/mug_03"}]}, {"name": "item:mug_04", "keyframes": [{"loc": [607.75, 216], "index": 0, "tweened": false, "duration": 1, "pivot": [18.75, 17], "ref": "~itm/mug_04"}]}, {"name": "item:nosmokingsign_01", "keyframes": [{"loc": [534, 130], "index": 0, "tweened": false, "duration": 1, "pivot": [15, 19], "ref": "~itm/nosmokingsign_01"}]}, {"name": "item:nosmokingsign_02", "keyframes": [{"loc": [313.5, 24.5], "index": 0, "tweened": false, "duration": 1, "pivot": [20, 20], "ref": "~itm/nosmokingsign_02"}]}, {"name": "item:nosmokingsign_03", "keyframes": [{"loc": [28, 183], "index": 0, "tweened": false, "duration": 1, "pivot": [26, 25], "ref": "~itm/nosmokingsign_03"}]}, {"name": "item:nosmokingsign_04", "keyframes": [{"loc": [924, 60], "index": 0, "tweened": false, "duration": 1, "pivot": [19, 19], "ref": "~itm/nosmokingsign_04"}]}, {"name": "item:photo_01", "keyframes": [{"loc": [838.5, 202.5], "index": 0, "tweened": false, "duration": 1, "pivot": [37, 30], "ref": "~itm/photo_01"}]}, {"name": "item:photo_02", "keyframes": [{"loc": [637, 266], "index": 0, "tweened": false, "duration": 1, "pivot": [34, 28], "ref": "~itm/photo_02"}]}, {"name": "item:photo_03", "keyframes": [{"loc": [477.25, 334], "index": 0, "tweened": false, "duration": 1, "pivot": [38.75, 38], "ref": "~itm/photo_03"}]}, {"name": "item:photo_04", "keyframes": [{"loc": [939.5, 403.5], "index": 0, "tweened": false, "duration": 1, "pivot": [51, 41], "ref": "~itm/photo_04"}]}, {"name": "item:newspaper_01", "keyframes": [{"loc": [937.5, 498], "index": 0, "tweened": false, "duration": 1, "pivot": [44, 16.5], "ref": "~itm/newspaper_01"}]}, {"name": "item:newspaper_02", "keyframes": [{"loc": [1013, 445.5], "index": 0, "tweened": false, "duration": 1, "pivot": [55, 18.5], "ref": "~itm/newspaper_02"}]}, {"name": "item:newspaper_03", "keyframes": [{"loc": [379.5, 557], "index": 0, "tweened": false, "duration": 1, "pivot": [53, 30], "ref": "~itm/newspaper_03"}]}, {"name": "item:newspaper_04", "keyframes": [{"loc": [192, 606], "index": 0, "tweened": false, "duration": 1, "pivot": [58.5, 35.5], "ref": "~itm/newspaper_04"}]}, {"name": "item:atlas_02", "keyframes": [{"loc": [1027.5, 402], "index": 0, "tweened": false, "duration": 1, "pivot": [38, 44.5], "ref": "~itm/atlas_02"}]}, {"name": "item:firstaidkit_01", "keyframes": [{"loc": [330.5, 755.25], "index": 0, "tweened": false, "duration": 1, "pivot": [56, 36.25], "ref": "~itm/firstaidkit_01"}]}, {"name": "item:firstaidkit_03", "keyframes": [{"loc": [926.75, 673.25], "index": 0, "tweened": false, "duration": 1, "pivot": [42.75, 35.25], "ref": "~itm/firstaidkit_03"}]}, {"name": "item:firstaidkit_04", "keyframes": [{"loc": [113, 622.75], "index": 0, "tweened": false, "duration": 1, "pivot": [47, 33.75], "ref": "~itm/firstaidkit_04"}]}, {"name": "item:phone_01", "keyframes": [{"loc": [926, 418], "index": 0, "tweened": false, "duration": 1, "pivot": [26, 33.5], "ref": "~itm/phone_01"}]}, {"name": "item:phone_02", "keyframes": [{"loc": [23, 474.25], "index": 0, "tweened": false, "duration": 1, "pivot": [27, 43.25], "ref": "~itm/phone_02"}]}, {"name": "item:phone_03", "keyframes": [{"loc": [962.5, 618.75], "index": 0, "tweened": false, "duration": 1, "pivot": [28, 41.75], "ref": "~itm/phone_03"}]}, {"name": "item:phone_04", "keyframes": [{"loc": [493.5, 457.5], "index": 0, "tweened": false, "duration": 1, "pivot": [31, 46.5], "ref": "~itm/phone_04"}]}, {"name": "item:pinbrush_01", "keyframes": [{"loc": [579.5, 518.75], "index": 0, "tweened": false, "duration": 1, "pivot": [38, 19.75], "ref": "~itm/pinbrush_01"}]}, {"name": "item:pinbrush_02", "keyframes": [{"loc": [332.75, 453.75], "index": 0, "tweened": false, "duration": 1, "pivot": [33.25, 15.75], "ref": "~itm/pinbrush_02"}]}, {"name": "item:pinbrush_03", "keyframes": [{"loc": [514.25, 722], "index": 0, "tweened": false, "duration": 1, "pivot": [38.25, 26], "ref": "~itm/pinbrush_03"}]}, {"name": "item:pinbrush_04", "keyframes": [{"loc": [1157.75, 722.5], "index": 0, "tweened": false, "duration": 1, "pivot": [42.25, 28.5], "ref": "~itm/pinbrush_04"}]}, {"name": "item:perfume_01", "keyframes": [{"loc": [7.75, 645.5], "index": 0, "tweened": false, "duration": 1, "pivot": [36.25, 39.5], "ref": "~itm/perfume_01"}]}, {"name": "item:perfume_02", "keyframes": [{"loc": [531.5, 484.75], "index": 0, "tweened": false, "duration": 1, "pivot": [26.5, 39.25], "ref": "~itm/perfume_02"}]}, {"name": "item:perfume_03", "keyframes": [{"loc": [963.75, 686.75], "index": 0, "tweened": false, "duration": 1, "pivot": [36.25, 39.25], "ref": "~itm/perfume_03"}]}, {"name": "item:perfume_04", "keyframes": [{"loc": [526.75, 697.5], "index": 0, "tweened": false, "duration": 1, "pivot": [36.25, 39.5], "ref": "~itm/perfume_04"}]}, {"name": "item:scarf_01", "keyframes": [{"loc": [737.5, 693.5], "index": 0, "tweened": false, "duration": 1, "pivot": [36.5, 110.5], "ref": "~itm/scarf_01"}]}, {"name": "item:scarf_02", "keyframes": [{"loc": [731, 383.25], "index": 0, "tweened": false, "duration": 1, "pivot": [22, 69.25], "ref": "~itm/scarf_02"}]}, {"name": "item:scarf_03", "keyframes": [{"loc": [68.5, 120], "index": 0, "tweened": false, "duration": 1, "pivot": [28, 87.5], "ref": "~itm/scarf_03"}]}, {"name": "item:scarf_04", "keyframes": [{"loc": [272.5, 635.25], "index": 0, "tweened": false, "duration": 1, "pivot": [36, 113.75], "ref": "~itm/scarf_04"}]}, {"name": "item:medicalgown_01", "keyframes": [{"loc": [1063.25, 813.5], "index": 0, "tweened": false, "duration": 1, "pivot": [177.25, 109], "ref": "~itm/medicalgown_01"}]}, {"name": "item:medicalgown_02", "keyframes": [{"loc": [392.5, 209], "index": 0, "tweened": false, "duration": 1, "pivot": [62, 137], "ref": "~itm/medicalgown_02"}]}, {"name": "item:medicalgown_03", "keyframes": [{"loc": [1213.25, 202.5], "index": 0, "tweened": false, "duration": 1, "pivot": [81.25, 157], "ref": "~itm/medicalgown_03"}]}, {"name": "item:medicalgown_04", "keyframes": [{"loc": [145, 201.5], "index": 0, "tweened": false, "duration": 1, "pivot": [83.5, 165], "ref": "~itm/medicalgown_04"}]}, {"name": "item:coffeepot_01", "keyframes": [{"loc": [942.5, 739.5], "index": 0, "tweened": false, "duration": 1, "pivot": [56, 46], "ref": "~itm/coffeepot_01"}]}, {"name": "item:scissors_01", "keyframes": [{"loc": [510.25, 755.5], "index": 0, "tweened": false, "duration": 1, "pivot": [50.25, 24], "ref": "~itm/scissors_01"}]}, {"name": "item:scissors_02", "keyframes": [{"loc": [163.5, 550], "index": 0, "tweened": false, "duration": 1, "pivot": [48.5, 20], "ref": "~itm/scissors_02"}]}, {"name": "item:scissors_03", "keyframes": [{"loc": [388, 581.5], "index": 0, "tweened": false, "duration": 1, "pivot": [43, 30], "ref": "~itm/scissors_03"}]}, {"name": "item:scissors_04", "keyframes": [{"loc": [93.5, 484.25], "index": 0, "tweened": false, "duration": 1, "pivot": [49, 31.75], "ref": "~itm/scissors_04"}]}, {"name": "item:shoe_01", "keyframes": [{"loc": [835, 576.5], "index": 0, "tweened": false, "duration": 1, "pivot": [32, 29.5], "ref": "~itm/shoe_01"}]}, {"name": "item:shoe_02", "keyframes": [{"loc": [1168.5, 519.5], "index": 0, "tweened": false, "duration": 1, "pivot": [33, 35.5], "ref": "~itm/shoe_02"}]}, {"name": "item:shoe_03", "keyframes": [{"loc": [122, 677.25], "index": 0, "tweened": false, "duration": 1, "pivot": [43, 35.25], "ref": "~itm/shoe_03"}]}, {"name": "item:shoe_04", "keyframes": [{"loc": [91.75, 545], "index": 0, "tweened": false, "duration": 1, "pivot": [35.75, 33], "ref": "~itm/shoe_04"}]}, {"name": "item:smokeoccupancy_01", "keyframes": [{"loc": [1027.5, 78], "index": 0, "tweened": false, "duration": 1, "pivot": [21, 16], "ref": "~itm/smokeoccupancy_01"}]}, {"name": "item:smokeoccupancy_02", "keyframes": [{"loc": [23, 21], "index": 0, "tweened": false, "duration": 1, "pivot": [21, 16], "ref": "~itm/smokeoccupancy_02"}]}, {"name": "item:smokeoccupancy_03", "keyframes": [{"loc": [538, 26], "index": 0, "tweened": false, "duration": 1, "pivot": [22, 17], "ref": "~itm/smokeoccupancy_03"}]}, {"name": "item:smokeoccupancy_04", "keyframes": [{"loc": [732, 70], "index": 0, "tweened": false, "duration": 1, "pivot": [18, 14], "ref": "~itm/smokeoccupancy_04"}]}, {"name": "item:sunglasses_01", "keyframes": [{"loc": [328, 512], "index": 0, "tweened": false, "duration": 1, "pivot": [35, 18], "ref": "~itm/sunglasses_01"}]}, {"name": "item:sunglasses_02", "keyframes": [{"loc": [1162.5, 603], "index": 0, "tweened": false, "duration": 1, "pivot": [40, 22.5], "ref": "~itm/sunglasses_02"}]}, {"name": "item:sunglasses_03", "keyframes": [{"loc": [729.5, 509.5], "index": 0, "tweened": false, "duration": 1, "pivot": [36, 22.5], "ref": "~itm/sunglasses_03"}]}, {"name": "item:sunglasses_04", "keyframes": [{"loc": [61.5, 646], "index": 0, "tweened": false, "duration": 1, "pivot": [40, 22.5], "ref": "~itm/sunglasses_04"}]}, {"name": "item:handbag_01", "keyframes": [{"loc": [169, 747], "index": 0, "tweened": false, "duration": 1, "pivot": [81, 51], "ref": "~itm/handbag_01"}]}, {"name": "item:handbag_02", "keyframes": [{"loc": [640.75, 746.25], "index": 0, "tweened": false, "duration": 1, "pivot": [81.25, 83.75], "ref": "~itm/handbag_02"}]}, {"name": "item:handbag_03", "keyframes": [{"loc": [421.25, 687.5], "index": 0, "tweened": false, "duration": 1, "pivot": [60.75, 81], "ref": "~itm/handbag_03"}]}, {"name": "item:handbag_04", "keyframes": [{"loc": [1216.25, 661.5], "index": 0, "tweened": false, "duration": 1, "pivot": [58.75, 86], "ref": "~itm/handbag_04"}]}, {"name": "item:crumpledpaper_02", "keyframes": [{"loc": [1222.5, 751], "index": 0, "tweened": false, "duration": 1, "pivot": [23, 22], "ref": "~itm/crumpledpaper_02"}]}, {"name": "item:model_03", "keyframes": [{"loc": [682, 490.5], "index": 0, "tweened": false, "duration": 1, "pivot": [69, 76.5], "ref": "~itm/model_03"}]}, {"name": "item:umbrella_01", "keyframes": [{"loc": [1061.25, 156.5], "index": 0, "tweened": false, "duration": 1, "pivot": [18.25, 85], "ref": "~itm/umbrella_01"}]}, {"name": "item:umbrella_02", "keyframes": [{"loc": [339.25, 156.25], "index": 0, "tweened": false, "duration": 1, "pivot": [18.75, 85.25], "ref": "~itm/umbrella_02"}]}, {"name": "item:umbrella_03", "keyframes": [{"loc": [231.75, 626.5], "index": 0, "tweened": false, "duration": 1, "pivot": [26.75, 108], "ref": "~itm/umbrella_03"}]}, {"name": "item:umbrella_04", "keyframes": [{"loc": [856, 741], "index": 0, "tweened": false, "duration": 1, "pivot": [27.5, 139], "ref": "~itm/umbrella_04"}]}, {"name": "item:hat_01", "keyframes": [{"loc": [43, 352.25], "index": 0, "tweened": false, "duration": 1, "pivot": [52, 44.25], "ref": "~itm/hat_01"}]}, {"name": "item:hat_02", "keyframes": [{"loc": [271, 535.5], "index": 0, "tweened": false, "duration": 1, "pivot": [60, 51.5], "ref": "~itm/hat_02"}]}, {"name": "item:hat_03", "keyframes": [{"loc": [736, 354.75], "index": 0, "tweened": false, "duration": 1, "pivot": [38.5, 34.75], "ref": "~itm/hat_03"}]}, {"name": "item:hat_04", "keyframes": [{"loc": [686.5, 634], "index": 0, "tweened": false, "duration": 1, "pivot": [66, 70], "ref": "~itm/hat_04"}]}, {"name": "item:vase_01", "keyframes": [{"loc": [683.5, 198.75], "index": 0, "tweened": false, "duration": 1, "pivot": [29, 38.25], "ref": "~itm/vase_01"}]}, {"name": "item:vase_02", "keyframes": [{"loc": [405, 422.5], "index": 0, "tweened": false, "duration": 1, "pivot": [34, 90], "ref": "~itm/vase_02"}]}, {"name": "item:vase_03", "keyframes": [{"loc": [1079, 441.5], "index": 0, "tweened": false, "duration": 1, "pivot": [29, 78], "ref": "~itm/vase_03"}]}, {"name": "item:vase_04", "keyframes": [{"loc": [937, 260], "index": 0, "tweened": false, "duration": 1, "pivot": [27, 42], "ref": "~itm/vase_04"}]}, {"name": "item:aquarium_04", "keyframes": [{"loc": [1137, 443.75], "index": 0, "tweened": false, "duration": 1, "pivot": [44, 44.25], "ref": "~itm/aquarium_04"}]}, {"name": "item:reward_01", "keyframes": [{"loc": [182.75, 455.75], "index": 0, "tweened": false, "duration": 1, "pivot": [31.25, 35.75], "ref": "~itm/reward_01"}]}, {"name": "item:reward_02", "keyframes": [{"loc": [435, 443.25], "index": 0, "tweened": false, "duration": 1, "pivot": [31, 35.75], "ref": "~itm/reward_02"}]}, {"name": "item:reward_03", "keyframes": [{"loc": [1214, 451], "index": 0, "tweened": false, "duration": 1, "pivot": [33.5, 45], "ref": "~itm/reward_03"}]}, {"name": "item:reward_04", "keyframes": [{"loc": [785, 498], "index": 0, "tweened": false, "duration": 1, "pivot": [33.5, 43], "ref": "~itm/reward_04"}]}], "id": "~bg/original"}, {"layers": [{"name": "shadow", "keyframes": [{"loc": [29, 52.5], "index": 0, "tweened": false, "duration": 1, "pivot": [27, 6], "ref": "aquarium1_s"}]}, {"name": "item", "keyframes": [{"loc": [28, 27], "index": 0, "tweened": false, "duration": 1, "pivot": [28, 27], "ref": "aquarium1_i"}]}], "id": "~itm/aquarium_01"}, {"layers": [{"name": "shadow", "keyframes": [{"loc": [50, 85.5], "index": 0, "tweened": false, "duration": 1, "pivot": [50, 22], "ref": "aquarium2_s"}]}, {"name": "item", "keyframes": [{"loc": [50.5, 44], "index": 0, "tweened": false, "duration": 1, "pivot": [45, 44], "ref": "aquarium2_i"}]}], "id": "~itm/aquarium_02"}, {"layers": [{"name": "shadow", "keyframes": [{"loc": [48, 77], "index": 0, "tweened": false, "duration": 1, "pivot": [48, 16], "ref": "aquarium3_s"}]}, {"name": "item", "keyframes": [{"loc": [45.5, 41], "index": 0, "tweened": false, "duration": 1, "pivot": [42, 41], "ref": "aquarium3_i"}]}], "id": "~itm/aquarium_03"}, {"layers": [{"name": "shadow", "keyframes": [{"loc": [44, 72.5], "index": 0, "tweened": false, "duration": 1, "pivot": [44, 16], "ref": "aquarium4_s"}]}, {"name": "item", "keyframes": [{"loc": [44, 38], "index": 0, "tweened": false, "duration": 1, "pivot": [39, 38], "ref": "aquarium4_i"}]}], "id": "~itm/aquarium_04"}, {"layers": [{"name": "shadow", "keyframes": [{"loc": [23.5, 28], "index": 0, "tweened": false, "duration": 1, "pivot": [22, 28], "ref": "atlas1_s"}]}, {"name": "item", "keyframes": [{"loc": [21, 27.5], "index": 0, "tweened": false, "duration": 1, "pivot": [21, 27], "ref": "atlas1_i"}]}], "id": "~itm/atlas_01"}, {"layers": [{"name": "shadow", "keyframes": [{"loc": [38, 45], "index": 0, "tweened": false, "duration": 1, "pivot": [38, 44], "ref": "atlas2_s"}]}, {"name": "item", "keyframes": [{"loc": [36, 41], "index": 0, "tweened": false, "duration": 1, "pivot": [34, 41], "ref": "atlas2_i"}]}], "id": "~itm/atlas_02"}, {"layers": [{"name": "shadow", "keyframes": [{"loc": [31, 27], "index": 0, "tweened": false, "duration": 1, "pivot": [31, 27], "ref": "atlas3_s"}]}, {"name": "item", "keyframes": [{"loc": [33.5, 27], "index": 0, "tweened": false, "duration": 1, "pivot": [21, 24], "ref": "atlas3_i"}]}], "id": "~itm/atlas_03"}, {"layers": [{"name": "shadow", "keyframes": [{"loc": [56, 56], "index": 0, "tweened": false, "duration": 1, "pivot": [56, 56], "ref": "atlas4_s"}]}, {"name": "item", "keyframes": [{"loc": [63.5, 51], "index": 0, "tweened": false, "duration": 1, "pivot": [40, 46], "ref": "atlas4_i"}]}], "id": "~itm/atlas_04"}, {"layers": [{"name": "shadow", "keyframes": [{"loc": [46, 41.5], "index": 0, "tweened": false, "duration": 1, "pivot": [46, 35], "ref": "bandage1_s"}]}, {"name": "invisible", "keyframes": [{"loc": [39, 6.5], "index": 0, "tweened": false, "duration": 1, "pivot": [11, 6], "ref": "bandage1_inv"}]}, {"name": "item", "keyframes": [{"loc": [47.5, 36], "index": 0, "tweened": false, "duration": 1, "pivot": [44, 36], "ref": "bandage1_i"}]}], "id": "~itm/bandage_01"}, {"layers": [{"name": "shadow", "keyframes": [{"loc": [40, 30.5], "index": 0, "tweened": false, "duration": 1, "pivot": [40, 27], "ref": "bandage2_s"}]}, {"name": "item", "keyframes": [{"loc": [44.5, 29], "index": 0, "tweened": false, "duration": 1, "pivot": [36, 29], "ref": "bandage2_i"}]}], "id": "~itm/bandage_02"}, {"layers": [{"name": "shadow", "keyframes": [{"loc": [48.5, 46], "index": 0, "tweened": false, "duration": 1, "pivot": [40, 24], "ref": "bandage3_s"}]}, {"name": "item", "keyframes": [{"loc": [44, 35], "index": 0, "tweened": false, "duration": 1, "pivot": [44, 35], "ref": "bandage3_i"}]}], "id": "~itm/bandage_03"}, {"layers": [{"name": "shadow", "keyframes": [{"loc": [39, 43], "index": 0, "tweened": false, "duration": 1, "pivot": [39, 26], "ref": "bandage4_s"}]}, {"name": "invisible", "keyframes": [{"loc": [51.5, 11], "index": 0, "tweened": false, "duration": 1, "pivot": [19, 11], "ref": "bandage4_inv"}]}, {"name": "item", "keyframes": [{"loc": [40, 35], "index": 0, "tweened": false, "duration": 1, "pivot": [38, 29], "ref": "bandage4_i"}]}], "id": "~itm/bandage_04"}, {"layers": [{"name": "shadow", "keyframes": [{"loc": [26, 93.5], "index": 0, "tweened": false, "duration": 1, "pivot": [26, 7], "ref": "calendar1_s"}]}, {"name": "item", "keyframes": [{"loc": [27, 48], "index": 0, "tweened": false, "duration": 1, "pivot": [24, 48], "ref": "calendar1_i"}]}], "id": "~itm/calendar_01"}, {"layers": [{"name": "shadow", "keyframes": [{"loc": [33, 48], "index": 0, "tweened": false, "duration": 1, "pivot": [33, 48], "ref": "calendar2_s"}]}, {"name": "invisible", "keyframes": [{"loc": [16.5, 87], "index": 0, "tweened": false, "duration": 1, "pivot": [12, 6], "ref": "calendar2_inv"}]}, {"name": "item", "keyframes": [{"loc": [34.5, 47], "index": 0, "tweened": false, "duration": 1, "pivot": [30, 47], "ref": "calendar2_i"}]}], "id": "~itm/calendar_02"}, {"layers": [{"name": "shadow", "keyframes": [{"loc": [44, 58], "index": 0, "tweened": false, "duration": 1, "pivot": [44, 58], "ref": "calendar3_s"}]}, {"name": "item", "keyframes": [{"loc": [44, 56], "index": 0, "tweened": false, "duration": 1, "pivot": [39, 55], "ref": "calendar3_i"}]}], "id": "~itm/calendar_03"}, {"layers": [{"name": "shadow", "keyframes": [{"loc": [52, 111.5], "index": 0, "tweened": false, "duration": 1, "pivot": [28, 9], "ref": "calendar4_s"}]}, {"name": "item", "keyframes": [{"loc": [39, 59], "index": 0, "tweened": false, "duration": 1, "pivot": [39, 59], "ref": "calendar4_i"}]}], "id": "~itm/calendar_04"}, {"layers": [{"name": "shadow", "keyframes": [{"loc": [20, 23.5], "index": 0, "tweened": false, "duration": 1, "pivot": [13, 22], "ref": "clock1_s"}]}, {"name": "item", "keyframes": [{"loc": [12, 20], "index": 0, "tweened": false, "duration": 1, "pivot": [12, 20], "ref": "clock1_i"}]}], "id": "~itm/clock_01"}, {"layers": [{"name": "shadow", "keyframes": [{"loc": [13, 23.5], "index": 0, "tweened": false, "duration": 1, "pivot": [13, 22], "ref": "clock2_s"}]}, {"name": "item", "keyframes": [{"loc": [21.5, 20], "index": 0, "tweened": false, "duration": 1, "pivot": [12, 20], "ref": "clock2_i"}]}], "id": "~itm/clock_02"}, {"layers": [{"name": "shadow", "keyframes": [{"loc": [32, 71], "index": 0, "tweened": false, "duration": 1, "pivot": [32, 12], "ref": "clock3_s"}]}, {"name": "item", "keyframes": [{"loc": [42.5, 34], "index": 0, "tweened": false, "duration": 1, "pivot": [19, 34], "ref": "clock3_i"}]}], "id": "~itm/clock_03"}, {"layers": [{"name": "item", "keyframes": [{"loc": [15, 28], "index": 0, "tweened": false, "duration": 1, "pivot": [15, 28], "ref": "clock4_i"}]}], "id": "~itm/clock_04"}, {"layers": [{"name": "shadow", "keyframes": [{"loc": [56, 73], "index": 0, "tweened": false, "duration": 1, "pivot": [56, 17], "ref": "coffeepot1_s"}]}, {"name": "item", "keyframes": [{"loc": [35, 46], "index": 0, "tweened": false, "duration": 1, "pivot": [32, 46], "ref": "coffeepot1_i"}]}], "id": "~itm/coffeepot_01"}, {"layers": [{"name": "shadow", "keyframes": [{"loc": [52, 72], "index": 0, "tweened": false, "duration": 1, "pivot": [52, 18], "ref": "coffeepot2_s"}]}, {"name": "item", "keyframes": [{"loc": [72, 45], "index": 0, "tweened": false, "duration": 1, "pivot": [32, 45], "ref": "coffeepot2_i"}]}], "id": "~itm/coffeepot_02"}, {"layers": [{"name": "shadow", "keyframes": [{"loc": [26.5, 26.5], "index": 0, "tweened": false, "duration": 1, "pivot": [23, 26], "ref": "coffeepot3_s"}]}, {"name": "item", "keyframes": [{"loc": [21, 24.5], "index": 0, "tweened": false, "duration": 1, "pivot": [21, 24.5], "ref": "coffeepot3_i"}]}], "id": "~itm/coffeepot_03"}, {"layers": [{"name": "shadow", "keyframes": [{"loc": [26.5, 26.5], "index": 0, "tweened": false, "duration": 1, "pivot": [23, 26], "ref": "coffeepot4_s"}]}, {"name": "item", "keyframes": [{"loc": [21, 25], "index": 0, "tweened": false, "duration": 1, "pivot": [21, 25], "ref": "coffeepot4_i"}]}], "id": "~itm/coffeepot_04"}, {"layers": [{"name": "shadow", "keyframes": [{"loc": [23, 31], "index": 0, "tweened": false, "duration": 1, "pivot": [23, 11], "ref": "crumpledpaper1_s"}]}, {"name": "item", "keyframes": [{"loc": [23.5, 18], "index": 0, "tweened": false, "duration": 1, "pivot": [19, 18], "ref": "crumpledpaper1_i"}]}], "id": "~itm/crumpledpaper_01"}, {"layers": [{"name": "item", "keyframes": [{"loc": [23, 22], "index": 0, "tweened": false, "duration": 1, "pivot": [23, 22], "ref": "crumpledpaper2_i"}]}], "id": "~itm/crumpledpaper_02"}, {"layers": [{"name": "shadow", "keyframes": [{"loc": [25, 31.525], "index": 0, "tweened": false, "duration": 1, "pivot": [25, 13], "ref": "crumpledpaper3_s"}]}, {"name": "item", "keyframes": [{"loc": [27.525, 19], "index": 0, "tweened": false, "duration": 1, "pivot": [20, 19], "ref": "crumpledpaper3_i"}]}], "id": "~itm/crumpledpaper_03"}, {"layers": [{"name": "shadow", "keyframes": [{"loc": [24, 30], "index": 0, "tweened": false, "duration": 1, "pivot": [24, 10], "ref": "crumpledpaper4_s"}]}, {"name": "item", "keyframes": [{"loc": [27, 18], "index": 0, "tweened": false, "duration": 1, "pivot": [19, 18], "ref": "crumpledpaper4_i"}]}], "id": "~itm/crumpledpaper_04"}, {"layers": [{"name": "shadow", "keyframes": [{"loc": [27, 15], "index": 0, "tweened": false, "duration": 1, "pivot": [27, 15], "ref": "envelope1_s"}]}, {"name": "item", "keyframes": [{"loc": [28.5, 16], "index": 0, "tweened": false, "duration": 1, "pivot": [24, 15], "ref": "envelope1_i"}]}], "id": "~itm/envelope_01"}, {"layers": [{"name": "item", "keyframes": [{"loc": [12, 32], "index": 0, "tweened": false, "duration": 1, "pivot": [12, 32], "ref": "envelope2_i"}]}], "id": "~itm/envelope_02"}, {"layers": [{"name": "shadow", "keyframes": [{"loc": [21, 43], "index": 0, "tweened": false, "duration": 1, "pivot": [21, 43], "ref": "envelope3_s"}]}, {"name": "item", "keyframes": [{"loc": [20.5, 46.5], "index": 0, "tweened": false, "duration": 1, "pivot": [19, 38], "ref": "envelope3_i"}]}], "id": "~itm/envelope_03"}, {"layers": [{"name": "shadow", "keyframes": [{"loc": [16.5, 27.5], "index": 0, "tweened": false, "duration": 1, "pivot": [16, 27], "ref": "envelope4_s"}]}, {"name": "item", "keyframes": [{"loc": [15, 27], "index": 0, "tweened": false, "duration": 1, "pivot": [15, 27], "ref": "envelope4_i"}]}], "id": "~itm/envelope_04"}, {"layers": [{"name": "shadow", "keyframes": [{"loc": [56, 33], "index": 0, "tweened": false, "duration": 1, "pivot": [56, 16], "ref": "firstaidkit1_s"}]}, {"name": "invisible", "keyframes": [{"loc": [63, 9], "index": 0, "tweened": false, "duration": 1, "pivot": [28, 9], "ref": "firstaidkit1_inv"}]}, {"name": "item", "keyframes": [{"loc": [56, 40.5], "index": 0, "tweened": false, "duration": 1, "pivot": [46, 32], "ref": "firstaidkit1_i"}]}], "id": "~itm/firstaidkit_01"}, {"layers": [{"name": "shadow", "keyframes": [{"loc": [18, 28], "index": 0, "tweened": false, "duration": 1, "pivot": [18, 22], "ref": "firstaidkit2_s"}]}, {"name": "invisible", "keyframes": [{"loc": [63, 43.5], "index": 0, "tweened": false, "duration": 1, "pivot": [35, 20], "ref": "firstaidkit2_inv"}]}, {"name": "item", "keyframes": [{"loc": [51.5, 22], "index": 0, "tweened": false, "duration": 1, "pivot": [39, 22], "ref": "firstaidkit2_i"}]}], "id": "~itm/firstaidkit_02"}, {"layers": [{"name": "shadow", "keyframes": [{"loc": [44, 51.5], "index": 0, "tweened": false, "duration": 1, "pivot": [36, 19], "ref": "firstaidkit3_s"}]}, {"name": "invisible", "keyframes": [{"loc": [10, 22.5], "index": 0, "tweened": false, "duration": 1, "pivot": [10, 17], "ref": "firstaidkit3_inv"}]}, {"name": "item", "keyframes": [{"loc": [47.5, 32], "index": 0, "tweened": false, "duration": 1, "pivot": [38, 32], "ref": "firstaidkit3_i"}]}], "id": "~itm/firstaidkit_03"}, {"layers": [{"name": "shadow", "keyframes": [{"loc": [46, 34.5], "index": 0, "tweened": false, "duration": 1, "pivot": [46, 33], "ref": "firstaidkit4_s"}]}, {"name": "item", "keyframes": [{"loc": [51, 32], "index": 0, "tweened": false, "duration": 1, "pivot": [43, 32], "ref": "firstaidkit4_i"}]}], "id": "~itm/firstaidkit_04"}, {"layers": [{"name": "shadow", "keyframes": [{"loc": [27, 46], "index": 0, "tweened": false, "duration": 1, "pivot": [27, 44], "ref": "glove1_s"}]}, {"name": "invisible", "keyframes": [{"loc": [28, 7], "index": 0, "tweened": false, "duration": 1, "pivot": [19, 7], "ref": "glove1_inv"}]}, {"name": "item", "keyframes": [{"loc": [28, 47.5], "index": 0, "tweened": false, "duration": 1, "pivot": [25, 40], "ref": "glove1_i"}]}], "id": "~itm/glove_01"}, {"layers": [{"name": "shadow", "keyframes": [{"loc": [28, 47], "index": 0, "tweened": false, "duration": 1, "pivot": [28, 37], "ref": "glove2_s"}]}, {"name": "invisible", "keyframes": [{"loc": [28.5, 11], "index": 0, "tweened": false, "duration": 1, "pivot": [18, 11], "ref": "glove2_inv"}]}, {"name": "item", "keyframes": [{"loc": [25, 44.5], "index": 0, "tweened": false, "duration": 1, "pivot": [24, 36], "ref": "glove2_i"}]}], "id": "~itm/glove_02"}, {"layers": [{"name": "invisible", "keyframes": [{"loc": [14.5, 7], "index": 0, "tweened": false, "duration": 1, "pivot": [13, 7], "ref": "glove3_inv"}]}, {"name": "item", "keyframes": [{"loc": [14, 28.5], "index": 0, "tweened": false, "duration": 1, "pivot": [14, 21], "ref": "glove3_i"}]}], "id": "~itm/glove_03"}, {"layers": [{"name": "shadow", "keyframes": [{"loc": [35, 55.5], "index": 0, "tweened": false, "duration": 1, "pivot": [35, 53], "ref": "glove4_s"}]}, {"name": "invisible", "keyframes": [{"loc": [33, 11], "index": 0, "tweened": false, "duration": 1, "pivot": [22, 11], "ref": "glove4_inv"}]}, {"name": "item", "keyframes": [{"loc": [32.5, 56.5], "index": 0, "tweened": false, "duration": 1, "pivot": [29, 47], "ref": "glove4_i"}]}], "id": "~itm/glove_04"}, {"layers": [{"name": "shadow", "keyframes": [{"loc": [81, 36], "index": 0, "tweened": false, "duration": 1, "pivot": [81, 36], "ref": "handbag1_s"}]}, {"name": "item", "keyframes": [{"loc": [84, 54], "index": 0, "tweened": false, "duration": 1, "pivot": [77, 48], "ref": "handbag1_i"}]}], "id": "~itm/handbag_01"}, {"layers": [{"name": "shadow", "keyframes": [{"loc": [86.5, 53], "index": 0, "tweened": false, "duration": 1, "pivot": [76, 53], "ref": "handbag2_s"}]}, {"name": "invisible", "keyframes": [{"loc": [59.5, 11], "index": 0, "tweened": false, "duration": 1, "pivot": [17, 10], "ref": "handbag2_inv"}]}, {"name": "item", "keyframes": [{"loc": [57, 84.5], "index": 0, "tweened": false, "duration": 1, "pivot": [57, 83], "ref": "handbag2_i"}]}], "id": "~itm/handbag_02"}, {"layers": [{"name": "shadow", "keyframes": [{"loc": [42, 74.5], "index": 0, "tweened": false, "duration": 1, "pivot": [42, 73], "ref": "handbag3_s"}]}, {"name": "invisible", "keyframes": [{"loc": [82, 37.5], "index": 0, "tweened": false, "duration": 1, "pivot": [12, 34], "ref": "handbag3_inv"}]}, {"name": "item", "keyframes": [{"loc": [63.5, 81], "index": 0, "tweened": false, "duration": 1, "pivot": [58, 81], "ref": "handbag3_i"}]}], "id": "~itm/handbag_03"}, {"layers": [{"name": "shadow", "keyframes": [{"loc": [59.5, 86], "index": 0, "tweened": false, "duration": 1, "pivot": [58, 86], "ref": "handbag4_s"}]}, {"name": "item", "keyframes": [{"loc": [55, 86.5], "index": 0, "tweened": false, "duration": 1, "pivot": [55, 85], "ref": "handbag4_i"}]}], "id": "~itm/handbag_04"}, {"layers": [{"name": "shadow", "keyframes": [{"loc": [54, 65.5], "index": 0, "tweened": false, "duration": 1, "pivot": [50, 23], "ref": "hat1_s"}]}, {"name": "item", "keyframes": [{"loc": [52, 39], "index": 0, "tweened": false, "duration": 1, "pivot": [52, 39], "ref": "hat1_i"}]}], "id": "~itm/hat_01"}, {"layers": [{"name": "shadow", "keyframes": [{"loc": [38, 72], "index": 0, "tweened": false, "duration": 1, "pivot": [37, 31], "ref": "hat2_s"}]}, {"name": "item", "keyframes": [{"loc": [60, 50], "index": 0, "tweened": false, "duration": 1, "pivot": [60, 50], "ref": "hat2_i"}]}], "id": "~itm/hat_02"}, {"layers": [{"name": "shadow", "keyframes": [{"loc": [29, 46.5], "index": 0, "tweened": false, "duration": 1, "pivot": [29, 23], "ref": "hat3_s"}]}, {"name": "item", "keyframes": [{"loc": [39, 33], "index": 0, "tweened": false, "duration": 1, "pivot": [38, 33], "ref": "hat3_i"}]}], "id": "~itm/hat_03"}, {"layers": [{"name": "shadow", "keyframes": [{"loc": [85, 99], "index": 0, "tweened": false, "duration": 1, "pivot": [40, 41], "ref": "hat4_s"}]}, {"name": "item", "keyframes": [{"loc": [66, 68], "index": 0, "tweened": false, "duration": 1, "pivot": [66, 68], "ref": "hat4_i"}]}], "id": "~itm/hat_04"}, {"layers": [{"name": "shadow", "keyframes": [{"loc": [36, 47], "index": 0, "tweened": false, "duration": 1, "pivot": [36, 45], "ref": "medicalgown1_s"}]}, {"name": "item", "keyframes": [{"loc": [188.5, 109], "index": 0, "tweened": false, "duration": 1, "pivot": [166, 109], "ref": "medicalgown1_i"}]}], "id": "~itm/medicalgown_01"}, {"layers": [{"name": "shadow", "keyframes": [{"loc": [58, 137], "index": 0, "tweened": false, "duration": 1, "pivot": [58, 137], "ref": "medicalgown2_s"}]}, {"name": "item", "keyframes": [{"loc": [63, 138], "index": 0, "tweened": false, "duration": 1, "pivot": [61, 136], "ref": "medicalgown2_i"}]}], "id": "~itm/medicalgown_02"}, {"layers": [{"name": "shadow", "keyframes": [{"loc": [84.5, 157], "index": 0, "tweened": false, "duration": 1, "pivot": [78, 157], "ref": "medicalgown3_s"}]}, {"name": "item", "keyframes": [{"loc": [71, 158], "index": 0, "tweened": false, "duration": 1, "pivot": [71, 156], "ref": "medicalgown3_i"}]}], "id": "~itm/medicalgown_03"}, {"layers": [{"name": "shadow", "keyframes": [{"loc": [79, 165], "index": 0, "tweened": false, "duration": 1, "pivot": [79, 165], "ref": "medicalgown4_s"}]}, {"name": "item", "keyframes": [{"loc": [91, 165.5], "index": 0, "tweened": false, "duration": 1, "pivot": [76, 159], "ref": "medicalgown4_i"}]}], "id": "~itm/medicalgown_04"}, {"layers": [{"name": "item", "keyframes": [{"loc": [22, 33], "index": 0, "tweened": false, "duration": 1, "pivot": [22, 33], "ref": "medicalsticker1_i"}]}], "id": "~itm/medicalsticker_01"}, {"layers": [{"name": "item", "keyframes": [{"loc": [18, 27], "index": 0, "tweened": false, "duration": 1, "pivot": [18, 27], "ref": "medicalsticker2_i"}]}], "id": "~itm/medicalsticker_02"}, {"layers": [{"name": "item", "keyframes": [{"loc": [17, 31], "index": 0, "tweened": false, "duration": 1, "pivot": [17, 31], "ref": "medicalsticker3_i"}]}], "id": "~itm/medicalsticker_03"}, {"layers": [{"name": "item", "keyframes": [{"loc": [21, 33], "index": 0, "tweened": false, "duration": 1, "pivot": [21, 33], "ref": "medicalsticker4_i"}]}], "id": "~itm/medicalsticker_04"}, {"layers": [{"name": "shadow", "keyframes": [{"loc": [51, 94], "index": 0, "tweened": false, "duration": 1, "pivot": [51, 21], "ref": "model1_s"}]}, {"name": "item", "keyframes": [{"loc": [42, 56], "index": 0, "tweened": false, "duration": 1, "pivot": [38, 56], "ref": "model1_i"}]}], "id": "~itm/model_01"}, {"layers": [{"name": "shadow", "keyframes": [{"loc": [57, 106], "index": 0, "tweened": false, "duration": 1, "pivot": [57, 24], "ref": "model2_s"}]}, {"name": "item", "keyframes": [{"loc": [47.5, 63], "index": 0, "tweened": false, "duration": 1, "pivot": [43, 63], "ref": "model2_i"}]}], "id": "~itm/model_02"}, {"layers": [{"name": "shadow", "keyframes": [{"loc": [69, 124], "index": 0, "tweened": false, "duration": 1, "pivot": [69, 29], "ref": "model3_s"}]}, {"name": "item", "keyframes": [{"loc": [58, 75], "index": 0, "tweened": false, "duration": 1, "pivot": [53, 75], "ref": "model3_i"}]}], "id": "~itm/model_03"}, {"layers": [{"name": "shadow", "keyframes": [{"loc": [40, 72], "index": 0, "tweened": false, "duration": 1, "pivot": [40, 42], "ref": "model4_s"}]}, {"name": "invisible", "keyframes": [{"loc": [68, 59.5], "index": 0, "tweened": false, "duration": 1, "pivot": [12, 48], "ref": "model4_inv"}]}, {"name": "item", "keyframes": [{"loc": [41, 56], "index": 0, "tweened": false, "duration": 1, "pivot": [37, 56], "ref": "model4_i"}]}], "id": "~itm/model_04"}, {"layers": [{"name": "shadow", "keyframes": [{"loc": [25, 26.5], "index": 0, "tweened": false, "duration": 1, "pivot": [23, 9], "ref": "mug1_s"}]}, {"name": "item", "keyframes": [{"loc": [18, 16], "index": 0, "tweened": false, "duration": 1, "pivot": [18, 16], "ref": "mug1_i"}]}], "id": "~itm/mug_01"}, {"layers": [{"name": "shadow", "keyframes": [{"loc": [22, 37], "index": 0, "tweened": false, "duration": 1, "pivot": [22, 6], "ref": "mug2_s"}]}, {"name": "item", "keyframes": [{"loc": [27, 20], "index": 0, "tweened": false, "duration": 1, "pivot": [21, 20], "ref": "mug2_i"}]}], "id": "~itm/mug_02"}, {"layers": [{"name": "shadow", "keyframes": [{"loc": [23, 17.5], "index": 0, "tweened": false, "duration": 1, "pivot": [18, 16], "ref": "mug3_s"}]}, {"name": "item", "keyframes": [{"loc": [17, 16], "index": 0, "tweened": false, "duration": 1, "pivot": [17, 16], "ref": "mug3_i"}]}], "id": "~itm/mug_03"}, {"layers": [{"name": "shadow", "keyframes": [{"loc": [17, 18], "index": 0, "tweened": false, "duration": 1, "pivot": [17, 16], "ref": "mug4_s"}]}, {"name": "item", "keyframes": [{"loc": [21.5, 16], "index": 0, "tweened": false, "duration": 1, "pivot": [16, 16], "ref": "mug4_i"}]}], "id": "~itm/mug_04"}, {"layers": [{"name": "shadow", "keyframes": [{"loc": [44, 19], "index": 0, "tweened": false, "duration": 1, "pivot": [44, 14], "ref": "newspaper1_s"}]}, {"name": "item", "keyframes": [{"loc": [44, 16], "index": 0, "tweened": false, "duration": 1, "pivot": [43, 16], "ref": "newspaper1_i"}]}], "id": "~itm/newspaper_01"}, {"layers": [{"name": "shadow", "keyframes": [{"loc": [55, 21], "index": 0, "tweened": false, "duration": 1, "pivot": [55, 16], "ref": "newspaper2_s"}]}, {"name": "item", "keyframes": [{"loc": [55, 18], "index": 0, "tweened": false, "duration": 1, "pivot": [53, 18], "ref": "newspaper2_i"}]}], "id": "~itm/newspaper_02"}, {"layers": [{"name": "invisible", "keyframes": [{"loc": [56.5, 38], "index": 0, "tweened": false, "duration": 1, "pivot": [48, 22], "ref": "newspaper3_inv"}]}, {"name": "item", "keyframes": [{"loc": [53, 24], "index": 0, "tweened": false, "duration": 1, "pivot": [53, 24], "ref": "newspaper3_i"}]}], "id": "~itm/newspaper_03"}, {"layers": [{"name": "shadow", "keyframes": [{"loc": [48, 46], "index": 0, "tweened": false, "duration": 1, "pivot": [48, 25], "ref": "newspaper4_s"}]}, {"name": "invisible", "keyframes": [{"loc": [94, 22], "index": 0, "tweened": false, "duration": 1, "pivot": [23, 22], "ref": "newspaper4_inv"}]}, {"name": "item", "keyframes": [{"loc": [45.5, 34], "index": 0, "tweened": false, "duration": 1, "pivot": [44, 28], "ref": "newspaper4_i"}]}], "id": "~itm/newspaper_04"}, {"layers": [{"name": "item", "keyframes": [{"loc": [15, 19], "index": 0, "tweened": false, "duration": 1, "pivot": [15, 19], "ref": "nosmokingsign1_i"}]}], "id": "~itm/nosmokingsign_01"}, {"layers": [{"name": "item", "keyframes": [{"loc": [20, 20], "index": 0, "tweened": false, "duration": 1, "pivot": [20, 20], "ref": "nosmokingsign2_i"}]}], "id": "~itm/nosmokingsign_02"}, {"layers": [{"name": "item", "keyframes": [{"loc": [26, 25], "index": 0, "tweened": false, "duration": 1, "pivot": [26, 25], "ref": "nosmokingsign3_i"}]}], "id": "~itm/nosmokingsign_03"}, {"layers": [{"name": "item", "keyframes": [{"loc": [19, 19], "index": 0, "tweened": false, "duration": 1, "pivot": [19, 19], "ref": "nosmokingsign4_i"}]}], "id": "~itm/nosmokingsign_04"}, {"layers": [{"name": "shadow", "keyframes": [{"loc": [35, 63], "index": 0, "tweened": false, "duration": 1, "pivot": [35, 16], "ref": "perfume1_s"}]}, {"name": "item", "keyframes": [{"loc": [49.5, 32], "index": 0, "tweened": false, "duration": 1, "pivot": [23, 32], "ref": "perfume1_i"}]}], "id": "~itm/perfume_01"}, {"layers": [{"name": "shadow", "keyframes": [{"loc": [25, 62.5], "index": 0, "tweened": false, "duration": 1, "pivot": [25, 16], "ref": "perfume2_s"}]}, {"name": "item", "keyframes": [{"loc": [30, 33], "index": 0, "tweened": false, "duration": 1, "pivot": [23, 33], "ref": "perfume2_i"}]}], "id": "~itm/perfume_02"}, {"layers": [{"name": "shadow", "keyframes": [{"loc": [35, 62.5], "index": 0, "tweened": false, "duration": 1, "pivot": [35, 16], "ref": "perfume3_s"}]}, {"name": "item", "keyframes": [{"loc": [49.5, 33], "index": 0, "tweened": false, "duration": 1, "pivot": [23, 33], "ref": "perfume3_i"}]}], "id": "~itm/perfume_03"}, {"layers": [{"name": "shadow", "keyframes": [{"loc": [35, 63], "index": 0, "tweened": false, "duration": 1, "pivot": [35, 16], "ref": "perfume4_s"}]}, {"name": "invisible", "keyframes": [{"loc": [68.5, 10], "index": 0, "tweened": false, "duration": 1, "pivot": [4, 10], "ref": "perfume4_inv"}]}, {"name": "item", "keyframes": [{"loc": [47.5, 33], "index": 0, "tweened": false, "duration": 1, "pivot": [21, 33], "ref": "perfume4_i"}]}], "id": "~itm/perfume_04"}, {"layers": [{"name": "shadow", "keyframes": [{"loc": [26, 53], "index": 0, "tweened": false, "duration": 1, "pivot": [26, 14], "ref": "phone1_s"}]}, {"name": "item", "keyframes": [{"loc": [24.5, 31], "index": 0, "tweened": false, "duration": 1, "pivot": [22, 31], "ref": "phone1_i"}]}], "id": "~itm/phone_01"}, {"layers": [{"name": "shadow", "keyframes": [{"loc": [29, 69.5], "index": 0, "tweened": false, "duration": 1, "pivot": [25, 17], "ref": "phone2_s"}]}, {"name": "item", "keyframes": [{"loc": [26, 40], "index": 0, "tweened": false, "duration": 1, "pivot": [26, 40], "ref": "phone2_i"}]}], "id": "~itm/phone_02"}, {"layers": [{"name": "shadow", "keyframes": [{"loc": [28, 43.5], "index": 0, "tweened": false, "duration": 1, "pivot": [28, 40], "ref": "phone3_s"}]}, {"name": "item", "keyframes": [{"loc": [27, 37], "index": 0, "tweened": false, "duration": 1, "pivot": [24, 37], "ref": "phone3_i"}]}], "id": "~itm/phone_03"}, {"layers": [{"name": "shadow", "keyframes": [{"loc": [31, 73], "index": 0, "tweened": false, "duration": 1, "pivot": [31, 20], "ref": "phone4_s"}]}, {"name": "item", "keyframes": [{"loc": [32.5, 40], "index": 0, "tweened": false, "duration": 1, "pivot": [25, 40], "ref": "phone4_i"}]}], "id": "~itm/phone_04"}, {"layers": [{"name": "shadow", "keyframes": [{"loc": [39, 30], "index": 0, "tweened": false, "duration": 1, "pivot": [35, 30], "ref": "photo1_s"}]}, {"name": "item", "keyframes": [{"loc": [34, 31], "index": 0, "tweened": false, "duration": 1, "pivot": [34, 29], "ref": "photo1_i"}]}], "id": "~itm/photo_01"}, {"layers": [{"name": "item", "keyframes": [{"loc": [34, 28], "index": 0, "tweened": false, "duration": 1, "pivot": [34, 28], "ref": "photo2_i"}]}], "id": "~itm/photo_02"}, {"layers": [{"name": "shadow", "keyframes": [{"loc": [38, 40], "index": 0, "tweened": false, "duration": 1, "pivot": [38, 36], "ref": "photo3_s"}]}, {"name": "invisible", "keyframes": [{"loc": [57.5, 50], "index": 0, "tweened": false, "duration": 1, "pivot": [20, 19], "ref": "photo3_inv"}]}, {"name": "item", "keyframes": [{"loc": [39.5, 37], "index": 0, "tweened": false, "duration": 1, "pivot": [38, 37], "ref": "photo3_i"}]}], "id": "~itm/photo_03"}, {"layers": [{"name": "shadow", "keyframes": [{"loc": [51, 41], "index": 0, "tweened": false, "duration": 1, "pivot": [51, 41], "ref": "photo4_s"}]}, {"name": "item", "keyframes": [{"loc": [50.5, 40.5], "index": 0, "tweened": false, "duration": 1, "pivot": [43, 38], "ref": "photo4_i"}]}], "id": "~itm/photo_04"}, {"layers": [{"name": "shadow", "keyframes": [{"loc": [38, 21.5], "index": 0, "tweened": false, "duration": 1, "pivot": [38, 18], "ref": "pinbrush1_s"}]}, {"name": "item", "keyframes": [{"loc": [37.5, 18], "index": 0, "tweened": false, "duration": 1, "pivot": [37, 18], "ref": "pinbrush1_i"}]}], "id": "~itm/pinbrush_01"}, {"layers": [{"name": "shadow", "keyframes": [{"loc": [33, 18.5], "index": 0, "tweened": false, "duration": 1, "pivot": [33, 13], "ref": "pinbrush2_s"}]}, {"name": "item", "keyframes": [{"loc": [33.5, 14], "index": 0, "tweened": false, "duration": 1, "pivot": [33, 14], "ref": "pinbrush2_i"}]}], "id": "~itm/pinbrush_02"}, {"layers": [{"name": "shadow", "keyframes": [{"loc": [38, 32], "index": 0, "tweened": false, "duration": 1, "pivot": [38, 20], "ref": "pinbrush3_s"}]}, {"name": "item", "keyframes": [{"loc": [38.5, 24], "index": 0, "tweened": false, "duration": 1, "pivot": [38, 24], "ref": "pinbrush3_i"}]}], "id": "~itm/pinbrush_03"}, {"layers": [{"name": "shadow", "keyframes": [{"loc": [42, 29], "index": 0, "tweened": false, "duration": 1, "pivot": [42, 28], "ref": "pinbrush4_s"}]}, {"name": "item", "keyframes": [{"loc": [42.5, 27], "index": 0, "tweened": false, "duration": 1, "pivot": [42, 27], "ref": "pinbrush4_i"}]}], "id": "~itm/pinbrush_04"}, {"layers": [{"name": "shadow", "keyframes": [{"loc": [30, 60.5], "index": 0, "tweened": false, "duration": 1, "pivot": [30, 11], "ref": "reward1_s"}]}, {"name": "item", "keyframes": [{"loc": [42.5, 33], "index": 0, "tweened": false, "duration": 1, "pivot": [20, 33], "ref": "reward1_i"}]}], "id": "~itm/reward_01"}, {"layers": [{"name": "shadow", "keyframes": [{"loc": [30, 60.5], "index": 0, "tweened": false, "duration": 1, "pivot": [30, 11], "ref": "reward2_s"}]}, {"name": "item", "keyframes": [{"loc": [42, 33], "index": 0, "tweened": false, "duration": 1, "pivot": [20, 33], "ref": "reward2_i"}]}], "id": "~itm/reward_02"}, {"layers": [{"name": "shadow", "keyframes": [{"loc": [34, 76], "index": 0, "tweened": false, "duration": 1, "pivot": [33, 14], "ref": "reward3_s"}]}, {"name": "item", "keyframes": [{"loc": [22, 39], "index": 0, "tweened": false, "duration": 1, "pivot": [22, 39], "ref": "reward3_i"}]}], "id": "~itm/reward_03"}, {"layers": [{"name": "shadow", "keyframes": [{"loc": [34, 74], "index": 0, "tweened": false, "duration": 1, "pivot": [33, 12], "ref": "reward4_s"}]}, {"name": "item", "keyframes": [{"loc": [22, 39], "index": 0, "tweened": false, "duration": 1, "pivot": [22, 39], "ref": "reward4_i"}]}], "id": "~itm/reward_04"}, {"layers": [{"name": "shadow", "keyframes": [{"loc": [36, 98.5], "index": 0, "tweened": false, "duration": 1, "pivot": [36, 87], "ref": "scarf1_s"}]}, {"name": "invisible", "keyframes": [{"loc": [34.5, 24], "index": 0, "tweened": false, "duration": 1, "pivot": [25, 24], "ref": "scarf1_inv"}]}, {"name": "item", "keyframes": [{"loc": [39, 124], "index": 0, "tweened": false, "duration": 1, "pivot": [34, 97], "ref": "scarf1_i"}]}], "id": "~itm/scarf_01"}, {"layers": [{"name": "shadow", "keyframes": [{"loc": [22, 70.5], "index": 0, "tweened": false, "duration": 1, "pivot": [22, 68], "ref": "scarf2_s"}]}, {"name": "invisible", "keyframes": [{"loc": [21.5, 19], "index": 0, "tweened": false, "duration": 1, "pivot": [19, 19], "ref": "scarf2_inv"}]}, {"name": "item", "keyframes": [{"loc": [21.5, 73.5], "index": 0, "tweened": false, "duration": 1, "pivot": [21, 62], "ref": "scarf2_i"}]}], "id": "~itm/scarf_02"}, {"layers": [{"name": "shadow", "keyframes": [{"loc": [28, 88], "index": 0, "tweened": false, "duration": 1, "pivot": [28, 87], "ref": "scarf3_s"}]}, {"name": "item", "keyframes": [{"loc": [29, 86], "index": 0, "tweened": false, "duration": 1, "pivot": [26, 86], "ref": "scarf3_i"}]}], "id": "~itm/scarf_03"}, {"layers": [{"name": "shadow", "keyframes": [{"loc": [36, 114.5], "index": 0, "tweened": false, "duration": 1, "pivot": [36, 113], "ref": "scarf4_s"}]}, {"name": "item", "keyframes": [{"loc": [34.5, 113], "index": 0, "tweened": false, "duration": 1, "pivot": [33, 113], "ref": "scarf4_i"}]}], "id": "~itm/scarf_04"}, {"layers": [{"name": "shadow", "keyframes": [{"loc": [50, 18.5], "index": 0, "tweened": false, "duration": 1, "pivot": [50, 18], "ref": "scissors1_s"}]}, {"name": "item", "keyframes": [{"loc": [51.5, 24], "index": 0, "tweened": false, "duration": 1, "pivot": [49, 24], "ref": "scissors1_i"}]}], "id": "~itm/scissors_01"}, {"layers": [{"name": "shadow", "keyframes": [{"loc": [40, 22], "index": 0, "tweened": false, "duration": 1, "pivot": [40, 18], "ref": "scissors2_s"}]}, {"name": "invisible", "keyframes": [{"loc": [87, 5], "index": 0, "tweened": false, "duration": 1, "pivot": [10, 5], "ref": "scissors2_inv"}]}, {"name": "item", "keyframes": [{"loc": [43, 19], "index": 0, "tweened": false, "duration": 1, "pivot": [36, 16], "ref": "scissors2_i"}]}], "id": "~itm/scissors_02"}, {"layers": [{"name": "shadow", "keyframes": [{"loc": [43, 30], "index": 0, "tweened": false, "duration": 1, "pivot": [43, 30], "ref": "scissors3_s"}]}, {"name": "item", "keyframes": [{"loc": [42.5, 28.5], "index": 0, "tweened": false, "duration": 1, "pivot": [40, 27], "ref": "scissors3_i"}]}], "id": "~itm/scissors_03"}, {"layers": [{"name": "shadow", "keyframes": [{"loc": [49, 33.5], "index": 0, "tweened": false, "duration": 1, "pivot": [49, 30], "ref": "scissors4_s"}]}, {"name": "item", "keyframes": [{"loc": [47.5, 27], "index": 0, "tweened": false, "duration": 1, "pivot": [44, 27], "ref": "scissors4_i"}]}], "id": "~itm/scissors_04"}, {"layers": [{"name": "shadow", "keyframes": [{"loc": [30, 41], "index": 0, "tweened": false, "duration": 1, "pivot": [30, 18], "ref": "shoe1_s"}]}, {"name": "item", "keyframes": [{"loc": [36, 29], "index": 0, "tweened": false, "duration": 1, "pivot": [28, 29], "ref": "shoe1_i"}]}], "id": "~itm/shoe_01"}, {"layers": [{"name": "shadow", "keyframes": [{"loc": [33, 53], "index": 0, "tweened": false, "duration": 1, "pivot": [33, 18], "ref": "shoe2_s"}]}, {"name": "invisible", "keyframes": [{"loc": [50.5, 11], "index": 0, "tweened": false, "duration": 1, "pivot": [12, 11], "ref": "shoe2_inv"}]}, {"name": "item", "keyframes": [{"loc": [32, 38], "index": 0, "tweened": false, "duration": 1, "pivot": [30, 25], "ref": "shoe2_i"}]}], "id": "~itm/shoe_02"}, {"layers": [{"name": "shadow", "keyframes": [{"loc": [43, 53.5], "index": 0, "tweened": false, "duration": 1, "pivot": [43, 17], "ref": "shoe3_s"}]}, {"name": "invisible", "keyframes": [{"loc": [34, 11], "index": 0, "tweened": false, "duration": 1, "pivot": [12, 11], "ref": "shoe3_inv"}]}, {"name": "item", "keyframes": [{"loc": [53.5, 37], "index": 0, "tweened": false, "duration": 1, "pivot": [32, 27], "ref": "shoe3_i"}]}], "id": "~itm/shoe_03"}, {"layers": [{"name": "shadow", "keyframes": [{"loc": [34, 46], "index": 0, "tweened": false, "duration": 1, "pivot": [34, 20], "ref": "shoe4_s"}]}, {"name": "item", "keyframes": [{"loc": [40.5, 32], "index": 0, "tweened": false, "duration": 1, "pivot": [31, 32], "ref": "shoe4_i"}]}], "id": "~itm/shoe_04"}, {"layers": [{"name": "shadow", "keyframes": [{"loc": [21, 16], "index": 0, "tweened": false, "duration": 1, "pivot": [21, 16], "ref": "smokeoccupancy1_s"}]}, {"name": "item", "keyframes": [{"loc": [19, 14], "index": 0, "tweened": false, "duration": 1, "pivot": [17, 12], "ref": "smokeoccupancy1_i"}]}], "id": "~itm/smokeoccupancy_01"}, {"layers": [{"name": "shadow", "keyframes": [{"loc": [21, 16], "index": 0, "tweened": false, "duration": 1, "pivot": [21, 16], "ref": "smokeoccupancy2_s"}]}, {"name": "item", "keyframes": [{"loc": [23, 14], "index": 0, "tweened": false, "duration": 1, "pivot": [17, 12], "ref": "smokeoccupancy2_i"}]}], "id": "~itm/smokeoccupancy_02"}, {"layers": [{"name": "shadow", "keyframes": [{"loc": [22, 17], "index": 0, "tweened": false, "duration": 1, "pivot": [22, 17], "ref": "smokeoccupancy3_s"}]}, {"name": "item", "keyframes": [{"loc": [19, 17], "index": 0, "tweened": false, "duration": 1, "pivot": [17, 12], "ref": "smokeoccupancy3_i"}]}], "id": "~itm/smokeoccupancy_03"}, {"layers": [{"name": "shadow", "keyframes": [{"loc": [18, 14], "index": 0, "tweened": false, "duration": 1, "pivot": [18, 14], "ref": "smokeoccupancy4_s"}]}, {"name": "item", "keyframes": [{"loc": [19, 11], "index": 0, "tweened": false, "duration": 1, "pivot": [15, 10], "ref": "smokeoccupancy4_i"}]}], "id": "~itm/smokeoccupancy_04"}, {"layers": [{"name": "shadow", "keyframes": [{"loc": [35, 20], "index": 0, "tweened": false, "duration": 1, "pivot": [35, 16], "ref": "sunglasses1_s"}]}, {"name": "item", "keyframes": [{"loc": [41, 16], "index": 0, "tweened": false, "duration": 1, "pivot": [27, 16], "ref": "sunglasses1_i"}]}], "id": "~itm/sunglasses_01"}, {"layers": [{"name": "shadow", "keyframes": [{"loc": [40, 25], "index": 0, "tweened": false, "duration": 1, "pivot": [40, 20], "ref": "sunglasses2_s"}]}, {"name": "item", "keyframes": [{"loc": [34.5, 19], "index": 0, "tweened": false, "duration": 1, "pivot": [31, 19], "ref": "sunglasses2_i"}]}], "id": "~itm/sunglasses_02"}, {"layers": [{"name": "shadow", "keyframes": [{"loc": [36, 25], "index": 0, "tweened": false, "duration": 1, "pivot": [36, 20], "ref": "sunglasses3_s"}]}, {"name": "item", "keyframes": [{"loc": [34.5, 19], "index": 0, "tweened": false, "duration": 1, "pivot": [31, 19], "ref": "sunglasses3_i"}]}], "id": "~itm/sunglasses_03"}, {"layers": [{"name": "shadow", "keyframes": [{"loc": [40, 25], "index": 0, "tweened": false, "duration": 1, "pivot": [40, 20], "ref": "sunglasses4_s"}]}, {"name": "item", "keyframes": [{"loc": [46.5, 19], "index": 0, "tweened": false, "duration": 1, "pivot": [31, 19], "ref": "sunglasses4_i"}]}], "id": "~itm/sunglasses_04"}, {"layers": [{"name": "shadow", "keyframes": [{"loc": [18, 85], "index": 0, "tweened": false, "duration": 1, "pivot": [18, 85], "ref": "umbrella1_s"}]}, {"name": "invisible", "keyframes": [{"loc": [29.5, 11], "index": 0, "tweened": false, "duration": 1, "pivot": [7, 8], "ref": "umbrella1_inv"}]}, {"name": "item", "keyframes": [{"loc": [18.5, 84], "index": 0, "tweened": false, "duration": 1, "pivot": [18, 83], "ref": "umbrella1_i"}]}], "id": "~itm/umbrella_01"}, {"layers": [{"name": "shadow", "keyframes": [{"loc": [23.5, 86.5], "index": 0, "tweened": false, "duration": 1, "pivot": [14, 84], "ref": "umbrella2_s"}]}, {"name": "invisible", "keyframes": [{"loc": [28, 10.5], "index": 0, "tweened": false, "duration": 1, "pivot": [5, 7], "ref": "umbrella2_inv"}]}, {"name": "item", "keyframes": [{"loc": [16, 82], "index": 0, "tweened": false, "duration": 1, "pivot": [16, 82], "ref": "umbrella2_i"}]}], "id": "~itm/umbrella_02"}, {"layers": [{"name": "shadow", "keyframes": [{"loc": [31.5, 77.5], "index": 0, "tweened": false, "duration": 1, "pivot": [22, 71], "ref": "umbrella3_s"}]}, {"name": "invisible", "keyframes": [{"loc": [38, 14.5], "index": 0, "tweened": false, "duration": 1, "pivot": [4, 5], "ref": "umbrella3_inv"}]}, {"name": "item", "keyframes": [{"loc": [21, 108], "index": 0, "tweened": false, "duration": 1, "pivot": [21, 108], "ref": "umbrella3_i"}]}], "id": "~itm/umbrella_03"}, {"layers": [{"name": "shadow", "keyframes": [{"loc": [22, 88], "index": 0, "tweened": false, "duration": 1, "pivot": [22, 79], "ref": "umbrella4_s"}]}, {"name": "invisible", "keyframes": [{"loc": [17.5, 21.5], "index": 0, "tweened": false, "duration": 1, "pivot": [8, 11], "ref": "umbrella4_inv"}]}, {"name": "item", "keyframes": [{"loc": [33, 139], "index": 0, "tweened": false, "duration": 1, "pivot": [22, 139], "ref": "umbrella4_i"}]}], "id": "~itm/umbrella_04"}, {"layers": [{"name": "shadow", "keyframes": [{"loc": [29, 38.5], "index": 0, "tweened": false, "duration": 1, "pivot": [29, 38], "ref": "vase1_s"}]}, {"name": "item", "keyframes": [{"loc": [37.5, 37], "index": 0, "tweened": false, "duration": 1, "pivot": [20, 37], "ref": "vase1_i"}]}], "id": "~itm/vase_01"}, {"layers": [{"name": "shadow", "keyframes": [{"loc": [34, 90], "index": 0, "tweened": false, "duration": 1, "pivot": [34, 90], "ref": "vase2_s"}]}, {"name": "item", "keyframes": [{"loc": [41, 54.5], "index": 0, "tweened": false, "duration": 1, "pivot": [27, 50], "ref": "vase2_i"}]}], "id": "~itm/vase_02"}, {"layers": [{"name": "shadow", "keyframes": [{"loc": [29, 78], "index": 0, "tweened": false, "duration": 1, "pivot": [29, 78], "ref": "vase3_s"}]}, {"name": "item", "keyframes": [{"loc": [25, 47.5], "index": 0, "tweened": false, "duration": 1, "pivot": [24, 44], "ref": "vase3_i"}]}], "id": "~itm/vase_03"}, {"layers": [{"name": "shadow", "keyframes": [{"loc": [31, 42], "index": 0, "tweened": false, "duration": 1, "pivot": [23, 42], "ref": "vase4_s"}]}, {"name": "item", "keyframes": [{"loc": [22, 42], "index": 0, "tweened": false, "duration": 1, "pivot": [22, 41], "ref": "vase4_i"}]}], "id": "~itm/vase_04"}], "md5": "2c36ffd79d8544b78c5686c1ebc2ce9e", "textureGroups": [{"atlases": [{"textures": [{"origin": [0, 0], "symbol": "_bounds", "rect": [1, 1, 653, 491]}, {"origin": [0, 0], "symbol": "medicalgown1_i", "rect": [656, 1, 332, 218]}, {"origin": [0, 0], "symbol": "medicalgown4_s", "rect": [656, 221, 158, 330]}, {"origin": [0, 0], "symbol": "medicalgown3_s", "rect": [816, 221, 156, 314]}, {"origin": [0, 0], "symbol": "medicalgown4_i", "rect": [816, 537, 152, 318]}, {"origin": [0, 0], "symbol": "medicalgown3_i", "rect": [1, 494, 142, 312]}, {"origin": [0, 0], "symbol": "medicalgown2_i", "rect": [145, 494, 122, 272]}, {"origin": [0, 0], "symbol": "medicalgown2_s", "rect": [269, 494, 116, 274]}, {"origin": [0, 0], "symbol": "handbag4_s", "rect": [145, 768, 116, 172]}, {"origin": [0, 0], "symbol": "handbag2_i", "rect": [1, 808, 114, 166]}, {"origin": [0, 0], "symbol": "handbag3_i", "rect": [387, 494, 116, 162]}, {"origin": [0, 0], "symbol": "handbag4_i", "rect": [505, 494, 110, 170]}, {"origin": [0, 0], "symbol": "hat4_i", "rect": [617, 553, 132, 136]}, {"origin": [0, 0], "symbol": "scarf4_s", "rect": [387, 658, 72, 226]}, {"origin": [0, 0], "symbol": "handbag2_s", "rect": [461, 666, 152, 106]}, {"origin": [0, 0], "symbol": "model3_i", "rect": [263, 770, 106, 150]}, {"origin": [0, 0], "symbol": "scarf4_i", "rect": [615, 691, 66, 226]}, {"origin": [0, 0], "symbol": "handbag1_i", "rect": [371, 886, 154, 96]}, {"origin": [0, 0], "symbol": "scarf1_i", "rect": [527, 774, 68, 194]}, {"origin": [0, 0], "symbol": "atlas4_s", "rect": [683, 691, 112, 112]}, {"origin": [0, 0], "symbol": "scarf1_s", "rect": [263, 922, 72, 174]}, {"origin": [0, 0], "symbol": "handbag3_s", "rect": [117, 942, 84, 146]}, {"origin": [0, 0], "symbol": "vase2_s", "rect": [1, 976, 68, 180]}, {"origin": [0, 0], "symbol": "umbrella4_i", "rect": [71, 976, 44, 278]}, {"origin": [0, 0], "symbol": "hat2_i", "rect": [117, 1090, 120, 100]}, {"origin": [0, 0], "symbol": "handbag1_s", "rect": [683, 857, 162, 72]}, {"origin": [0, 0], "symbol": "model2_i", "rect": [847, 857, 86, 126]}, {"origin": [0, 0], "symbol": "calendar3_s", "rect": [935, 857, 88, 116]}, {"origin": [0, 0], "symbol": "scarf3_s", "rect": [1, 1158, 56, 174]}, {"origin": [0, 0], "symbol": "calendar4_i", "rect": [935, 975, 78, 118]}, {"origin": [0, 0], "symbol": "umbrella3_i", "rect": [970, 537, 42, 216]}, {"origin": [0, 0], "symbol": "vase3_s", "rect": [597, 919, 58, 156]}, {"origin": [0, 0], "symbol": "scarf3_i", "rect": [527, 970, 52, 172]}, {"origin": [0, 0], "symbol": "calendar3_i", "rect": [337, 984, 78, 110]}, {"origin": [0, 0], "symbol": "model1_i", "rect": [417, 984, 76, 112]}, {"origin": [0, 0], "symbol": "photo4_s", "rect": [657, 931, 102, 82]}, {"origin": [0, 0], "symbol": "model4_i", "rect": [337, 1096, 74, 112]}, {"origin": [0, 0], "symbol": "hat1_i", "rect": [413, 1098, 104, 78]}, {"origin": [0, 0], "symbol": "model3_s", "rect": [761, 985, 138, 58]}, {"origin": [0, 0], "symbol": "aquarium2_i", "rect": [239, 1098, 90, 88]}, {"origin": [0, 0], "symbol": "glove4_s", "rect": [239, 1188, 70, 106]}, {"origin": [0, 0], "symbol": "atlas4_i", "rect": [117, 1192, 80, 92]}, {"origin": [0, 0], "symbol": "umbrella4_s", "rect": [974, 221, 44, 158]}, {"origin": [0, 0], "symbol": "aquarium3_i", "rect": [657, 1015, 84, 82]}, {"origin": [0, 0], "symbol": "model4_s", "rect": [59, 1286, 80, 84]}, {"origin": [0, 0], "symbol": "atlas2_s", "rect": [141, 1286, 76, 88]}, {"origin": [0, 0], "symbol": "hat4_s", "rect": [1, 1372, 80, 82]}, {"origin": [0, 0], "symbol": "photo4_i", "rect": [743, 1045, 86, 76]}, {"origin": [0, 0], "symbol": "medicalgown1_s", "rect": [581, 1077, 72, 90]}, {"origin": [0, 0], "symbol": "bandage1_s", "rect": [831, 1045, 92, 70]}, {"origin": [0, 0], "symbol": "bandage1_i", "rect": [925, 1095, 88, 72]}, {"origin": [0, 0], "symbol": "calendar2_s", "rect": [655, 1099, 66, 96]}, {"origin": [0, 0], "symbol": "umbrella3_s", "rect": [974, 381, 44, 142]}, {"origin": [0, 0], "symbol": "bandage3_i", "rect": [831, 1117, 88, 70]}, {"origin": [0, 0], "symbol": "umbrella1_s", "rect": [83, 1372, 36, 170]}, {"origin": [0, 0], "symbol": "firstaidkit4_s", "rect": [921, 1169, 92, 66]}, {"origin": [0, 0], "symbol": "scarf2_s", "rect": [203, 942, 44, 136]}, {"origin": [0, 0], "symbol": "umbrella1_i", "rect": [1, 1456, 36, 166]}, {"origin": [0, 0], "symbol": "aquarium4_i", "rect": [723, 1123, 78, 76]}, {"origin": [0, 0], "symbol": "firstaidkit1_i", "rect": [803, 1189, 92, 64]}, {"origin": [0, 0], "symbol": "coffeepot1_i", "rect": [461, 774, 64, 92]}, {"origin": [0, 0], "symbol": "scissors4_s", "rect": [897, 1237, 98, 60]}, {"origin": [0, 0], "symbol": "coffeepot2_i", "rect": [519, 1169, 64, 90]}, {"origin": [0, 0], "symbol": "calendar2_i", "rect": [751, 553, 60, 94]}, {"origin": [0, 0], "symbol": "photo3_i", "rect": [413, 1178, 76, 74]}, {"origin": [0, 0], "symbol": "atlas2_i", "rect": [585, 1169, 68, 82]}, {"origin": [0, 0], "symbol": "firstaidkit4_i", "rect": [311, 1210, 86, 64]}, {"origin": [0, 0], "symbol": "model2_s", "rect": [683, 805, 114, 48]}, {"origin": [0, 0], "symbol": "photo3_s", "rect": [399, 1254, 76, 72]}, {"origin": [0, 0], "symbol": "glove4_i", "rect": [655, 1197, 58, 94]}, {"origin": [0, 0], "symbol": "vase2_i", "rect": [585, 1253, 54, 100]}, {"origin": [0, 0], "symbol": "umbrella2_i", "rect": [990, 1, 32, 164]}, {"origin": [0, 0], "symbol": "scarf2_i", "rect": [39, 1456, 42, 124]}, {"origin": [0, 0], "symbol": "scissors3_s", "rect": [311, 1276, 86, 60]}, {"origin": [0, 0], "symbol": "newspaper3_i", "rect": [477, 1261, 106, 48]}, {"origin": [0, 0], "symbol": "hat3_i", "rect": [219, 1296, 76, 66]}, {"origin": [0, 0], "symbol": "newspaper4_i", "rect": [477, 1311, 88, 56]}, {"origin": [0, 0], "symbol": "firstaidkit3_i", "rect": [399, 1328, 76, 64]}, {"origin": [0, 0], "symbol": "newspaper4_s", "rect": [297, 1338, 96, 50]}, {"origin": [0, 0], "symbol": "scissors4_i", "rect": [121, 1376, 88, 54]}, {"origin": [0, 0], "symbol": "glove1_s", "rect": [219, 1364, 54, 88]}, {"origin": [0, 0], "symbol": "scissors1_i", "rect": [275, 1390, 98, 48]}, {"origin": [0, 0], "symbol": "pinbrush4_s", "rect": [121, 1432, 84, 56]}, {"origin": [0, 0], "symbol": "umbrella2_s", "rect": [715, 1201, 28, 168]}, {"origin": [0, 0], "symbol": "calendar1_i", "rect": [970, 755, 48, 96]}, {"origin": [0, 0], "symbol": "hat1_s", "rect": [567, 1355, 100, 46]}, {"origin": [0, 0], "symbol": "hat2_s", "rect": [477, 1369, 74, 62]}, {"origin": [0, 0], "symbol": "pinbrush4_i", "rect": [375, 1394, 84, 54]}, {"origin": [0, 0], "symbol": "phone3_s", "rect": [745, 1201, 56, 80]}, {"origin": [0, 0], "symbol": "bandage4_i", "rect": [275, 1440, 76, 58]}, {"origin": [0, 0], "symbol": "vase1_s", "rect": [207, 1454, 58, 76]}, {"origin": [0, 0], "symbol": "aquarium2_s", "rect": [745, 1283, 100, 44]}, {"origin": [0, 0], "symbol": "scissors3_i", "rect": [121, 1490, 80, 54]}, {"origin": [0, 0], "symbol": "bandage2_s", "rect": [847, 1299, 80, 54]}, {"origin": [0, 0], "symbol": "model1_s", "rect": [745, 1355, 102, 42]}, {"origin": [0, 0], "symbol": "newspaper3_inv", "rect": [849, 1355, 96, 44]}, {"origin": [0, 0], "symbol": "vase3_i", "rect": [669, 1371, 48, 88]}, {"origin": [0, 0], "symbol": "photo1_s", "rect": [641, 1293, 70, 60]}, {"origin": [0, 0], "symbol": "bandage2_i", "rect": [947, 1299, 72, 58]}, {"origin": [0, 0], "symbol": "phone2_i", "rect": [947, 1359, 52, 80]}, {"origin": [0, 0], "symbol": "glove2_s", "rect": [553, 1403, 56, 74]}, {"origin": [0, 0], "symbol": "bandage4_s", "rect": [761, 931, 78, 52]}, {"origin": [0, 0], "symbol": "phone4_i", "rect": [611, 1403, 50, 80]}, {"origin": [0, 0], "symbol": "glove1_i", "rect": [461, 1433, 50, 80]}, {"origin": [0, 0], "symbol": "shoe4_i", "rect": [513, 1479, 62, 64]}, {"origin": [0, 0], "symbol": "photo1_i", "rect": [353, 1450, 68, 58]}, {"origin": [0, 0], "symbol": "vase4_s", "rect": [267, 1500, 46, 84]}, {"origin": [0, 0], "symbol": "bandage3_s", "rect": [315, 1510, 80, 48]}, {"origin": [0, 0], "symbol": "newspaper2_i", "rect": [397, 1515, 106, 36]}, {"origin": [0, 0], "symbol": "coffeepot1_s", "rect": [719, 1399, 112, 34]}, {"origin": [0, 0], "symbol": "photo2_i", "rect": [833, 1401, 68, 56]}, {"origin": [0, 0], "symbol": "coffeepot2_s", "rect": [719, 1435, 104, 36]}, {"origin": [0, 0], "symbol": "pinbrush3_i", "rect": [903, 1441, 76, 48]}, {"origin": [0, 0], "symbol": "envelope3_s", "rect": [981, 1441, 42, 86]}, {"origin": [0, 0], "symbol": "vase4_i", "rect": [663, 1461, 44, 82]}, {"origin": [0, 0], "symbol": "scissors1_s", "rect": [83, 1546, 100, 36]}, {"origin": [0, 0], "symbol": "firstaidkit1_s", "rect": [39, 1584, 112, 32]}, {"origin": [0, 0], "symbol": "phone3_i", "rect": [203, 1532, 48, 74]}, {"origin": [0, 0], "symbol": "newspaper2_s", "rect": [709, 1473, 110, 32]}, {"origin": [0, 0], "symbol": "shoe3_i", "rect": [825, 1459, 64, 54]}, {"origin": [0, 0], "symbol": "glove2_i", "rect": [153, 1584, 48, 72]}, {"origin": [0, 0], "symbol": "firstaidkit2_i", "rect": [577, 1485, 78, 44]}, {"origin": [0, 0], "symbol": "reward4_i", "rect": [577, 1531, 44, 78]}, {"origin": [0, 0], "symbol": "reward3_i", "rect": [505, 1545, 44, 78]}, {"origin": [0, 0], "symbol": "atlas3_s", "rect": [39, 1618, 62, 54]}, {"origin": [0, 0], "symbol": "shoe1_i", "rect": [891, 1491, 56, 58]}, {"origin": [0, 0], "symbol": "sunglasses2_s", "rect": [397, 1553, 80, 40]}, {"origin": [0, 0], "symbol": "sunglasses4_s", "rect": [315, 1560, 80, 40]}, {"origin": [0, 0], "symbol": "aquarium3_s", "rect": [397, 1595, 96, 32]}, {"origin": [0, 0], "symbol": "pinbrush3_s", "rect": [709, 1507, 76, 40]}, {"origin": [0, 0], "symbol": "perfume2_i", "rect": [103, 1618, 46, 66]}, {"origin": [0, 0], "symbol": "perfume3_i", "rect": [253, 1586, 46, 66]}, {"origin": [0, 0], "symbol": "aquarium1_i", "rect": [1, 1674, 56, 54]}, {"origin": [0, 0], "symbol": "shoe2_i", "rect": [949, 1529, 60, 50]}, {"origin": [0, 0], "symbol": "vase1_i", "rect": [59, 1674, 40, 74]}, {"origin": [0, 0], "symbol": "perfume1_i", "rect": [1, 1730, 46, 64]}, {"origin": [0, 0], "symbol": "shoe3_s", "rect": [301, 1602, 86, 34]}, {"origin": [0, 0], "symbol": "medicalsticker1_i", "rect": [203, 1608, 44, 66]}, {"origin": [0, 0], "symbol": "envelope3_i", "rect": [199, 1192, 38, 76]}, {"origin": [0, 0], "symbol": "scissors2_s", "rect": [623, 1545, 80, 36]}, {"origin": [0, 0], "symbol": "sunglasses3_s", "rect": [787, 1515, 72, 40]}, {"origin": [0, 0], "symbol": "aquarium4_s", "rect": [705, 1557, 88, 32]}, {"origin": [0, 0], "symbol": "firstaidkit2_inv", "rect": [623, 1583, 70, 40]}, {"origin": [0, 0], "symbol": "medicalsticker4_i", "rect": [151, 1658, 42, 66]}, {"origin": [0, 0], "symbol": "perfume4_i", "rect": [101, 1686, 42, 66]}, {"origin": [0, 0], "symbol": "newspaper1_i", "rect": [861, 1551, 86, 32]}, {"origin": [0, 0], "symbol": "pinbrush1_s", "rect": [795, 1585, 76, 36]}, {"origin": [0, 0], "symbol": "firstaidkit3_s", "rect": [949, 1581, 72, 38]}, {"origin": [0, 0], "symbol": "phone1_i", "rect": [49, 1750, 44, 62]}, {"origin": [0, 0], "symbol": "shoe4_s", "rect": [551, 1611, 68, 40]}, {"origin": [0, 0], "symbol": "hat3_s", "rect": [873, 1585, 58, 46]}, {"origin": [0, 0], "symbol": "pinbrush1_i", "rect": [933, 1621, 74, 36]}, {"origin": [0, 0], "symbol": "reward2_i", "rect": [1, 1796, 40, 66]}, {"origin": [0, 0], "symbol": "reward1_i", "rect": [495, 1625, 40, 66]}, {"origin": [0, 0], "symbol": "nosmokingsign3_i", "rect": [389, 1629, 52, 50]}, {"origin": [0, 0], "symbol": "clock3_i", "rect": [443, 1629, 38, 68]}, {"origin": [0, 0], "symbol": "phone4_s", "rect": [751, 649, 62, 40]}, {"origin": [0, 0], "symbol": "newspaper1_s", "rect": [695, 1591, 88, 28]}, {"origin": [0, 0], "symbol": "atlas1_s", "rect": [301, 1638, 44, 56]}, {"origin": [0, 0], "symbol": "scarf1_inv", "rect": [249, 1654, 50, 48]}, {"origin": [0, 0], "symbol": "coffeepot4_s", "rect": [195, 1676, 46, 52]}, {"origin": [0, 0], "symbol": "coffeepot3_s", "rect": [145, 1726, 46, 52]}, {"origin": [0, 0], "symbol": "shoe2_s", "rect": [347, 1681, 66, 36]}, {"origin": [0, 0], "symbol": "sunglasses3_i", "rect": [243, 1704, 62, 38]}, {"origin": [0, 0], "symbol": "sunglasses2_i", "rect": [695, 1621, 62, 38]}, {"origin": [0, 0], "symbol": "sunglasses4_i", "rect": [621, 1625, 62, 38]}, {"origin": [0, 0], "symbol": "scissors2_i", "rect": [537, 1653, 72, 32]}, {"origin": [0, 0], "symbol": "model4_inv", "rect": [495, 984, 24, 96]}, {"origin": [0, 0], "symbol": "atlas1_i", "rect": [95, 1754, 42, 54]}, {"origin": [0, 0], "symbol": "perfume1_s", "rect": [759, 1623, 70, 32]}, {"origin": [0, 0], "symbol": "perfume4_s", "rect": [831, 1633, 70, 32]}, {"origin": [0, 0], "symbol": "sunglasses1_s", "rect": [759, 1657, 70, 32]}, {"origin": [0, 0], "symbol": "perfume3_s", "rect": [685, 1661, 70, 32]}, {"origin": [0, 0], "symbol": "shoe1_s", "rect": [611, 1665, 60, 36]}, {"origin": [0, 0], "symbol": "medicalsticker3_i", "rect": [423, 1450, 34, 62]}, {"origin": [0, 0], "symbol": "coffeepot4_i", "rect": [193, 1730, 42, 50]}, {"origin": [0, 0], "symbol": "coffeepot3_i", "rect": [139, 1780, 42, 49]}, {"origin": [0, 0], "symbol": "crumpledpaper2_i", "rect": [43, 1814, 46, 44]}, {"origin": [0, 0], "symbol": "newspaper4_inv", "rect": [91, 1814, 46, 44]}, {"origin": [0, 0], "symbol": "atlas3_i", "rect": [537, 1687, 42, 48]}, {"origin": [0, 0], "symbol": "medicalsticker2_i", "rect": [617, 494, 36, 54]}, {"origin": [0, 0], "symbol": "pinbrush2_i", "rect": [415, 1699, 66, 28]}, {"origin": [0, 0], "symbol": "reward3_s", "rect": [307, 1719, 66, 28]}, {"origin": [0, 0], "symbol": "sunglasses1_i", "rect": [1, 1334, 54, 32]}, {"origin": [0, 0], "symbol": "envelope4_s", "rect": [901, 985, 32, 54]}, {"origin": [0, 0], "symbol": "pinbrush2_s", "rect": [803, 1255, 66, 26]}, {"origin": [0, 0], "symbol": "phone2_s", "rect": [483, 1693, 50, 34]}, {"origin": [0, 0], "symbol": "mug2_i", "rect": [237, 1744, 42, 40]}, {"origin": [0, 0], "symbol": "clock4_i", "rect": [337, 922, 30, 56]}, {"origin": [0, 0], "symbol": "handbag3_inv", "rect": [491, 1178, 24, 68]}, {"origin": [0, 0], "symbol": "envelope1_s", "rect": [903, 1659, 54, 30]}, {"origin": [0, 0], "symbol": "envelope4_i", "rect": [375, 1719, 30, 54]}, {"origin": [0, 0], "symbol": "perfume2_s", "rect": [183, 1782, 50, 32]}, {"origin": [0, 0], "symbol": "nosmokingsign2_i", "rect": [347, 1638, 40, 40]}, {"origin": [0, 0], "symbol": "reward4_s", "rect": [745, 1329, 66, 24]}, {"origin": [0, 0], "symbol": "firstaidkit2_s", "rect": [513, 1433, 36, 44]}, {"origin": [0, 0], "symbol": "clock3_s", "rect": [795, 1557, 64, 24]}, {"origin": [0, 0], "symbol": "envelope2_i", "rect": [551, 1545, 24, 64]}, {"origin": [0, 0], "symbol": "crumpledpaper3_i", "rect": [903, 1401, 40, 38]}, {"origin": [0, 0], "symbol": "photo3_inv", "rect": [959, 1659, 40, 38]}, {"origin": [0, 0], "symbol": "smokeoccupancy3_s", "rect": [831, 1667, 44, 34]}, {"origin": [0, 0], "symbol": "phone1_s", "rect": [59, 1256, 52, 28]}, {"origin": [0, 0], "symbol": "nosmokingsign4_i", "rect": [757, 1691, 38, 38]}, {"origin": [0, 0], "symbol": "scarf2_inv", "rect": [281, 1749, 38, 38]}, {"origin": [0, 0], "symbol": "envelope1_i", "rect": [321, 1749, 48, 30]}, {"origin": [0, 0], "symbol": "crumpledpaper4_i", "rect": [235, 1786, 38, 36]}, {"origin": [0, 0], "symbol": "crumpledpaper1_i", "rect": [183, 1816, 38, 36]}, {"origin": [0, 0], "symbol": "smokeoccupancy2_s", "rect": [139, 1831, 42, 32]}, {"origin": [0, 0], "symbol": "smokeoccupancy1_s", "rect": [43, 1860, 42, 32]}, {"origin": [0, 0], "symbol": "reward2_s", "rect": [519, 1144, 60, 22]}, {"origin": [0, 0], "symbol": "reward1_s", "rect": [877, 1691, 60, 22]}, {"origin": [0, 0], "symbol": "crumpledpaper3_s", "rect": [87, 1860, 50, 26]}, {"origin": [0, 0], "symbol": "glove3_i", "rect": [990, 167, 28, 42]}, {"origin": [0, 0], "symbol": "mug3_s", "rect": [1, 1624, 36, 32]}, {"origin": [0, 0], "symbol": "mug1_i", "rect": [1, 1864, 36, 32]}, {"origin": [0, 0], "symbol": "clock2_s", "rect": [997, 1237, 26, 44]}, {"origin": [0, 0], "symbol": "clock1_s", "rect": [803, 1123, 26, 44]}, {"origin": [0, 0], "symbol": "nosmokingsign1_i", "rect": [797, 1691, 30, 38]}, {"origin": [0, 0], "symbol": "mug3_i", "rect": [829, 1703, 34, 32]}, {"origin": [0, 0], "symbol": "mug4_s", "rect": [673, 1695, 34, 32]}, {"origin": [0, 0], "symbol": "mug4_i", "rect": [709, 1695, 32, 32]}, {"origin": [0, 0], "symbol": "crumpledpaper1_s", "rect": [939, 1699, 46, 22]}, {"origin": [0, 0], "symbol": "calendar4_s", "rect": [865, 1715, 56, 18]}, {"origin": [0, 0], "symbol": "firstaidkit1_inv", "rect": [581, 1703, 56, 18]}, {"origin": [0, 0], "symbol": "smokeoccupancy4_s", "rect": [987, 1699, 36, 28]}, {"origin": [0, 0], "symbol": "glove4_inv", "rect": [923, 1723, 44, 22]}, {"origin": [0, 0], "symbol": "crumpledpaper4_s", "rect": [969, 1729, 48, 20]}, {"origin": [0, 0], "symbol": "clock1_i", "rect": [479, 1553, 24, 40]}, {"origin": [0, 0], "symbol": "clock2_i", "rect": [871, 1255, 24, 40]}, {"origin": [0, 0], "symbol": "bandage4_inv", "rect": [865, 1735, 38, 22]}, {"origin": [0, 0], "symbol": "mug1_s", "rect": [905, 1747, 46, 18]}, {"origin": [0, 0], "symbol": "smokeoccupancy1_i", "rect": [953, 1751, 34, 24]}, {"origin": [0, 0], "symbol": "smokeoccupancy3_i", "rect": [989, 1751, 34, 24]}, {"origin": [0, 0], "symbol": "smokeoccupancy2_i", "rect": [581, 1723, 34, 24]}, {"origin": [0, 0], "symbol": "glove2_inv", "rect": [617, 1723, 36, 22]}, {"origin": [0, 0], "symbol": "calendar1_s", "rect": [461, 868, 52, 14]}, {"origin": [0, 0], "symbol": "handbag2_inv", "rect": [307, 1696, 34, 20]}, {"origin": [0, 0], "symbol": "firstaidkit3_inv", "rect": [1001, 1659, 20, 34]}, {"origin": [0, 0], "symbol": "aquarium1_s", "rect": [655, 1729, 54, 12]}, {"origin": [0, 0], "symbol": "smokeoccupancy4_i", "rect": [813, 1329, 30, 20]}, {"origin": [0, 0], "symbol": "glove1_inv", "rect": [199, 1270, 38, 14]}, {"origin": [0, 0], "symbol": "mug2_s", "rect": [669, 1355, 44, 12]}, {"origin": [0, 0], "symbol": "shoe2_inv", "rect": [877, 1667, 24, 22]}, {"origin": [0, 0], "symbol": "shoe3_inv", "rect": [719, 1371, 24, 22]}, {"origin": [0, 0], "symbol": "glove3_inv", "rect": [997, 1283, 26, 14]}, {"origin": [0, 0], "symbol": "umbrella4_inv", "rect": [655, 1703, 16, 22]}, {"origin": [0, 0], "symbol": "calendar2_inv", "rect": [581, 1687, 24, 12]}, {"origin": [0, 0], "symbol": "bandage1_inv", "rect": [847, 1283, 22, 12]}, {"origin": [0, 0], "symbol": "umbrella1_inv", "rect": [639, 1703, 14, 16]}, {"origin": [0, 0], "symbol": "scissors2_inv", "rect": [657, 919, 20, 10]}, {"origin": [0, 0], "symbol": "perfume4_inv", "rect": [207, 1432, 8, 20]}, {"origin": [0, 0], "symbol": "umbrella2_inv", "rect": [515, 868, 10, 14]}, {"origin": [0, 0], "symbol": "umbrella3_inv", "rect": [709, 1461, 8, 10]}], "file": "atlas0.atf"}], "scaleFactor": 1}], "isNamespaced": false}