<xmlui modify="2016-06-09 17:33:33" scale="1"><libraryItem libraryName="character" itemType="movie clip" folder="" linkageClassName="character"><element type="image" name="emotions" frame="small_smile" width="800" height="677.15" libraryItem="character_small_smile"/><element type="image" name="emotions" frame="angry" width="800" height="677.15" libraryItem="character_angry"/><element type="image" name="emotions" frame="normal" width="800" height="677.15" libraryItem="character_normal"/><element type="image" name="emotions" frame="funny" width="800" height="677.15" libraryItem="character_funny"/><element type="image" name="emotions" frame="smile" width="800" height="677.15" libraryItem="character_smile"/><element type="image" name="emotions" frame="surprised" width="800" height="677.15" libraryItem="character_surprised"/></libraryItem><libraryItem libraryName="character_small_smile" itemType="movie clip" folder="" linkageClassName="character_small_smile"><element type="instance" name="Слой 1" width="800" height="677.15" scaleY="0.846435546875" libraryItem="003.png"/></libraryItem><libraryItem libraryName="character_angry" itemType="movie clip" folder="" linkageClassName="character_angry"><element type="instance" name="Слой 1" width="800" height="677.15" scaleY="0.846435546875" libraryItem="003.png"/></libraryItem><libraryItem libraryName="character_normal" itemType="movie clip" folder="" linkageClassName="character_normal"><element type="instance" name="Слой 1" width="800" height="677.15" scaleY="0.846435546875" libraryItem="003.png"/></libraryItem><libraryItem libraryName="character_funny" itemType="movie clip" folder="" linkageClassName="character_funny"><element type="instance" name="Слой 1" width="800" height="677.15" scaleY="0.846435546875" libraryItem="003.png"/></libraryItem><libraryItem libraryName="character_smile" itemType="movie clip" folder="" linkageClassName="character_smile"><element type="instance" name="Слой 1" width="800" height="677.15" scaleY="0.846435546875" libraryItem="003.png"/></libraryItem><libraryItem libraryName="character_surprised" itemType="movie clip" folder="" linkageClassName="character_surprised"><element type="instance" name="Слой 1" width="800" height="677.15" scaleY="0.846435546875" libraryItem="003.png"/></libraryItem><libraryItem libraryName="003.png" itemType="bitmap" folder="" bitmapIndex="0.png"><element type="instance" name="character" width="640" height="601.9" scaleX="0.79998779296875" scaleY="0.8888702392578125" libraryItem="character"/></libraryItem></xmlui>