{"textureFormat": "atf", "frameRate": 24, "movies": [{"layers": [{"name": "[bg]", "keyframes": [{"duration": 1, "index": 0, "ref": "~bg", "tweened": false, "loc": [0, -0.425]}]}, {"name": "plan", "keyframes": [{"duration": 1, "index": 0, "ref": "plan", "tweened": false}]}], "id": "Graph_Map"}, {"layers": [{"name": "path", "keyframes": [{"loc": [139.975, 22.975], "index": 0, "tweened": false, "duration": 1, "pivot": [136.75, 32.825], "ref": "path_2"}]}, {"name": "place", "keyframes": [{"duration": 1, "index": 0, "ref": "room_1", "tweened": false, "loc": [280.075, 0]}]}], "id": "location_2"}, {"layers": [{"name": "room_hosp_zoom", "keyframes": [{"loc": [73.225, 458.275], "scale": [0.6, 0.6], "index": 0, "tweened": false, "duration": 1, "ref": "room_1"}]}, {"name": "room_security", "keyframes": [{"loc": [352.475, 381.975], "index": 0, "tweened": false, "duration": 1, "pivot": [33.75, 26.25], "ref": "room_1"}]}, {"name": "room_frost_zoom", "keyframes": [{"loc": [247.95, 453.275], "scale": [0.6, 0.6], "index": 0, "tweened": false, "duration": 1, "ref": "room_1"}]}, {"name": "room_aphoteke", "keyframes": [{"loc": [298.55, 286.225], "scale": [0.6, 0.6], "index": 0, "tweened": false, "duration": 1, "ref": "room_1"}]}, {"name": "room_frost", "keyframes": [{"loc": [179.9, 368.1], "scale": [0.6, 0.6], "index": 0, "tweened": false, "duration": 1, "ref": "room_1"}]}, {"name": "room_hosp", "keyframes": [{"loc": [125.425, 297.725], "scale": [0.6, 0.6], "index": 0, "tweened": false, "duration": 1, "ref": "room_1"}]}], "id": "places"}, {"layers": [{"name": "room_hosp_zoom", "keyframes": [{"loc": [158.5483, 394.624], "scale": [0.2, 0.4], "index": 0, "skew": [-2.4435, -2.4434], "tweened": false, "duration": 1, "pivot": [85.5, 148.275], "ref": "\u0421\u0438\u043c\u0432\u043e\u043b1"}]}, {"name": "room_aphoteke", "keyframes": [{"loc": [256.9517, 302.626], "scale": [0.2, 0.4], "index": 0, "skew": [0.6981, 0.6982], "tweened": false, "duration": 1, "pivot": [85.5, 148.275], "ref": "\u0421\u0438\u043c\u0432\u043e\u043b1"}]}, {"name": "room_aphoteke_zoom", "keyframes": [{"loc": [373.5718, 299.5987], "scale": [0.2, 0.35], "index": 0, "skew": [1.9199, 1.9198], "tweened": false, "duration": 1, "pivot": [85.45, 148.175], "ref": "\u0421\u0438\u043c\u0432\u043e\u043b1"}]}, {"name": "room_frost_zoom", "keyframes": [{"loc": [349.6007, 403.9775], "scale": [0.2, 0.6], "index": 0, "skew": [-2.4435, -2.4435], "tweened": false, "duration": 1, "pivot": [85.5, 148.125], "ref": "\u0421\u0438\u043c\u0432\u043e\u043b1"}]}, {"name": "room_frost", "keyframes": [{"loc": [172.5022, 311.5739], "scale": [0.2, 0.2], "index": 0, "skew": [2.0944, 2.0944], "tweened": false, "duration": 1, "pivot": [85.55, 148.2], "ref": "\u0421\u0438\u043c\u0432\u043e\u043b1"}]}], "id": "placesclip"}, {"layers": [{"name": "places", "keyframes": [{"duration": 1, "index": 0, "ref": "places", "tweened": false}]}, {"name": "pathes", "keyframes": [{"duration": 1, "index": 0, "ref": "placesclip", "tweened": false}]}], "id": "plan"}, {"layers": [{"name": "0_0", "keyframes": [{"duration": 1, "index": 0, "ref": "plan_0_0", "tweened": false}]}, {"name": "0_1", "keyframes": [{"duration": 1, "index": 0, "ref": "plan_0_1", "tweened": false, "loc": [0, 319.5]}]}], "id": "~bg"}], "md5": "c77ae0d6a4722f09b79f5b0e4006fd2e", "textureGroups": [{"atlases": [{"textures": [{"origin": [0, 0], "symbol": "plan_0_0", "rect": [1, 1, 899, 320]}, {"origin": [0, 0], "symbol": "plan_0_1", "rect": [1, 323, 899, 320]}, {"origin": [0, 0], "symbol": "\u0421\u0438\u043c\u0432\u043e\u043b1", "rect": [1, 645, 171, 297]}, {"origin": [1, 28.1], "symbol": "path_2", "rect": [1, 944, 317, 65]}, {"origin": [0, 0], "symbol": "room_1", "rect": [902, 1, 68, 53]}], "file": "atlas0.atf"}], "scaleFactor": 1}], "isNamespaced": false}