<xmlui modify="2016-10-27 17:32:00" scale="0.5" textureType="png"><libraryItem libraryName="_ASSETS" itemType="folder" folder=""><element type="instance" name="shadow_renderer" x="148.9" y="-120.05" width="96.375" height="96.375" libraryItem="control_shadow"/><element type="instance" name="word_renderer" x="524.05" y="341.325" width="527" height="61" libraryItem="control_word"/><element type="instance" name="bottom" y="58" width="2048" height="150" scaleX="0.9999847412109375" libraryItem="control_bottom_panel"/><element type="instance" name="GreenIndicator" x="1747.55" y="504.275" width="320" height="36.5" libraryItem="GreenIndicator"/><element type="instance" name="top" y="550.275" width="2254.925" height="295.4" libraryItem="control_top_panel"/><element type="instance" name="score" y="-67.275" width="100" height="67.275" scaleX="0.999969482421875" scaleY="0.9998016357421875" libraryItem="control_score_effect"/></libraryItem><libraryItem libraryName="_fonts" itemType="folder" folder=""><element type="instance" name="shadow_renderer" x="148.9" y="-120.05" width="96.375" height="96.375" libraryItem="control_shadow"/><element type="instance" name="word_renderer" x="524.05" y="341.325" width="527" height="61" libraryItem="control_word"/><element type="instance" name="bottom" y="58" width="2048" height="150" scaleX="0.9999847412109375" libraryItem="control_bottom_panel"/><element type="instance" name="GreenIndicator" x="1747.55" y="504.275" width="320" height="36.5" libraryItem="GreenIndicator"/><element type="instance" name="top" y="550.275" width="2254.925" height="295.4" libraryItem="control_top_panel"/><element type="instance" name="score" y="-67.275" width="100" height="67.275" scaleX="0.999969482421875" scaleY="0.9998016357421875" libraryItem="control_score_effect"/></libraryItem><libraryItem libraryName="bmpFonts" itemType="folder" folder=""><element type="instance" name="shadow_renderer" x="148.9" y="-120.05" width="96.375" height="96.375" libraryItem="control_shadow"/><element type="instance" name="word_renderer" x="524.05" y="341.325" width="527" height="61" libraryItem="control_word"/><element type="instance" name="bottom" y="58" width="2048" height="150" scaleX="0.9999847412109375" libraryItem="control_bottom_panel"/><element type="instance" name="GreenIndicator" x="1747.55" y="504.275" width="320" height="36.5" libraryItem="GreenIndicator"/><element type="instance" name="top" y="550.275" width="2254.925" height="295.4" libraryItem="control_top_panel"/><element type="instance" name="score" y="-67.275" width="100" height="67.275" scaleX="0.999969482421875" scaleY="0.9998016357421875" libraryItem="control_score_effect"/></libraryItem><libraryItem libraryName="bottom_panel" itemType="folder" folder=""><element type="instance" name="shadow_renderer" x="148.9" y="-120.05" width="96.375" height="96.375" libraryItem="control_shadow"/><element type="instance" name="word_renderer" x="524.05" y="341.325" width="527" height="61" libraryItem="control_word"/><element type="instance" name="bottom" y="58" width="2048" height="150" scaleX="0.9999847412109375" libraryItem="control_bottom_panel"/><element type="instance" name="GreenIndicator" x="1747.55" y="504.275" width="320" height="36.5" libraryItem="GreenIndicator"/><element type="instance" name="top" y="550.275" width="2254.925" height="295.4" libraryItem="control_top_panel"/><element type="instance" name="score" y="-67.275" width="100" height="67.275" scaleX="0.999969482421875" scaleY="0.9998016357421875" libraryItem="control_score_effect"/></libraryItem><libraryItem libraryName="bottom_panel/items_listbox" itemType="folder" folder="bottom_panel"><element type="instance" name="shadow_renderer" x="148.9" y="-120.05" width="96.375" height="96.375" libraryItem="control_shadow"/><element type="instance" name="word_renderer" x="524.05" y="341.325" width="527" height="61" libraryItem="control_word"/><element type="instance" name="bottom" y="58" width="2048" height="150" scaleX="0.9999847412109375" libraryItem="control_bottom_panel"/><element type="instance" name="GreenIndicator" x="1747.55" y="504.275" width="320" height="36.5" libraryItem="GreenIndicator"/><element type="instance" name="top" y="550.275" width="2254.925" height="295.4" libraryItem="control_top_panel"/><element type="instance" name="score" y="-67.275" width="100" height="67.275" scaleX="0.999969482421875" scaleY="0.9998016357421875" libraryItem="control_score_effect"/></libraryItem><libraryItem libraryName="bottom_panel/items_listbox_panel" itemType="folder" folder="bottom_panel"><element type="instance" name="shadow_renderer" x="148.9" y="-120.05" width="96.375" height="96.375" libraryItem="control_shadow"/><element type="instance" name="word_renderer" x="524.05" y="341.325" width="527" height="61" libraryItem="control_word"/><element type="instance" name="bottom" y="58" width="2048" height="150" scaleX="0.9999847412109375" libraryItem="control_bottom_panel"/><element type="instance" name="GreenIndicator" x="1747.55" y="504.275" width="320" height="36.5" libraryItem="GreenIndicator"/><element type="instance" name="top" y="550.275" width="2254.925" height="295.4" libraryItem="control_top_panel"/><element type="instance" name="score" y="-67.275" width="100" height="67.275" scaleX="0.999969482421875" scaleY="0.9998016357421875" libraryItem="control_score_effect"/></libraryItem><libraryItem libraryName="bottom_panel/powerups_listbox" itemType="folder" folder="bottom_panel"><element type="instance" name="shadow_renderer" x="148.9" y="-120.05" width="96.375" height="96.375" libraryItem="control_shadow"/><element type="instance" name="word_renderer" x="524.05" y="341.325" width="527" height="61" libraryItem="control_word"/><element type="instance" name="bottom" y="58" width="2048" height="150" scaleX="0.9999847412109375" libraryItem="control_bottom_panel"/><element type="instance" name="GreenIndicator" x="1747.55" y="504.275" width="320" height="36.5" libraryItem="GreenIndicator"/><element type="instance" name="top" y="550.275" width="2254.925" height="295.4" libraryItem="control_top_panel"/><element type="instance" name="score" y="-67.275" width="100" height="67.275" scaleX="0.999969482421875" scaleY="0.9998016357421875" libraryItem="control_score_effect"/></libraryItem><libraryItem libraryName="bottom_panel/search_progress" itemType="folder" folder="bottom_panel"><element type="instance" name="shadow_renderer" x="148.9" y="-120.05" width="96.375" height="96.375" libraryItem="control_shadow"/><element type="instance" name="word_renderer" x="524.05" y="341.325" width="527" height="61" libraryItem="control_word"/><element type="instance" name="bottom" y="58" width="2048" height="150" scaleX="0.9999847412109375" libraryItem="control_bottom_panel"/><element type="instance" name="GreenIndicator" x="1747.55" y="504.275" width="320" height="36.5" libraryItem="GreenIndicator"/><element type="instance" name="top" y="550.275" width="2254.925" height="295.4" libraryItem="control_top_panel"/><element type="instance" name="score" y="-67.275" width="100" height="67.275" scaleX="0.999969482421875" scaleY="0.9998016357421875" libraryItem="control_score_effect"/></libraryItem><libraryItem libraryName="buttons" itemType="folder" folder=""><element type="instance" name="shadow_renderer" x="148.9" y="-120.05" width="96.375" height="96.375" libraryItem="control_shadow"/><element type="instance" name="word_renderer" x="524.05" y="341.325" width="527" height="61" libraryItem="control_word"/><element type="instance" name="bottom" y="58" width="2048" height="150" scaleX="0.9999847412109375" libraryItem="control_bottom_panel"/><element type="instance" name="GreenIndicator" x="1747.55" y="504.275" width="320" height="36.5" libraryItem="GreenIndicator"/><element type="instance" name="top" y="550.275" width="2254.925" height="295.4" libraryItem="control_top_panel"/><element type="instance" name="score" y="-67.275" width="100" height="67.275" scaleX="0.999969482421875" scaleY="0.9998016357421875" libraryItem="control_score_effect"/></libraryItem><libraryItem libraryName="combo" itemType="folder" folder=""><element type="instance" name="shadow_renderer" x="148.9" y="-120.05" width="96.375" height="96.375" libraryItem="control_shadow"/><element type="instance" name="word_renderer" x="524.05" y="341.325" width="527" height="61" libraryItem="control_word"/><element type="instance" name="bottom" y="58" width="2048" height="150" scaleX="0.9999847412109375" libraryItem="control_bottom_panel"/><element type="instance" name="GreenIndicator" x="1747.55" y="504.275" width="320" height="36.5" libraryItem="GreenIndicator"/><element type="instance" name="top" y="550.275" width="2254.925" height="295.4" libraryItem="control_top_panel"/><element type="instance" name="score" y="-67.275" width="100" height="67.275" scaleX="0.999969482421875" scaleY="0.9998016357421875" libraryItem="control_score_effect"/></libraryItem><libraryItem libraryName="combo/_assets" itemType="folder" folder="combo"><element type="instance" name="shadow_renderer" x="148.9" y="-120.05" width="96.375" height="96.375" libraryItem="control_shadow"/><element type="instance" name="word_renderer" x="524.05" y="341.325" width="527" height="61" libraryItem="control_word"/><element type="instance" name="bottom" y="58" width="2048" height="150" scaleX="0.9999847412109375" libraryItem="control_bottom_panel"/><element type="instance" name="GreenIndicator" x="1747.55" y="504.275" width="320" height="36.5" libraryItem="GreenIndicator"/><element type="instance" name="top" y="550.275" width="2254.925" height="295.4" libraryItem="control_top_panel"/><element type="instance" name="score" y="-67.275" width="100" height="67.275" scaleX="0.999969482421875" scaleY="0.9998016357421875" libraryItem="control_score_effect"/></libraryItem><libraryItem libraryName="progressbar" itemType="folder" folder=""><element type="instance" name="shadow_renderer" x="148.9" y="-120.05" width="96.375" height="96.375" libraryItem="control_shadow"/><element type="instance" name="word_renderer" x="524.05" y="341.325" width="527" height="61" libraryItem="control_word"/><element type="instance" name="bottom" y="58" width="2048" height="150" scaleX="0.9999847412109375" libraryItem="control_bottom_panel"/><element type="instance" name="GreenIndicator" x="1747.55" y="504.275" width="320" height="36.5" libraryItem="GreenIndicator"/><element type="instance" name="top" y="550.275" width="2254.925" height="295.4" libraryItem="control_top_panel"/><element type="instance" name="score" y="-67.275" width="100" height="67.275" scaleX="0.999969482421875" scaleY="0.9998016357421875" libraryItem="control_score_effect"/></libraryItem><libraryItem libraryName="score" itemType="folder" folder=""><element type="instance" name="shadow_renderer" x="148.9" y="-120.05" width="96.375" height="96.375" libraryItem="control_shadow"/><element type="instance" name="word_renderer" x="524.05" y="341.325" width="527" height="61" libraryItem="control_word"/><element type="instance" name="bottom" y="58" width="2048" height="150" scaleX="0.9999847412109375" libraryItem="control_bottom_panel"/><element type="instance" name="GreenIndicator" x="1747.55" y="504.275" width="320" height="36.5" libraryItem="GreenIndicator"/><element type="instance" name="top" y="550.275" width="2254.925" height="295.4" libraryItem="control_top_panel"/><element type="instance" name="score" y="-67.275" width="100" height="67.275" scaleX="0.999969482421875" scaleY="0.9998016357421875" libraryItem="control_score_effect"/></libraryItem><libraryItem libraryName="shadow_item" itemType="folder" folder=""><element type="instance" name="shadow_renderer" x="148.9" y="-120.05" width="96.375" height="96.375" libraryItem="control_shadow"/><element type="instance" name="word_renderer" x="524.05" y="341.325" width="527" height="61" libraryItem="control_word"/><element type="instance" name="bottom" y="58" width="2048" height="150" scaleX="0.9999847412109375" libraryItem="control_bottom_panel"/><element type="instance" name="GreenIndicator" x="1747.55" y="504.275" width="320" height="36.5" libraryItem="GreenIndicator"/><element type="instance" name="top" y="550.275" width="2254.925" height="295.4" libraryItem="control_top_panel"/><element type="instance" name="score" y="-67.275" width="100" height="67.275" scaleX="0.999969482421875" scaleY="0.9998016357421875" libraryItem="control_score_effect"/></libraryItem><libraryItem libraryName="word_item" itemType="folder" folder=""><element type="instance" name="shadow_renderer" x="148.9" y="-120.05" width="96.375" height="96.375" libraryItem="control_shadow"/><element type="instance" name="word_renderer" x="524.05" y="341.325" width="527" height="61" libraryItem="control_word"/><element type="instance" name="bottom" y="58" width="2048" height="150" scaleX="0.9999847412109375" libraryItem="control_bottom_panel"/><element type="instance" name="GreenIndicator" x="1747.55" y="504.275" width="320" height="36.5" libraryItem="GreenIndicator"/><element type="instance" name="top" y="550.275" width="2254.925" height="295.4" libraryItem="control_top_panel"/><element type="instance" name="score" y="-67.275" width="100" height="67.275" scaleX="0.999969482421875" scaleY="0.9998016357421875" libraryItem="control_score_effect"/></libraryItem><libraryItem libraryName="Папка повторяющихся элементов" itemType="folder" folder=""><element type="instance" name="shadow_renderer" x="148.9" y="-120.05" width="96.375" height="96.375" libraryItem="control_shadow"/><element type="instance" name="word_renderer" x="524.05" y="341.325" width="527" height="61" libraryItem="control_word"/><element type="instance" name="bottom" y="58" width="2048" height="150" scaleX="0.9999847412109375" libraryItem="control_bottom_panel"/><element type="instance" name="GreenIndicator" x="1747.55" y="504.275" width="320" height="36.5" libraryItem="GreenIndicator"/><element type="instance" name="top" y="550.275" width="2254.925" height="295.4" libraryItem="control_top_panel"/><element type="instance" name="score" y="-67.275" width="100" height="67.275" scaleX="0.999969482421875" scaleY="0.9998016357421875" libraryItem="control_score_effect"/></libraryItem><libraryItem libraryName="_blank" itemType="movie clip" folder=""/><libraryItem libraryName="back_item_shadow" itemType="movie clip" folder="" linkageClassName="back_item_shadow"><scalingGrid left="3.5" right="11" top="3.5" bottom="11"/><element type="instance" name="Слой 1" width="14.5" height="14.5" libraryItem="Растровое изображение 20"/></libraryItem><libraryItem libraryName="bg_list" itemType="movie clip" folder="" linkageClassName="bg_list"><element type="instance" name="Слой 1" x="-0.25" y="-0.25" width="1470.5" height="143.5" libraryItem="Растровое изображение 17"/></libraryItem><libraryItem libraryName="blankClip" itemType="movie clip" folder=""/><libraryItem libraryName="bot_bg" itemType="movie clip" folder=""><element type="instance" name="Слой 1" width="2048" height="94.975" scaleY="0.9997100830078125" libraryItem="bot_bg.png"/></libraryItem><libraryItem libraryName="bottom_panel/bg" itemType="movie clip" folder="bottom_panel" linkageClassName="bg_top"><element type="instance" name="Layer 1" width="2048" height="100" libraryItem="top_silhouettes.png"/></libraryItem><libraryItem libraryName="bottom_panel/bottom-panel" itemType="movie clip" folder="bottom_panel"><element type="instance" name="btn_pause" x="9.025" y="20" width="47" height="57" scaleX="2" scaleY="2" libraryItem="buttons/pause"><property name="ui_type"><![CDATA[button]]></property></element><element type="instance" name="items_listbox_panel" x="75.225" width="1910.425" height="146.975" libraryItem="bottom_panel/items_listbox_panel/items_listbox_panel"><property name="ui_type"><![CDATA[panel]]></property></element><element type="image" name="bg" width="2048" height="150" scaleY="1.5" libraryItem="bottom_panel/bg"/></libraryItem><libraryItem libraryName="bottom_panel/items_listbox/items_listbox" itemType="movie clip" folder="bottom_panel"><element type="shape" name="listbox_bounds" x="955.35" y="73.65" width="1910.175" height="146.675"/></libraryItem><libraryItem libraryName="bottom_panel/items_listbox_panel/items_listbox_panel" itemType="movie clip" folder="bottom_panel"><element type="instance" name="items_listbox" x="-0.025" width="1910.175" height="146.675" libraryItem="bottom_panel/items_listbox/items_listbox"><property name="ui_type"><![CDATA[listbox]]></property><property name="listbox_layout_type"><![CDATA[horizontal]]></property></element><element type="shape" name="panel_bounds" x="954.975" y="72.5" width="1909.95" height="144.975"/></libraryItem><libraryItem libraryName="bottom_panel/powerups_listbox/powerups_listbox" itemType="movie clip" folder="bottom_panel"><element type="shape" name="listbox_bounds" x="110.675" y="42.325" width="221.35" height="84.675"/></libraryItem><libraryItem libraryName="bottom_panel/search_progress/search_progress" itemType="movie clip" folder="bottom_panel"><element type="image" name="progress_mask" x="2" y="2" width="940.5" height="14.5" layerType="mask" libraryItem="bottom_panel/search_progress/search_progress_mask"/><element type="image" name="progress_marker" x="2" y="2" width="940.5" height="14.5" layerType="masked" parentLayer="progress_mask" libraryItem="bottom_panel/search_progress/search_progress_marker"/><element type="instance" name="background" x="0.25" y="-0.75" width="945" height="19" libraryItem="bottom_panel/search_progress/search_progress_background_image"/></libraryItem><libraryItem libraryName="bottom_panel/search_progress/search_progress_marker" itemType="movie clip" folder="bottom_panel" linkageClassName="search_progress_marker"><element type="instance" name="Слой 1" width="940.5" height="14.5" libraryItem="bottom_panel/search_progress/search_progress_image"/></libraryItem><libraryItem libraryName="bottom_panel/search_progress/search_progress_mask" itemType="movie clip" folder="bottom_panel" linkageClassName="search_progress_mask"><element type="instance" name="Слой 1" width="940.5" height="14.5" libraryItem="bottom_panel/search_progress/search_progress_image"/></libraryItem><libraryItem libraryName="bottompanel.power.up.Background" itemType="movie clip" folder=""><element type="instance" name="Слой 1" width="240" height="292" libraryItem="btn_bg.png"/></libraryItem><libraryItem libraryName="bottompanel.power.up.greyIndicatorBackground" itemType="movie clip" folder=""><element type="instance" name="Слой 1" width="320" height="37" libraryItem="hint_empty.png"/></libraryItem><libraryItem libraryName="buttons/pause" itemType="movie clip" folder="buttons" linkageClassName="pause"><element type="image" name="_out" width="20" height="26" libraryItem="buttons/pause n"/><element type="image" name="_over" width="20" height="26" libraryItem="buttons/pause h"/><element type="image" name="_down" width="20" height="26" libraryItem="buttons/pause p"/></libraryItem><libraryItem libraryName="buttons/pause n" itemType="movie clip" folder="buttons" linkageClassName="setn"><element type="instance" name="Layer 1" x="3.5" y="2.5" width="20" height="26" libraryItem="pause.png"/></libraryItem><libraryItem libraryName="buttons/pause h" itemType="movie clip" folder="buttons" linkageClassName="seth"><element type="instance" name="Layer 1" width="20" height="26" libraryItem="pause.png"/></libraryItem><libraryItem libraryName="buttons/pause p" itemType="movie clip" folder="buttons" linkageClassName="setp"><element type="instance" name="Layer 1" width="20" height="26" libraryItem="pause.png"/></libraryItem><libraryItem libraryName="buttons/Powerup" itemType="movie clip" folder="buttons" linkageClassName="Powerup"><element type="image" name="_out" width="195" height="219" libraryItem="buttons/powerup_n"/><element type="image" name="_over" width="195" height="219" libraryItem="buttons/powerup_h"/><element type="image" name="_down" width="195" height="219" libraryItem="buttons/powerup_p"/></libraryItem><libraryItem libraryName="buttons/powerup_n" itemType="movie clip" folder="buttons" linkageClassName="powerup_n"><element type="instance" name="Layer 1" width="195" height="219" libraryItem="копия smh_btn.png"/></libraryItem><libraryItem libraryName="buttons/powerup_h" itemType="movie clip" folder="buttons" linkageClassName="копияpauseh"><element type="instance" name="layer" width="195" height="219" libraryItem="копия smh_btn.png"/></libraryItem><libraryItem libraryName="buttons/powerup_p" itemType="movie clip" folder="buttons" linkageClassName="powerup_p"><element type="instance" name="Layer 1" width="195" height="219" libraryItem="копия smh_btn.png"/></libraryItem><libraryItem libraryName="buttons/timer_icon" itemType="movie clip" folder="buttons" linkageClassName="timer_icon"><element type="instance" name="Слой 1" width="44" height="44" libraryItem="_ASSETS/icon_timer.png"/></libraryItem><libraryItem libraryName="combo/combo" itemType="movie clip" folder="combo"><element type="instance" name="x2" x="159.725" y="-12" width="72.225" height="72.475" libraryItem="combo/factor"/><element type="instance" name="x3" x="382" y="-12" width="72.225" height="72.475" libraryItem="combo/factor"/><element type="instance" name="x4" x="603.65" y="-12" width="72.225" height="72.475" libraryItem="combo/factor"/><element type="instance" name="x5" x="819.675" y="-12" width="72.225" height="72.475" libraryItem="combo/factor"/><element type="instance" name="x6" x="1041.525" y="-12" width="72.225" height="72.475" libraryItem="combo/factor"/><element type="image" name="progress_mask" x="6" width="1089" height="33.5" layerType="mask" libraryItem="combo/progress_mask"/><element type="image" name="progress_marker" x="6" width="1089" height="33.5" layerType="masked" parentLayer="progress_mask" libraryItem="combo/progress_marker"/><element type="image" name="progress_background" width="1098.5" height="39" libraryItem="combo/combo_background"/></libraryItem><libraryItem libraryName="combo/combo_background" itemType="movie clip" folder="combo" linkageClassName="combo_bg"><element type="instance" name="Слой 1" width="1098.5" height="39" libraryItem="combo_panel.png"/></libraryItem><libraryItem libraryName="combo/combo_foreground" itemType="movie clip" folder="combo" linkageClassName="combo_foreground"><element type="instance" name="Слой 1" width="524.5" height="68.5" libraryItem="combo/_assets/combo_верх.png"/></libraryItem><libraryItem libraryName="combo/factor" itemType="movie clip" folder="combo"><element type="text" name="txt_factor" x="-3.6" y="-3.725" width="72.225" height="72.475" lineType="multiline" orientation="horizontal"><textFormat size="28" face="white_bebas_bold*" fillColor="#ffffff" alignment="center" bold="false" italic="false"/><textString><![CDATA[1]]></textString></element><element type="image" name="active" width="65" height="65" libraryItem="NotActive"/><element type="image" name="normal" width="65" height="65" libraryItem="NotActive"/></libraryItem><libraryItem libraryName="combo/progress_marker" itemType="movie clip" folder="combo" linkageClassName="progress_marker"><element type="instance" name="Слой 1" width="1089" height="33.5" libraryItem="Растровое изображение 13"/></libraryItem><libraryItem libraryName="combo/progress_mask" itemType="movie clip" folder="combo" linkageClassName="progress_mask"><element type="instance" name="Слой 1" width="1089" height="33.5" libraryItem="Растровое изображение 13"/></libraryItem><libraryItem libraryName="combo/x2" itemType="movie clip" folder="combo"/><libraryItem libraryName="combo/x3" itemType="movie clip" folder="combo"/><libraryItem libraryName="combo/x4" itemType="movie clip" folder="combo"/><libraryItem libraryName="combo/x5" itemType="movie clip" folder="combo"/><libraryItem libraryName="control_bottom_panel" itemType="movie clip" folder="" linkageClassName="control_bottom_panel"><element type="instance" name="bottom-panel" width="2048" height="150" libraryItem="bottom_panel/bottom-panel"><property name="ui_type"><![CDATA[panel]]></property><property name="ui_panel_background_skin"><![CDATA[bg]]></property></element><element type="shape" name="bounds" x="1024" y="74.025" width="2048.025" height="148.075"/></libraryItem><libraryItem libraryName="control_score_effect" itemType="movie clip" folder="" linkageClassName="control_score_effect"><element type="instance" name="top-panel" width="100" height="67.3" libraryItem="top_panel"/><element type="shape" name="bounds" x="50" y="33.675" width="100" height="66.8"/></libraryItem><libraryItem libraryName="top_panel" itemType="movie clip" folder="" linkageClassName="top_panel"><element type="text" name="score_text" y="26.2" width="100" height="41.1" lineType="single line" orientation="horizontal"><textFormat size="25" face="Mult*" fillColor="#ffffff" alignment="right" bold="false" italic="false"/><textString><![CDATA[3,000]]></textString></element><element type="text" name="mult_text" width="100" height="41.1" lineType="single line" orientation="horizontal"><textFormat size="25" face="Mult*" fillColor="#ff0000" alignment="right" bold="false" italic="false"/><textString><![CDATA[x2]]></textString></element></libraryItem><libraryItem libraryName="control_shadow" itemType="movie clip" folder="" linkageClassName="control_shadow"><element type="instance" name="panel" width="96.225" height="96.225" libraryItem="shadow_item/panel"><property name="ui_type"><![CDATA[panel]]></property></element><element type="image" name="bg" width="95.75" height="95.75" scaleX="6.60284423828125" scaleY="6.60284423828125" libraryItem="back_item_shadow"/></libraryItem><libraryItem libraryName="shadow_item/panel" itemType="movie clip" folder="shadow_item"><element type="instance" name="container" width="96.225" height="96.225" libraryItem="shadow_item/container"><property name="ui_type"><![CDATA[panel]]></property></element></libraryItem><libraryItem libraryName="control_top_panel" itemType="movie clip" folder="" linkageClassName="control_top_panel"><element type="instance" name="main-panel" width="2254.925" height="295.4" scaleY="0.999725341796875" libraryItem="main_panel"><property name="ui_type"><![CDATA[panel]]></property></element><element type="shape" name="bounds" x="1024" y="225.75" width="2048" height="94.975"/></libraryItem><libraryItem libraryName="main_panel" itemType="movie clip" folder=""><element type="instance" name="panel_powerup" x="1830.925" y="-3.475" width="424" height="295.475" libraryItem="panePowerup"><property name="ui_type"><![CDATA[panel]]></property></element><element type="instance" name="score_panel" x="302.475" y="190.925" width="250.925" height="82.025" libraryItem="score/score_panel"><property name="ui_type"><![CDATA[panel]]></property></element><element type="instance" name="progress_combo" x="565.975" y="206.65" width="1110.15" height="72.475" libraryItem="combo/combo"><property name="ui_type"><![CDATA[combo_progress_bar]]></property><property name="progress_static_marker"><![CDATA[true]]></property><property name="combo_first"><![CDATA[2]]></property><property name="combo_last"><![CDATA[6]]></property></element><element type="instance" name="left_panel" x="0.35" y="192.825" width="266.025" height="84.2" libraryItem="right_panel"><property name="ui_type"><![CDATA[panel]]></property></element><element type="shape" name="panel_bounds" x="1019.95" y="226.7" width="2039.925" height="84.575"/><element type="instance" name="bg" y="178.275" width="2048" height="94.975" libraryItem="bot_bg"/></libraryItem><libraryItem libraryName="control_word" itemType="movie clip" folder="" linkageClassName="control_word"><element type="instance" name="panel" width="527" height="61" libraryItem="word_item/panel"><property name="ui_type"><![CDATA[panel]]></property></element></libraryItem><libraryItem libraryName="word_item/panel" itemType="movie clip" folder="word_item"><element type="text" name="item_name" x="38.05" y="4" width="460.675" height="48.075" lineType="single line" orientation="horizontal"><textFormat size="27.5" face="white_bebas_bold*" fillColor="#cccc00" alignment="center" bold="false" italic="false"/><textString><![CDATA[barrel]]></textString></element><element type="image" name="bg" width="527" height="61" libraryItem="word_item/word_top_panel"/></libraryItem><libraryItem libraryName="emty" itemType="movie clip" folder=""/><libraryItem libraryName="energy_bar" itemType="movie clip" folder="" linkageClassName="energy_bar"><element type="instance" name="Слой 1" width="412.5" height="38.5" libraryItem="bar_bg.png"/></libraryItem><libraryItem libraryName="GreenIndicator" itemType="movie clip" folder="" linkageClassName="GreenIndicator"><element type="instance" name="Слой 1" width="320" height="36.5" libraryItem="hint_full.png"/></libraryItem><libraryItem libraryName="item" itemType="movie clip" folder="" linkageClassName="item"><element type="instance" name="progress_mask" width="208.5" height="33.5" layerType="mask" libraryItem="combo_fill.png"/><element type="instance" name="progress_marker" width="208.5" height="33.5" layerType="masked" parentLayer="progress_mask" libraryItem="combo_fill.png"/></libraryItem><libraryItem libraryName="panePowerup" itemType="movie clip" folder="" linkageClassName="panePowerup"><element type="text" name="power_up_timer_text" x="32.45" y="72.125" width="275" height="101.85" lineType="single line" orientation="horizontal"><textFormat size="50" face="orange_bebas_bold*" fillColor="#f4b898" alignment="center" bold="false" italic="false"/><textString><![CDATA[0]]></textString><property name="source"><![CDATA[count_text]]></property></element><element type="instance" name="btn_powerup" x="73.5" y="49.5" width="195" height="219" libraryItem="buttons/Powerup"><property name="ui_type"><![CDATA[button]]></property></element><element type="instance" name="bottompanel.power.up.Background" x="73.5" y="3.475" width="240" height="292" libraryItem="bottompanel.power.up.Background"/><element type="instance" name="empty" x="96.95" width="0" height="0" libraryItem="emty"/><element type="instance" name="greyIndicatorBackground5" x="104" y="16.975" width="320" height="37" libraryItem="bottompanel.power.up.greyIndicatorBackground"/><element type="instance" name="greyIndicatorBackground4" x="73.5" y="56.975" width="320" height="37" libraryItem="bottompanel.power.up.greyIndicatorBackground"/><element type="instance" name="greyIndicatorBackground3" x="52" y="96.975" width="320" height="37" libraryItem="bottompanel.power.up.greyIndicatorBackground"/><element type="instance" name="greyIndicatorBackground2" x="26" y="136.975" width="320" height="37" libraryItem="bottompanel.power.up.greyIndicatorBackground"/><element type="instance" name="greyIndicatorBackground1" y="176.975" width="320" height="37" libraryItem="bottompanel.power.up.greyIndicatorBackground"/><element type="shape" name="panel_bounds" x="168.975" y="139.65" width="289.95" height="269.35"/></libraryItem><libraryItem libraryName="score/score_panel" itemType="movie clip" folder="score"><element type="text" name="score_text" x="25.525" y="1.075" width="225.4" height="80.95" scaleY="0.9999847412109375" lineType="single line" orientation="horizontal"><textFormat size="25" face="orange_bebas_bold*" fillColor="#ffffff" alignment="center" bold="false" italic="false"/><textString><![CDATA[00:00]]></textString></element><element type="image" name="background" width="234" height="44" libraryItem="timeBack"/></libraryItem><libraryItem libraryName="NotActive" itemType="movie clip" folder="" linkageClassName="NotActive"><element type="instance" name="Слой 1" width="65" height="65" libraryItem="combo_icon.png"/></libraryItem><libraryItem libraryName="right_panel" itemType="movie clip" folder=""><element type="text" name="timer_text" x="1.525" y="1.075" width="264.55" height="82.95" scaleY="0.9999847412109375" lineType="single line" orientation="horizontal"><textFormat size="28" face="white_bebas_bold*" fillColor="#ffffff" alignment="center" bold="false" italic="false"/><textString><![CDATA[00:00]]></textString><property name="source"><![CDATA[timer_text]]></property></element><element type="image" name="back" x="0.425" y="-0.175" width="234" height="44" libraryItem="timeBack"/><element type="shape" name="panel_bounds" x="132.9" y="41.875" width="265.725" height="83.675"/></libraryItem><libraryItem libraryName="main_panel_background" itemType="movie clip" folder=""><scalingGrid left="7.5" right="62.975" top="9.5" bottom="55.475"/><element type="instance" name="Layer 1" width="72.5" height="72.5" libraryItem="_ASSETS/bg_menu_top.png"/></libraryItem><libraryItem libraryName="panel_powerup" itemType="movie clip" folder="" linkageClassName="panel_powerup"><element type="shape" name="panel_bounds" x="58" y="58" width="116.025" height="116.025"/></libraryItem><libraryItem libraryName="panel_timer" itemType="movie clip" folder="" linkageClassName="panel_timer"><element type="text" name="txt_combo_factor_text" x="66.45" y="1.5" width="227.05" height="57.875" lineType="multiline" orientation="horizontal"><textFormat size="50" face="Arial" fillColor="#ffffff" alignment="center" bold="false" italic="false"/><textString/></element><element type="instance" name="x1" x="4.6" width="214.85" height="76" libraryItem="progressbar/progress_exp"><property name="ui_type"><![CDATA[progress_bar]]></property><property name="progress_format"><![CDATA[{='%d', $value}/{='%d', $maximum}]]></property></element><element type="instance" name="x2" x="222.8" width="214.85" height="76" libraryItem="progressbar/progress_exp"><property name="ui_type"><![CDATA[progress_bar]]></property><property name="progress_format"><![CDATA[{='%d', $value}/{='%d', $maximum}]]></property></element><element type="instance" name="x3" x="453.55" width="214.85" height="76" libraryItem="progressbar/progress_exp"><property name="ui_type"><![CDATA[progress_bar]]></property><property name="progress_format"><![CDATA[{='%d', $value}/{='%d', $maximum}]]></property></element><element type="instance" name="x4" x="668.4" width="214.85" height="76" libraryItem="progressbar/progress_exp"><property name="ui_type"><![CDATA[progress_bar]]></property><property name="progress_format"><![CDATA[{='%d', $value}/{='%d', $maximum}]]></property></element><element type="instance" name="x5" x="886.65" width="214.85" height="76" libraryItem="progressbar/progress_exp"><property name="ui_type"><![CDATA[progress_bar]]></property><property name="progress_format"><![CDATA[{='%d', $value}/{='%d', $maximum}]]></property></element><element type="shape" name="panel_bounds" x="548.45" y="35.125" width="1096.9" height="70.225"/></libraryItem><libraryItem libraryName="progressbar/progress_exp" itemType="movie clip" folder="progressbar"><element type="text" name="progress_text" x="-4.6" y="20" width="212.05" height="39.55" lineType="single line" orientation="horizontal"><textFormat size="25" face="MyriadPro*" fillColor="#cccccc" alignment="center" bold="false" italic="false"/><textString><![CDATA[100/100]]></textString></element><element type="image" name="progress_mask" x="6" width="206.25" height="76" scaleX="0.5" layerType="mask" libraryItem="progressbar/exp_stat_bg"/><element type="image" name="progress_marker" x="4" width="206.25" height="76" scaleX="0.5" layerType="masked" parentLayer="progress_mask" libraryItem="progressbar/exp_stat_bg"/><element type="image" name="bg" y="20.525" width="206.25" height="38.5" scaleX="0.5" libraryItem="energy_bar"/></libraryItem><libraryItem libraryName="progressbar/case_progress_background" itemType="movie clip" folder="progressbar" linkageClassName="case_progress_background"/><libraryItem libraryName="progressbar/case_stat_bg" itemType="movie clip" folder="progressbar" linkageClassName="case_stat_bg"><element type="instance" name="Слой 1" width="234" height="44" libraryItem="word_item/text_back_.png"/></libraryItem><libraryItem libraryName="progressbar/exp_stat_bg" itemType="movie clip" folder="progressbar" linkageClassName="exp_stat_bg"><element type="instance" name="Слой 1" width="412.5" height="76" libraryItem="bar_energy.png"/></libraryItem><libraryItem libraryName="progressbar/progress_case" itemType="movie clip" folder="progressbar" linkageClassName="progress_case"><element type="image" name="progress_mask" x="2" width="234" height="44" layerType="mask" libraryItem="progressbar/case_stat_bg"/><element type="image" name="progress_marker" width="157.25" height="44" scaleX="0.67205810546875" layerType="masked" parentLayer="progress_mask" libraryItem="progressbar/case_stat_bg"/><element type="image" name="progress_background" width="0" height="0" libraryItem="progressbar/case_progress_background"/></libraryItem><libraryItem libraryName="timeBack" itemType="movie clip" folder="" linkageClassName="timeBack"><element type="instance" name="Слой 1" width="234" height="44" libraryItem="word_item/text_back_.png"/></libraryItem><libraryItem libraryName="score/score_background" itemType="movie clip" folder="score" linkageClassName="score_background"/><libraryItem libraryName="shadow_item/container" itemType="movie clip" folder="shadow_item"><element type="shape" name="panel_bounds" x="48.25" y="48.25" width="96.225" height="96.225"/></libraryItem><libraryItem libraryName="shadow_item/shadow_bg" itemType="movie clip" folder="shadow_item"/><libraryItem libraryName="shadow_item/shadow_top_panel" itemType="movie clip" folder="shadow_item" linkageClassName="shadow_top_panel"><element type="instance" name="Слой 1" width="92" height="92" libraryItem="shadow_item/плашка_для_режима_тени.png"/></libraryItem><libraryItem libraryName="star" itemType="movie clip" folder="" linkageClassName="star"><element type="instance" name="Слой 1" width="44.5" height="42.5" libraryItem="Растровое изображение 5"/></libraryItem><libraryItem libraryName="word_item/word_top_panel" itemType="movie clip" folder="word_item" linkageClassName="word_top_panel"><element type="instance" name="Layer 1" x="0.875" y="-1" width="527" height="61" libraryItem="itemClip.png"/></libraryItem><libraryItem libraryName="word_item/word_bg" itemType="movie clip" folder="word_item" linkageClassName="word_bg"><element type="instance" name="Layer 1" width="322" height="88" libraryItem="Растровое изображение 15"/></libraryItem><libraryItem libraryName="Папка повторяющихся элементов/combo" itemType="movie clip" folder="Папка повторяющихся элементов"><element type="instance" name="x1" x="0.95" y="0.95" width="65" height="65.95" libraryItem="Папка повторяющихся элементов/x1"/><element type="instance" name="x2" x="54.975" width="65" height="65" libraryItem="Папка повторяющихся элементов/x2"/><element type="instance" name="x3" x="108.95" width="65" height="65" libraryItem="Папка повторяющихся элементов/x3"/></libraryItem><libraryItem libraryName="Папка повторяющихся элементов/x1" itemType="movie clip" folder="Папка повторяющихся элементов"><element type="image" name="not_active" width="65" height="65" libraryItem="NotActive"/><element type="image" name="normal" y="-0.95" width="44.5" height="42.5" libraryItem="star"/></libraryItem><libraryItem libraryName="Папка повторяющихся элементов/x2" itemType="movie clip" folder="Папка повторяющихся элементов"><element type="image" name="not_active" width="65" height="65" libraryItem="NotActive"/><element type="image" name="normal" width="44.5" height="42.5" libraryItem="star"/></libraryItem><libraryItem libraryName="Папка повторяющихся элементов/x3" itemType="movie clip" folder="Папка повторяющихся элементов"><element type="image" name="not_active" width="65" height="65" libraryItem="NotActive"/><element type="image" name="normal" width="44.5" height="42.5" libraryItem="star"/></libraryItem><libraryItem libraryName="bottom_panel/background" itemType="bitmap" folder="bottom_panel" bitmapIndex="0.png"><element type="instance" name="shadow_renderer" x="148.9" y="-120.05" width="96.375" height="96.375" libraryItem="control_shadow"/><element type="instance" name="word_renderer" x="524.05" y="341.325" width="527" height="61" libraryItem="control_word"/><element type="instance" name="bottom" y="58" width="2048" height="150" scaleX="0.9999847412109375" libraryItem="control_bottom_panel"/><element type="instance" name="GreenIndicator" x="1747.55" y="504.275" width="320" height="36.5" libraryItem="GreenIndicator"/><element type="instance" name="top" y="550.275" width="2254.925" height="295.4" libraryItem="control_top_panel"/><element type="instance" name="score" y="-67.275" width="100" height="67.275" scaleX="0.999969482421875" scaleY="0.9998016357421875" libraryItem="control_score_effect"/></libraryItem><libraryItem libraryName="bar_bg.png" itemType="bitmap" folder="" bitmapIndex="1.png"><element type="instance" name="shadow_renderer" x="148.9" y="-120.05" width="96.375" height="96.375" libraryItem="control_shadow"/><element type="instance" name="word_renderer" x="524.05" y="341.325" width="527" height="61" libraryItem="control_word"/><element type="instance" name="bottom" y="58" width="2048" height="150" scaleX="0.9999847412109375" libraryItem="control_bottom_panel"/><element type="instance" name="GreenIndicator" x="1747.55" y="504.275" width="320" height="36.5" libraryItem="GreenIndicator"/><element type="instance" name="top" y="550.275" width="2254.925" height="295.4" libraryItem="control_top_panel"/><element type="instance" name="score" y="-67.275" width="100" height="67.275" scaleX="0.999969482421875" scaleY="0.9998016357421875" libraryItem="control_score_effect"/></libraryItem><libraryItem libraryName="bar_energy.png" itemType="bitmap" folder="" bitmapIndex="2.png"><element type="instance" name="shadow_renderer" x="148.9" y="-120.05" width="96.375" height="96.375" libraryItem="control_shadow"/><element type="instance" name="word_renderer" x="524.05" y="341.325" width="527" height="61" libraryItem="control_word"/><element type="instance" name="bottom" y="58" width="2048" height="150" scaleX="0.9999847412109375" libraryItem="control_bottom_panel"/><element type="instance" name="GreenIndicator" x="1747.55" y="504.275" width="320" height="36.5" libraryItem="GreenIndicator"/><element type="instance" name="top" y="550.275" width="2254.925" height="295.4" libraryItem="control_top_panel"/><element type="instance" name="score" y="-67.275" width="100" height="67.275" scaleX="0.999969482421875" scaleY="0.9998016357421875" libraryItem="control_score_effect"/></libraryItem><libraryItem libraryName="_ASSETS/bg_menu_top.png" itemType="bitmap" folder="_ASSETS" bitmapIndex="3.png"><element type="instance" name="shadow_renderer" x="148.9" y="-120.05" width="96.375" height="96.375" libraryItem="control_shadow"/><element type="instance" name="word_renderer" x="524.05" y="341.325" width="527" height="61" libraryItem="control_word"/><element type="instance" name="bottom" y="58" width="2048" height="150" scaleX="0.9999847412109375" libraryItem="control_bottom_panel"/><element type="instance" name="GreenIndicator" x="1747.55" y="504.275" width="320" height="36.5" libraryItem="GreenIndicator"/><element type="instance" name="top" y="550.275" width="2254.925" height="295.4" libraryItem="control_top_panel"/><element type="instance" name="score" y="-67.275" width="100" height="67.275" scaleX="0.999969482421875" scaleY="0.9998016357421875" libraryItem="control_score_effect"/></libraryItem><libraryItem libraryName="bot_bg.png" itemType="bitmap" folder="" bitmapIndex="4.png"><element type="instance" name="shadow_renderer" x="148.9" y="-120.05" width="96.375" height="96.375" libraryItem="control_shadow"/><element type="instance" name="word_renderer" x="524.05" y="341.325" width="527" height="61" libraryItem="control_word"/><element type="instance" name="bottom" y="58" width="2048" height="150" scaleX="0.9999847412109375" libraryItem="control_bottom_panel"/><element type="instance" name="GreenIndicator" x="1747.55" y="504.275" width="320" height="36.5" libraryItem="GreenIndicator"/><element type="instance" name="top" y="550.275" width="2254.925" height="295.4" libraryItem="control_top_panel"/><element type="instance" name="score" y="-67.275" width="100" height="67.275" scaleX="0.999969482421875" scaleY="0.9998016357421875" libraryItem="control_score_effect"/></libraryItem><libraryItem libraryName="_ASSETS/bt_pause.png" itemType="bitmap" folder="_ASSETS" bitmapIndex="5.png"><element type="instance" name="shadow_renderer" x="148.9" y="-120.05" width="96.375" height="96.375" libraryItem="control_shadow"/><element type="instance" name="word_renderer" x="524.05" y="341.325" width="527" height="61" libraryItem="control_word"/><element type="instance" name="bottom" y="58" width="2048" height="150" scaleX="0.9999847412109375" libraryItem="control_bottom_panel"/><element type="instance" name="GreenIndicator" x="1747.55" y="504.275" width="320" height="36.5" libraryItem="GreenIndicator"/><element type="instance" name="top" y="550.275" width="2254.925" height="295.4" libraryItem="control_top_panel"/><element type="instance" name="score" y="-67.275" width="100" height="67.275" scaleX="0.999969482421875" scaleY="0.9998016357421875" libraryItem="control_score_effect"/></libraryItem><libraryItem libraryName="btn_bg.png" itemType="bitmap" folder="" bitmapIndex="6.png"><element type="instance" name="shadow_renderer" x="148.9" y="-120.05" width="96.375" height="96.375" libraryItem="control_shadow"/><element type="instance" name="word_renderer" x="524.05" y="341.325" width="527" height="61" libraryItem="control_word"/><element type="instance" name="bottom" y="58" width="2048" height="150" scaleX="0.9999847412109375" libraryItem="control_bottom_panel"/><element type="instance" name="GreenIndicator" x="1747.55" y="504.275" width="320" height="36.5" libraryItem="GreenIndicator"/><element type="instance" name="top" y="550.275" width="2254.925" height="295.4" libraryItem="control_top_panel"/><element type="instance" name="score" y="-67.275" width="100" height="67.275" scaleX="0.999969482421875" scaleY="0.9998016357421875" libraryItem="control_score_effect"/></libraryItem><libraryItem libraryName="combo_fill.png" itemType="bitmap" folder="" bitmapIndex="7.png"><element type="instance" name="shadow_renderer" x="148.9" y="-120.05" width="96.375" height="96.375" libraryItem="control_shadow"/><element type="instance" name="word_renderer" x="524.05" y="341.325" width="527" height="61" libraryItem="control_word"/><element type="instance" name="bottom" y="58" width="2048" height="150" scaleX="0.9999847412109375" libraryItem="control_bottom_panel"/><element type="instance" name="GreenIndicator" x="1747.55" y="504.275" width="320" height="36.5" libraryItem="GreenIndicator"/><element type="instance" name="top" y="550.275" width="2254.925" height="295.4" libraryItem="control_top_panel"/><element type="instance" name="score" y="-67.275" width="100" height="67.275" scaleX="0.999969482421875" scaleY="0.9998016357421875" libraryItem="control_score_effect"/></libraryItem><libraryItem libraryName="combo_icon.png" itemType="bitmap" folder="" bitmapIndex="8.png"><element type="instance" name="shadow_renderer" x="148.9" y="-120.05" width="96.375" height="96.375" libraryItem="control_shadow"/><element type="instance" name="word_renderer" x="524.05" y="341.325" width="527" height="61" libraryItem="control_word"/><element type="instance" name="bottom" y="58" width="2048" height="150" scaleX="0.9999847412109375" libraryItem="control_bottom_panel"/><element type="instance" name="GreenIndicator" x="1747.55" y="504.275" width="320" height="36.5" libraryItem="GreenIndicator"/><element type="instance" name="top" y="550.275" width="2254.925" height="295.4" libraryItem="control_top_panel"/><element type="instance" name="score" y="-67.275" width="100" height="67.275" scaleX="0.999969482421875" scaleY="0.9998016357421875" libraryItem="control_score_effect"/></libraryItem><libraryItem libraryName="combo_panel.png" itemType="bitmap" folder="" bitmapIndex="9.png"><element type="instance" name="shadow_renderer" x="148.9" y="-120.05" width="96.375" height="96.375" libraryItem="control_shadow"/><element type="instance" name="word_renderer" x="524.05" y="341.325" width="527" height="61" libraryItem="control_word"/><element type="instance" name="bottom" y="58" width="2048" height="150" scaleX="0.9999847412109375" libraryItem="control_bottom_panel"/><element type="instance" name="GreenIndicator" x="1747.55" y="504.275" width="320" height="36.5" libraryItem="GreenIndicator"/><element type="instance" name="top" y="550.275" width="2254.925" height="295.4" libraryItem="control_top_panel"/><element type="instance" name="score" y="-67.275" width="100" height="67.275" scaleX="0.999969482421875" scaleY="0.9998016357421875" libraryItem="control_score_effect"/></libraryItem><libraryItem libraryName="combo/_assets/combo_верх.png" itemType="bitmap" folder="combo" bitmapIndex="10.png"><element type="instance" name="shadow_renderer" x="148.9" y="-120.05" width="96.375" height="96.375" libraryItem="control_shadow"/><element type="instance" name="word_renderer" x="524.05" y="341.325" width="527" height="61" libraryItem="control_word"/><element type="instance" name="bottom" y="58" width="2048" height="150" scaleX="0.9999847412109375" libraryItem="control_bottom_panel"/><element type="instance" name="GreenIndicator" x="1747.55" y="504.275" width="320" height="36.5" libraryItem="GreenIndicator"/><element type="instance" name="top" y="550.275" width="2254.925" height="295.4" libraryItem="control_top_panel"/><element type="instance" name="score" y="-67.275" width="100" height="67.275" scaleX="0.999969482421875" scaleY="0.9998016357421875" libraryItem="control_score_effect"/></libraryItem><libraryItem libraryName="combo/_assets/combo_прогресс.png" itemType="bitmap" folder="combo" bitmapIndex="11.png"><element type="instance" name="shadow_renderer" x="148.9" y="-120.05" width="96.375" height="96.375" libraryItem="control_shadow"/><element type="instance" name="word_renderer" x="524.05" y="341.325" width="527" height="61" libraryItem="control_word"/><element type="instance" name="bottom" y="58" width="2048" height="150" scaleX="0.9999847412109375" libraryItem="control_bottom_panel"/><element type="instance" name="GreenIndicator" x="1747.55" y="504.275" width="320" height="36.5" libraryItem="GreenIndicator"/><element type="instance" name="top" y="550.275" width="2254.925" height="295.4" libraryItem="control_top_panel"/><element type="instance" name="score" y="-67.275" width="100" height="67.275" scaleX="0.999969482421875" scaleY="0.9998016357421875" libraryItem="control_score_effect"/></libraryItem><libraryItem libraryName="score/en.png" itemType="bitmap" folder="score" bitmapIndex="12.png"><element type="instance" name="shadow_renderer" x="148.9" y="-120.05" width="96.375" height="96.375" libraryItem="control_shadow"/><element type="instance" name="word_renderer" x="524.05" y="341.325" width="527" height="61" libraryItem="control_word"/><element type="instance" name="bottom" y="58" width="2048" height="150" scaleX="0.9999847412109375" libraryItem="control_bottom_panel"/><element type="instance" name="GreenIndicator" x="1747.55" y="504.275" width="320" height="36.5" libraryItem="GreenIndicator"/><element type="instance" name="top" y="550.275" width="2254.925" height="295.4" libraryItem="control_top_panel"/><element type="instance" name="score" y="-67.275" width="100" height="67.275" scaleX="0.999969482421875" scaleY="0.9998016357421875" libraryItem="control_score_effect"/></libraryItem><libraryItem libraryName="hint_empty.png" itemType="bitmap" folder="" bitmapIndex="13.png"><element type="instance" name="shadow_renderer" x="148.9" y="-120.05" width="96.375" height="96.375" libraryItem="control_shadow"/><element type="instance" name="word_renderer" x="524.05" y="341.325" width="527" height="61" libraryItem="control_word"/><element type="instance" name="bottom" y="58" width="2048" height="150" scaleX="0.9999847412109375" libraryItem="control_bottom_panel"/><element type="instance" name="GreenIndicator" x="1747.55" y="504.275" width="320" height="36.5" libraryItem="GreenIndicator"/><element type="instance" name="top" y="550.275" width="2254.925" height="295.4" libraryItem="control_top_panel"/><element type="instance" name="score" y="-67.275" width="100" height="67.275" scaleX="0.999969482421875" scaleY="0.9998016357421875" libraryItem="control_score_effect"/></libraryItem><libraryItem libraryName="hint_full.png" itemType="bitmap" folder="" bitmapIndex="14.png"><element type="instance" name="shadow_renderer" x="148.9" y="-120.05" width="96.375" height="96.375" libraryItem="control_shadow"/><element type="instance" name="word_renderer" x="524.05" y="341.325" width="527" height="61" libraryItem="control_word"/><element type="instance" name="bottom" y="58" width="2048" height="150" scaleX="0.9999847412109375" libraryItem="control_bottom_panel"/><element type="instance" name="GreenIndicator" x="1747.55" y="504.275" width="320" height="36.5" libraryItem="GreenIndicator"/><element type="instance" name="top" y="550.275" width="2254.925" height="295.4" libraryItem="control_top_panel"/><element type="instance" name="score" y="-67.275" width="100" height="67.275" scaleX="0.999969482421875" scaleY="0.9998016357421875" libraryItem="control_score_effect"/></libraryItem><libraryItem libraryName="_ASSETS/icon_timer.png" itemType="bitmap" folder="_ASSETS" bitmapIndex="15.png"><element type="instance" name="shadow_renderer" x="148.9" y="-120.05" width="96.375" height="96.375" libraryItem="control_shadow"/><element type="instance" name="word_renderer" x="524.05" y="341.325" width="527" height="61" libraryItem="control_word"/><element type="instance" name="bottom" y="58" width="2048" height="150" scaleX="0.9999847412109375" libraryItem="control_bottom_panel"/><element type="instance" name="GreenIndicator" x="1747.55" y="504.275" width="320" height="36.5" libraryItem="GreenIndicator"/><element type="instance" name="top" y="550.275" width="2254.925" height="295.4" libraryItem="control_top_panel"/><element type="instance" name="score" y="-67.275" width="100" height="67.275" scaleX="0.999969482421875" scaleY="0.9998016357421875" libraryItem="control_score_effect"/></libraryItem><libraryItem libraryName="itemClip.png" itemType="bitmap" folder="" bitmapIndex="16.png"><element type="instance" name="shadow_renderer" x="148.9" y="-120.05" width="96.375" height="96.375" libraryItem="control_shadow"/><element type="instance" name="word_renderer" x="524.05" y="341.325" width="527" height="61" libraryItem="control_word"/><element type="instance" name="bottom" y="58" width="2048" height="150" scaleX="0.9999847412109375" libraryItem="control_bottom_panel"/><element type="instance" name="GreenIndicator" x="1747.55" y="504.275" width="320" height="36.5" libraryItem="GreenIndicator"/><element type="instance" name="top" y="550.275" width="2254.925" height="295.4" libraryItem="control_top_panel"/><element type="instance" name="score" y="-67.275" width="100" height="67.275" scaleX="0.999969482421875" scaleY="0.9998016357421875" libraryItem="control_score_effect"/></libraryItem><libraryItem libraryName="bmpFonts/orange_bebas_bold.png" itemType="bmpFont" folder="bmpFonts" fontName="orange_bebas_bold*" bitmapIndex="orange_bebas_bold" fontXML="orange_bebas_bold.fnt"><element type="instance" name="shadow_renderer" x="148.9" y="-120.05" width="96.375" height="96.375" libraryItem="control_shadow"/><element type="instance" name="word_renderer" x="524.05" y="341.325" width="527" height="61" libraryItem="control_word"/><element type="instance" name="bottom" y="58" width="2048" height="150" scaleX="0.9999847412109375" libraryItem="control_bottom_panel"/><element type="instance" name="GreenIndicator" x="1747.55" y="504.275" width="320" height="36.5" libraryItem="GreenIndicator"/><element type="instance" name="top" y="550.275" width="2254.925" height="295.4" libraryItem="control_top_panel"/><element type="instance" name="score" y="-67.275" width="100" height="67.275" scaleX="0.999969482421875" scaleY="0.9998016357421875" libraryItem="control_score_effect"/></libraryItem><libraryItem libraryName="pause.png" itemType="bitmap" folder="" bitmapIndex="17.png"><element type="instance" name="shadow_renderer" x="148.9" y="-120.05" width="96.375" height="96.375" libraryItem="control_shadow"/><element type="instance" name="word_renderer" x="524.05" y="341.325" width="527" height="61" libraryItem="control_word"/><element type="instance" name="bottom" y="58" width="2048" height="150" scaleX="0.9999847412109375" libraryItem="control_bottom_panel"/><element type="instance" name="GreenIndicator" x="1747.55" y="504.275" width="320" height="36.5" libraryItem="GreenIndicator"/><element type="instance" name="top" y="550.275" width="2254.925" height="295.4" libraryItem="control_top_panel"/><element type="instance" name="score" y="-67.275" width="100" height="67.275" scaleX="0.999969482421875" scaleY="0.9998016357421875" libraryItem="control_score_effect"/></libraryItem><libraryItem libraryName="score/ru.png" itemType="bitmap" folder="score" bitmapIndex="18.png"><element type="instance" name="shadow_renderer" x="148.9" y="-120.05" width="96.375" height="96.375" libraryItem="control_shadow"/><element type="instance" name="word_renderer" x="524.05" y="341.325" width="527" height="61" libraryItem="control_word"/><element type="instance" name="bottom" y="58" width="2048" height="150" scaleX="0.9999847412109375" libraryItem="control_bottom_panel"/><element type="instance" name="GreenIndicator" x="1747.55" y="504.275" width="320" height="36.5" libraryItem="GreenIndicator"/><element type="instance" name="top" y="550.275" width="2254.925" height="295.4" libraryItem="control_top_panel"/><element type="instance" name="score" y="-67.275" width="100" height="67.275" scaleX="0.999969482421875" scaleY="0.9998016357421875" libraryItem="control_score_effect"/></libraryItem><libraryItem libraryName="bottom_panel/search_progress/search_progress_background_image" itemType="bitmap" folder="bottom_panel" bitmapIndex="19.png"><element type="instance" name="shadow_renderer" x="148.9" y="-120.05" width="96.375" height="96.375" libraryItem="control_shadow"/><element type="instance" name="word_renderer" x="524.05" y="341.325" width="527" height="61" libraryItem="control_word"/><element type="instance" name="bottom" y="58" width="2048" height="150" scaleX="0.9999847412109375" libraryItem="control_bottom_panel"/><element type="instance" name="GreenIndicator" x="1747.55" y="504.275" width="320" height="36.5" libraryItem="GreenIndicator"/><element type="instance" name="top" y="550.275" width="2254.925" height="295.4" libraryItem="control_top_panel"/><element type="instance" name="score" y="-67.275" width="100" height="67.275" scaleX="0.999969482421875" scaleY="0.9998016357421875" libraryItem="control_score_effect"/></libraryItem><libraryItem libraryName="bottom_panel/search_progress/search_progress_image" itemType="bitmap" folder="bottom_panel" bitmapIndex="20.png"><element type="instance" name="shadow_renderer" x="148.9" y="-120.05" width="96.375" height="96.375" libraryItem="control_shadow"/><element type="instance" name="word_renderer" x="524.05" y="341.325" width="527" height="61" libraryItem="control_word"/><element type="instance" name="bottom" y="58" width="2048" height="150" scaleX="0.9999847412109375" libraryItem="control_bottom_panel"/><element type="instance" name="GreenIndicator" x="1747.55" y="504.275" width="320" height="36.5" libraryItem="GreenIndicator"/><element type="instance" name="top" y="550.275" width="2254.925" height="295.4" libraryItem="control_top_panel"/><element type="instance" name="score" y="-67.275" width="100" height="67.275" scaleX="0.999969482421875" scaleY="0.9998016357421875" libraryItem="control_score_effect"/></libraryItem><libraryItem libraryName="smh_btn.png" itemType="bitmap" folder="" bitmapIndex="21.png"><element type="instance" name="shadow_renderer" x="148.9" y="-120.05" width="96.375" height="96.375" libraryItem="control_shadow"/><element type="instance" name="word_renderer" x="524.05" y="341.325" width="527" height="61" libraryItem="control_word"/><element type="instance" name="bottom" y="58" width="2048" height="150" scaleX="0.9999847412109375" libraryItem="control_bottom_panel"/><element type="instance" name="GreenIndicator" x="1747.55" y="504.275" width="320" height="36.5" libraryItem="GreenIndicator"/><element type="instance" name="top" y="550.275" width="2254.925" height="295.4" libraryItem="control_top_panel"/><element type="instance" name="score" y="-67.275" width="100" height="67.275" scaleX="0.999969482421875" scaleY="0.9998016357421875" libraryItem="control_score_effect"/></libraryItem><libraryItem libraryName="word_item/text_back_.png" itemType="bitmap" folder="word_item" bitmapIndex="22.png"><element type="instance" name="shadow_renderer" x="148.9" y="-120.05" width="96.375" height="96.375" libraryItem="control_shadow"/><element type="instance" name="word_renderer" x="524.05" y="341.325" width="527" height="61" libraryItem="control_word"/><element type="instance" name="bottom" y="58" width="2048" height="150" scaleX="0.9999847412109375" libraryItem="control_bottom_panel"/><element type="instance" name="GreenIndicator" x="1747.55" y="504.275" width="320" height="36.5" libraryItem="GreenIndicator"/><element type="instance" name="top" y="550.275" width="2254.925" height="295.4" libraryItem="control_top_panel"/><element type="instance" name="score" y="-67.275" width="100" height="67.275" scaleX="0.999969482421875" scaleY="0.9998016357421875" libraryItem="control_score_effect"/></libraryItem><libraryItem libraryName="word_item/text_top.png" itemType="bitmap" folder="word_item" bitmapIndex="23.png"><element type="instance" name="shadow_renderer" x="148.9" y="-120.05" width="96.375" height="96.375" libraryItem="control_shadow"/><element type="instance" name="word_renderer" x="524.05" y="341.325" width="527" height="61" libraryItem="control_word"/><element type="instance" name="bottom" y="58" width="2048" height="150" scaleX="0.9999847412109375" libraryItem="control_bottom_panel"/><element type="instance" name="GreenIndicator" x="1747.55" y="504.275" width="320" height="36.5" libraryItem="GreenIndicator"/><element type="instance" name="top" y="550.275" width="2254.925" height="295.4" libraryItem="control_top_panel"/><element type="instance" name="score" y="-67.275" width="100" height="67.275" scaleX="0.999969482421875" scaleY="0.9998016357421875" libraryItem="control_score_effect"/></libraryItem><libraryItem libraryName="top_bg.png" itemType="bitmap" folder="" bitmapIndex="24.png"><element type="instance" name="shadow_renderer" x="148.9" y="-120.05" width="96.375" height="96.375" libraryItem="control_shadow"/><element type="instance" name="word_renderer" x="524.05" y="341.325" width="527" height="61" libraryItem="control_word"/><element type="instance" name="bottom" y="58" width="2048" height="150" scaleX="0.9999847412109375" libraryItem="control_bottom_panel"/><element type="instance" name="GreenIndicator" x="1747.55" y="504.275" width="320" height="36.5" libraryItem="GreenIndicator"/><element type="instance" name="top" y="550.275" width="2254.925" height="295.4" libraryItem="control_top_panel"/><element type="instance" name="score" y="-67.275" width="100" height="67.275" scaleX="0.999969482421875" scaleY="0.9998016357421875" libraryItem="control_score_effect"/></libraryItem><libraryItem libraryName="top_silhouettes.png" itemType="bitmap" folder="" bitmapIndex="25.png"><element type="instance" name="shadow_renderer" x="148.9" y="-120.05" width="96.375" height="96.375" libraryItem="control_shadow"/><element type="instance" name="word_renderer" x="524.05" y="341.325" width="527" height="61" libraryItem="control_word"/><element type="instance" name="bottom" y="58" width="2048" height="150" scaleX="0.9999847412109375" libraryItem="control_bottom_panel"/><element type="instance" name="GreenIndicator" x="1747.55" y="504.275" width="320" height="36.5" libraryItem="GreenIndicator"/><element type="instance" name="top" y="550.275" width="2254.925" height="295.4" libraryItem="control_top_panel"/><element type="instance" name="score" y="-67.275" width="100" height="67.275" scaleX="0.999969482421875" scaleY="0.9998016357421875" libraryItem="control_score_effect"/></libraryItem><libraryItem libraryName="bmpFonts/uiFont.png" itemType="bmpFont" folder="bmpFonts" fontName="uiFont*" bitmapIndex="uiFont" fontXML="uiFont.fnt"><element type="instance" name="shadow_renderer" x="148.9" y="-120.05" width="96.375" height="96.375" libraryItem="control_shadow"/><element type="instance" name="word_renderer" x="524.05" y="341.325" width="527" height="61" libraryItem="control_word"/><element type="instance" name="bottom" y="58" width="2048" height="150" scaleX="0.9999847412109375" libraryItem="control_bottom_panel"/><element type="instance" name="GreenIndicator" x="1747.55" y="504.275" width="320" height="36.5" libraryItem="GreenIndicator"/><element type="instance" name="top" y="550.275" width="2254.925" height="295.4" libraryItem="control_top_panel"/><element type="instance" name="score" y="-67.275" width="100" height="67.275" scaleX="0.999969482421875" scaleY="0.9998016357421875" libraryItem="control_score_effect"/></libraryItem><libraryItem libraryName="bmpFonts/white_bebas_bold.png" itemType="bmpFont" folder="bmpFonts" fontName="white_bebas_bold*" bitmapIndex="white_bebas_bold" fontXML="white_bebas_bold.fnt"><element type="instance" name="shadow_renderer" x="148.9" y="-120.05" width="96.375" height="96.375" libraryItem="control_shadow"/><element type="instance" name="word_renderer" x="524.05" y="341.325" width="527" height="61" libraryItem="control_word"/><element type="instance" name="bottom" y="58" width="2048" height="150" scaleX="0.9999847412109375" libraryItem="control_bottom_panel"/><element type="instance" name="GreenIndicator" x="1747.55" y="504.275" width="320" height="36.5" libraryItem="GreenIndicator"/><element type="instance" name="top" y="550.275" width="2254.925" height="295.4" libraryItem="control_top_panel"/><element type="instance" name="score" y="-67.275" width="100" height="67.275" scaleX="0.999969482421875" scaleY="0.9998016357421875" libraryItem="control_score_effect"/></libraryItem><libraryItem libraryName="bmpFonts/white50.png" itemType="bmpFont" folder="bmpFonts" fontName="white50*" bitmapIndex="white50" fontXML="white50.fnt"><element type="instance" name="shadow_renderer" x="148.9" y="-120.05" width="96.375" height="96.375" libraryItem="control_shadow"/><element type="instance" name="word_renderer" x="524.05" y="341.325" width="527" height="61" libraryItem="control_word"/><element type="instance" name="bottom" y="58" width="2048" height="150" scaleX="0.9999847412109375" libraryItem="control_bottom_panel"/><element type="instance" name="GreenIndicator" x="1747.55" y="504.275" width="320" height="36.5" libraryItem="GreenIndicator"/><element type="instance" name="top" y="550.275" width="2254.925" height="295.4" libraryItem="control_top_panel"/><element type="instance" name="score" y="-67.275" width="100" height="67.275" scaleX="0.999969482421875" scaleY="0.9998016357421875" libraryItem="control_score_effect"/></libraryItem><libraryItem libraryName="bmpFonts/white90.png" itemType="bmpFont" folder="bmpFonts" fontName="white90*" bitmapIndex="white90" fontXML="white90.fnt"><element type="instance" name="shadow_renderer" x="148.9" y="-120.05" width="96.375" height="96.375" libraryItem="control_shadow"/><element type="instance" name="word_renderer" x="524.05" y="341.325" width="527" height="61" libraryItem="control_word"/><element type="instance" name="bottom" y="58" width="2048" height="150" scaleX="0.9999847412109375" libraryItem="control_bottom_panel"/><element type="instance" name="GreenIndicator" x="1747.55" y="504.275" width="320" height="36.5" libraryItem="GreenIndicator"/><element type="instance" name="top" y="550.275" width="2254.925" height="295.4" libraryItem="control_top_panel"/><element type="instance" name="score" y="-67.275" width="100" height="67.275" scaleX="0.999969482421875" scaleY="0.9998016357421875" libraryItem="control_score_effect"/></libraryItem><libraryItem libraryName="combo/_assets/комбо_основа.png" itemType="bitmap" folder="combo" bitmapIndex="26.png"><element type="instance" name="shadow_renderer" x="148.9" y="-120.05" width="96.375" height="96.375" libraryItem="control_shadow"/><element type="instance" name="word_renderer" x="524.05" y="341.325" width="527" height="61" libraryItem="control_word"/><element type="instance" name="bottom" y="58" width="2048" height="150" scaleX="0.9999847412109375" libraryItem="control_bottom_panel"/><element type="instance" name="GreenIndicator" x="1747.55" y="504.275" width="320" height="36.5" libraryItem="GreenIndicator"/><element type="instance" name="top" y="550.275" width="2254.925" height="295.4" libraryItem="control_top_panel"/><element type="instance" name="score" y="-67.275" width="100" height="67.275" scaleX="0.999969482421875" scaleY="0.9998016357421875" libraryItem="control_score_effect"/></libraryItem><libraryItem libraryName="копия smh_btn.png" itemType="bitmap" folder="" bitmapIndex="27.png"><element type="instance" name="shadow_renderer" x="148.9" y="-120.05" width="96.375" height="96.375" libraryItem="control_shadow"/><element type="instance" name="word_renderer" x="524.05" y="341.325" width="527" height="61" libraryItem="control_word"/><element type="instance" name="bottom" y="58" width="2048" height="150" scaleX="0.9999847412109375" libraryItem="control_bottom_panel"/><element type="instance" name="GreenIndicator" x="1747.55" y="504.275" width="320" height="36.5" libraryItem="GreenIndicator"/><element type="instance" name="top" y="550.275" width="2254.925" height="295.4" libraryItem="control_top_panel"/><element type="instance" name="score" y="-67.275" width="100" height="67.275" scaleX="0.999969482421875" scaleY="0.9998016357421875" libraryItem="control_score_effect"/></libraryItem><libraryItem libraryName="shadow_item/плашка_для_режима_тени.png" itemType="bitmap" folder="shadow_item" bitmapIndex="28.png"><element type="instance" name="shadow_renderer" x="148.9" y="-120.05" width="96.375" height="96.375" libraryItem="control_shadow"/><element type="instance" name="word_renderer" x="524.05" y="341.325" width="527" height="61" libraryItem="control_word"/><element type="instance" name="bottom" y="58" width="2048" height="150" scaleX="0.9999847412109375" libraryItem="control_bottom_panel"/><element type="instance" name="GreenIndicator" x="1747.55" y="504.275" width="320" height="36.5" libraryItem="GreenIndicator"/><element type="instance" name="top" y="550.275" width="2254.925" height="295.4" libraryItem="control_top_panel"/><element type="instance" name="score" y="-67.275" width="100" height="67.275" scaleX="0.999969482421875" scaleY="0.9998016357421875" libraryItem="control_score_effect"/></libraryItem><libraryItem libraryName="Растровое изображение 1" itemType="bitmap" folder="" bitmapIndex="29.png"><element type="instance" name="shadow_renderer" x="148.9" y="-120.05" width="96.375" height="96.375" libraryItem="control_shadow"/><element type="instance" name="word_renderer" x="524.05" y="341.325" width="527" height="61" libraryItem="control_word"/><element type="instance" name="bottom" y="58" width="2048" height="150" scaleX="0.9999847412109375" libraryItem="control_bottom_panel"/><element type="instance" name="GreenIndicator" x="1747.55" y="504.275" width="320" height="36.5" libraryItem="GreenIndicator"/><element type="instance" name="top" y="550.275" width="2254.925" height="295.4" libraryItem="control_top_panel"/><element type="instance" name="score" y="-67.275" width="100" height="67.275" scaleX="0.999969482421875" scaleY="0.9998016357421875" libraryItem="control_score_effect"/></libraryItem><libraryItem libraryName="Растровое изображение 10" itemType="bitmap" folder="" bitmapIndex="30.png"><element type="instance" name="shadow_renderer" x="148.9" y="-120.05" width="96.375" height="96.375" libraryItem="control_shadow"/><element type="instance" name="word_renderer" x="524.05" y="341.325" width="527" height="61" libraryItem="control_word"/><element type="instance" name="bottom" y="58" width="2048" height="150" scaleX="0.9999847412109375" libraryItem="control_bottom_panel"/><element type="instance" name="GreenIndicator" x="1747.55" y="504.275" width="320" height="36.5" libraryItem="GreenIndicator"/><element type="instance" name="top" y="550.275" width="2254.925" height="295.4" libraryItem="control_top_panel"/><element type="instance" name="score" y="-67.275" width="100" height="67.275" scaleX="0.999969482421875" scaleY="0.9998016357421875" libraryItem="control_score_effect"/></libraryItem><libraryItem libraryName="Растровое изображение 11" itemType="bitmap" folder="" bitmapIndex="31.png"><element type="instance" name="shadow_renderer" x="148.9" y="-120.05" width="96.375" height="96.375" libraryItem="control_shadow"/><element type="instance" name="word_renderer" x="524.05" y="341.325" width="527" height="61" libraryItem="control_word"/><element type="instance" name="bottom" y="58" width="2048" height="150" scaleX="0.9999847412109375" libraryItem="control_bottom_panel"/><element type="instance" name="GreenIndicator" x="1747.55" y="504.275" width="320" height="36.5" libraryItem="GreenIndicator"/><element type="instance" name="top" y="550.275" width="2254.925" height="295.4" libraryItem="control_top_panel"/><element type="instance" name="score" y="-67.275" width="100" height="67.275" scaleX="0.999969482421875" scaleY="0.9998016357421875" libraryItem="control_score_effect"/></libraryItem><libraryItem libraryName="Растровое изображение 12" itemType="bitmap" folder="" bitmapIndex="32.png"><element type="instance" name="shadow_renderer" x="148.9" y="-120.05" width="96.375" height="96.375" libraryItem="control_shadow"/><element type="instance" name="word_renderer" x="524.05" y="341.325" width="527" height="61" libraryItem="control_word"/><element type="instance" name="bottom" y="58" width="2048" height="150" scaleX="0.9999847412109375" libraryItem="control_bottom_panel"/><element type="instance" name="GreenIndicator" x="1747.55" y="504.275" width="320" height="36.5" libraryItem="GreenIndicator"/><element type="instance" name="top" y="550.275" width="2254.925" height="295.4" libraryItem="control_top_panel"/><element type="instance" name="score" y="-67.275" width="100" height="67.275" scaleX="0.999969482421875" scaleY="0.9998016357421875" libraryItem="control_score_effect"/></libraryItem><libraryItem libraryName="Растровое изображение 13" itemType="bitmap" folder="" bitmapIndex="33.png"><element type="instance" name="shadow_renderer" x="148.9" y="-120.05" width="96.375" height="96.375" libraryItem="control_shadow"/><element type="instance" name="word_renderer" x="524.05" y="341.325" width="527" height="61" libraryItem="control_word"/><element type="instance" name="bottom" y="58" width="2048" height="150" scaleX="0.9999847412109375" libraryItem="control_bottom_panel"/><element type="instance" name="GreenIndicator" x="1747.55" y="504.275" width="320" height="36.5" libraryItem="GreenIndicator"/><element type="instance" name="top" y="550.275" width="2254.925" height="295.4" libraryItem="control_top_panel"/><element type="instance" name="score" y="-67.275" width="100" height="67.275" scaleX="0.999969482421875" scaleY="0.9998016357421875" libraryItem="control_score_effect"/></libraryItem><libraryItem libraryName="Растровое изображение 14" itemType="bitmap" folder="" bitmapIndex="34.png"><element type="instance" name="shadow_renderer" x="148.9" y="-120.05" width="96.375" height="96.375" libraryItem="control_shadow"/><element type="instance" name="word_renderer" x="524.05" y="341.325" width="527" height="61" libraryItem="control_word"/><element type="instance" name="bottom" y="58" width="2048" height="150" scaleX="0.9999847412109375" libraryItem="control_bottom_panel"/><element type="instance" name="GreenIndicator" x="1747.55" y="504.275" width="320" height="36.5" libraryItem="GreenIndicator"/><element type="instance" name="top" y="550.275" width="2254.925" height="295.4" libraryItem="control_top_panel"/><element type="instance" name="score" y="-67.275" width="100" height="67.275" scaleX="0.999969482421875" scaleY="0.9998016357421875" libraryItem="control_score_effect"/></libraryItem><libraryItem libraryName="Растровое изображение 15" itemType="bitmap" folder="" bitmapIndex="35.png"><element type="instance" name="shadow_renderer" x="148.9" y="-120.05" width="96.375" height="96.375" libraryItem="control_shadow"/><element type="instance" name="word_renderer" x="524.05" y="341.325" width="527" height="61" libraryItem="control_word"/><element type="instance" name="bottom" y="58" width="2048" height="150" scaleX="0.9999847412109375" libraryItem="control_bottom_panel"/><element type="instance" name="GreenIndicator" x="1747.55" y="504.275" width="320" height="36.5" libraryItem="GreenIndicator"/><element type="instance" name="top" y="550.275" width="2254.925" height="295.4" libraryItem="control_top_panel"/><element type="instance" name="score" y="-67.275" width="100" height="67.275" scaleX="0.999969482421875" scaleY="0.9998016357421875" libraryItem="control_score_effect"/></libraryItem><libraryItem libraryName="Растровое изображение 16" itemType="bitmap" folder="" bitmapIndex="36.png"><element type="instance" name="shadow_renderer" x="148.9" y="-120.05" width="96.375" height="96.375" libraryItem="control_shadow"/><element type="instance" name="word_renderer" x="524.05" y="341.325" width="527" height="61" libraryItem="control_word"/><element type="instance" name="bottom" y="58" width="2048" height="150" scaleX="0.9999847412109375" libraryItem="control_bottom_panel"/><element type="instance" name="GreenIndicator" x="1747.55" y="504.275" width="320" height="36.5" libraryItem="GreenIndicator"/><element type="instance" name="top" y="550.275" width="2254.925" height="295.4" libraryItem="control_top_panel"/><element type="instance" name="score" y="-67.275" width="100" height="67.275" scaleX="0.999969482421875" scaleY="0.9998016357421875" libraryItem="control_score_effect"/></libraryItem><libraryItem libraryName="Растровое изображение 17" itemType="bitmap" folder="" bitmapIndex="37.png"><element type="instance" name="shadow_renderer" x="148.9" y="-120.05" width="96.375" height="96.375" libraryItem="control_shadow"/><element type="instance" name="word_renderer" x="524.05" y="341.325" width="527" height="61" libraryItem="control_word"/><element type="instance" name="bottom" y="58" width="2048" height="150" scaleX="0.9999847412109375" libraryItem="control_bottom_panel"/><element type="instance" name="GreenIndicator" x="1747.55" y="504.275" width="320" height="36.5" libraryItem="GreenIndicator"/><element type="instance" name="top" y="550.275" width="2254.925" height="295.4" libraryItem="control_top_panel"/><element type="instance" name="score" y="-67.275" width="100" height="67.275" scaleX="0.999969482421875" scaleY="0.9998016357421875" libraryItem="control_score_effect"/></libraryItem><libraryItem libraryName="Растровое изображение 2" itemType="bitmap" folder="" bitmapIndex="38.png"><element type="instance" name="shadow_renderer" x="148.9" y="-120.05" width="96.375" height="96.375" libraryItem="control_shadow"/><element type="instance" name="word_renderer" x="524.05" y="341.325" width="527" height="61" libraryItem="control_word"/><element type="instance" name="bottom" y="58" width="2048" height="150" scaleX="0.9999847412109375" libraryItem="control_bottom_panel"/><element type="instance" name="GreenIndicator" x="1747.55" y="504.275" width="320" height="36.5" libraryItem="GreenIndicator"/><element type="instance" name="top" y="550.275" width="2254.925" height="295.4" libraryItem="control_top_panel"/><element type="instance" name="score" y="-67.275" width="100" height="67.275" scaleX="0.999969482421875" scaleY="0.9998016357421875" libraryItem="control_score_effect"/></libraryItem><libraryItem libraryName="Растровое изображение 20" itemType="bitmap" folder="" bitmapIndex="39.png"><element type="instance" name="shadow_renderer" x="148.9" y="-120.05" width="96.375" height="96.375" libraryItem="control_shadow"/><element type="instance" name="word_renderer" x="524.05" y="341.325" width="527" height="61" libraryItem="control_word"/><element type="instance" name="bottom" y="58" width="2048" height="150" scaleX="0.9999847412109375" libraryItem="control_bottom_panel"/><element type="instance" name="GreenIndicator" x="1747.55" y="504.275" width="320" height="36.5" libraryItem="GreenIndicator"/><element type="instance" name="top" y="550.275" width="2254.925" height="295.4" libraryItem="control_top_panel"/><element type="instance" name="score" y="-67.275" width="100" height="67.275" scaleX="0.999969482421875" scaleY="0.9998016357421875" libraryItem="control_score_effect"/></libraryItem><libraryItem libraryName="Растровое изображение 3" itemType="bitmap" folder="" bitmapIndex="40.png"><element type="instance" name="shadow_renderer" x="148.9" y="-120.05" width="96.375" height="96.375" libraryItem="control_shadow"/><element type="instance" name="word_renderer" x="524.05" y="341.325" width="527" height="61" libraryItem="control_word"/><element type="instance" name="bottom" y="58" width="2048" height="150" scaleX="0.9999847412109375" libraryItem="control_bottom_panel"/><element type="instance" name="GreenIndicator" x="1747.55" y="504.275" width="320" height="36.5" libraryItem="GreenIndicator"/><element type="instance" name="top" y="550.275" width="2254.925" height="295.4" libraryItem="control_top_panel"/><element type="instance" name="score" y="-67.275" width="100" height="67.275" scaleX="0.999969482421875" scaleY="0.9998016357421875" libraryItem="control_score_effect"/></libraryItem><libraryItem libraryName="Растровое изображение 4" itemType="bitmap" folder="" bitmapIndex="41.png"><element type="instance" name="shadow_renderer" x="148.9" y="-120.05" width="96.375" height="96.375" libraryItem="control_shadow"/><element type="instance" name="word_renderer" x="524.05" y="341.325" width="527" height="61" libraryItem="control_word"/><element type="instance" name="bottom" y="58" width="2048" height="150" scaleX="0.9999847412109375" libraryItem="control_bottom_panel"/><element type="instance" name="GreenIndicator" x="1747.55" y="504.275" width="320" height="36.5" libraryItem="GreenIndicator"/><element type="instance" name="top" y="550.275" width="2254.925" height="295.4" libraryItem="control_top_panel"/><element type="instance" name="score" y="-67.275" width="100" height="67.275" scaleX="0.999969482421875" scaleY="0.9998016357421875" libraryItem="control_score_effect"/></libraryItem><libraryItem libraryName="Растровое изображение 5" itemType="bitmap" folder="" bitmapIndex="42.png"><element type="instance" name="shadow_renderer" x="148.9" y="-120.05" width="96.375" height="96.375" libraryItem="control_shadow"/><element type="instance" name="word_renderer" x="524.05" y="341.325" width="527" height="61" libraryItem="control_word"/><element type="instance" name="bottom" y="58" width="2048" height="150" scaleX="0.9999847412109375" libraryItem="control_bottom_panel"/><element type="instance" name="GreenIndicator" x="1747.55" y="504.275" width="320" height="36.5" libraryItem="GreenIndicator"/><element type="instance" name="top" y="550.275" width="2254.925" height="295.4" libraryItem="control_top_panel"/><element type="instance" name="score" y="-67.275" width="100" height="67.275" scaleX="0.999969482421875" scaleY="0.9998016357421875" libraryItem="control_score_effect"/></libraryItem><libraryItem libraryName="Растровое изображение 6" itemType="bitmap" folder="" bitmapIndex="43.png"><element type="instance" name="shadow_renderer" x="148.9" y="-120.05" width="96.375" height="96.375" libraryItem="control_shadow"/><element type="instance" name="word_renderer" x="524.05" y="341.325" width="527" height="61" libraryItem="control_word"/><element type="instance" name="bottom" y="58" width="2048" height="150" scaleX="0.9999847412109375" libraryItem="control_bottom_panel"/><element type="instance" name="GreenIndicator" x="1747.55" y="504.275" width="320" height="36.5" libraryItem="GreenIndicator"/><element type="instance" name="top" y="550.275" width="2254.925" height="295.4" libraryItem="control_top_panel"/><element type="instance" name="score" y="-67.275" width="100" height="67.275" scaleX="0.999969482421875" scaleY="0.9998016357421875" libraryItem="control_score_effect"/></libraryItem><libraryItem libraryName="Растровое изображение 7" itemType="bitmap" folder="" bitmapIndex="44.png"><element type="instance" name="shadow_renderer" x="148.9" y="-120.05" width="96.375" height="96.375" libraryItem="control_shadow"/><element type="instance" name="word_renderer" x="524.05" y="341.325" width="527" height="61" libraryItem="control_word"/><element type="instance" name="bottom" y="58" width="2048" height="150" scaleX="0.9999847412109375" libraryItem="control_bottom_panel"/><element type="instance" name="GreenIndicator" x="1747.55" y="504.275" width="320" height="36.5" libraryItem="GreenIndicator"/><element type="instance" name="top" y="550.275" width="2254.925" height="295.4" libraryItem="control_top_panel"/><element type="instance" name="score" y="-67.275" width="100" height="67.275" scaleX="0.999969482421875" scaleY="0.9998016357421875" libraryItem="control_score_effect"/></libraryItem><libraryItem libraryName="Растровое изображение 8" itemType="bitmap" folder="" bitmapIndex="45.png"><element type="instance" name="shadow_renderer" x="148.9" y="-120.05" width="96.375" height="96.375" libraryItem="control_shadow"/><element type="instance" name="word_renderer" x="524.05" y="341.325" width="527" height="61" libraryItem="control_word"/><element type="instance" name="bottom" y="58" width="2048" height="150" scaleX="0.9999847412109375" libraryItem="control_bottom_panel"/><element type="instance" name="GreenIndicator" x="1747.55" y="504.275" width="320" height="36.5" libraryItem="GreenIndicator"/><element type="instance" name="top" y="550.275" width="2254.925" height="295.4" libraryItem="control_top_panel"/><element type="instance" name="score" y="-67.275" width="100" height="67.275" scaleX="0.999969482421875" scaleY="0.9998016357421875" libraryItem="control_score_effect"/></libraryItem><libraryItem libraryName="Растровое изображение 9" itemType="bitmap" folder="" bitmapIndex="46.png"><element type="instance" name="shadow_renderer" x="148.9" y="-120.05" width="96.375" height="96.375" libraryItem="control_shadow"/><element type="instance" name="word_renderer" x="524.05" y="341.325" width="527" height="61" libraryItem="control_word"/><element type="instance" name="bottom" y="58" width="2048" height="150" scaleX="0.9999847412109375" libraryItem="control_bottom_panel"/><element type="instance" name="GreenIndicator" x="1747.55" y="504.275" width="320" height="36.5" libraryItem="GreenIndicator"/><element type="instance" name="top" y="550.275" width="2254.925" height="295.4" libraryItem="control_top_panel"/><element type="instance" name="score" y="-67.275" width="100" height="67.275" scaleX="0.999969482421875" scaleY="0.9998016357421875" libraryItem="control_score_effect"/></libraryItem><libraryItem libraryName="_fonts/Verdana" itemType="font" folder="_fonts"><element type="instance" name="shadow_renderer" x="148.9" y="-120.05" width="96.375" height="96.375" libraryItem="control_shadow"/><element type="instance" name="word_renderer" x="524.05" y="341.325" width="527" height="61" libraryItem="control_word"/><element type="instance" name="bottom" y="58" width="2048" height="150" scaleX="0.9999847412109375" libraryItem="control_bottom_panel"/><element type="instance" name="GreenIndicator" x="1747.55" y="504.275" width="320" height="36.5" libraryItem="GreenIndicator"/><element type="instance" name="top" y="550.275" width="2254.925" height="295.4" libraryItem="control_top_panel"/><element type="instance" name="score" y="-67.275" width="100" height="67.275" scaleX="0.999969482421875" scaleY="0.9998016357421875" libraryItem="control_score_effect"/></libraryItem><libraryItem libraryName="_fonts/MyriadPro" itemType="font" folder="_fonts"><element type="instance" name="shadow_renderer" x="148.9" y="-120.05" width="96.375" height="96.375" libraryItem="control_shadow"/><element type="instance" name="word_renderer" x="524.05" y="341.325" width="527" height="61" libraryItem="control_word"/><element type="instance" name="bottom" y="58" width="2048" height="150" scaleX="0.9999847412109375" libraryItem="control_bottom_panel"/><element type="instance" name="GreenIndicator" x="1747.55" y="504.275" width="320" height="36.5" libraryItem="GreenIndicator"/><element type="instance" name="top" y="550.275" width="2254.925" height="295.4" libraryItem="control_top_panel"/><element type="instance" name="score" y="-67.275" width="100" height="67.275" scaleX="0.999969482421875" scaleY="0.9998016357421875" libraryItem="control_score_effect"/></libraryItem><libraryItem libraryName="_fonts/VerdanaItalic" itemType="font" folder="_fonts"><element type="instance" name="shadow_renderer" x="148.9" y="-120.05" width="96.375" height="96.375" libraryItem="control_shadow"/><element type="instance" name="word_renderer" x="524.05" y="341.325" width="527" height="61" libraryItem="control_word"/><element type="instance" name="bottom" y="58" width="2048" height="150" scaleX="0.9999847412109375" libraryItem="control_bottom_panel"/><element type="instance" name="GreenIndicator" x="1747.55" y="504.275" width="320" height="36.5" libraryItem="GreenIndicator"/><element type="instance" name="top" y="550.275" width="2254.925" height="295.4" libraryItem="control_top_panel"/><element type="instance" name="score" y="-67.275" width="100" height="67.275" scaleX="0.999969482421875" scaleY="0.9998016357421875" libraryItem="control_score_effect"/></libraryItem><libraryItem libraryName="_fonts/MyriadProBold" itemType="font" folder="_fonts"><element type="instance" name="shadow_renderer" x="148.9" y="-120.05" width="96.375" height="96.375" libraryItem="control_shadow"/><element type="instance" name="word_renderer" x="524.05" y="341.325" width="527" height="61" libraryItem="control_word"/><element type="instance" name="bottom" y="58" width="2048" height="150" scaleX="0.9999847412109375" libraryItem="control_bottom_panel"/><element type="instance" name="GreenIndicator" x="1747.55" y="504.275" width="320" height="36.5" libraryItem="GreenIndicator"/><element type="instance" name="top" y="550.275" width="2254.925" height="295.4" libraryItem="control_top_panel"/><element type="instance" name="score" y="-67.275" width="100" height="67.275" scaleX="0.999969482421875" scaleY="0.9998016357421875" libraryItem="control_score_effect"/></libraryItem><libraryItem libraryName="_fonts/mult" itemType="font" folder="_fonts"><element type="instance" name="shadow_renderer" x="148.9" y="-120.05" width="96.375" height="96.375" libraryItem="control_shadow"/><element type="instance" name="word_renderer" x="524.05" y="341.325" width="527" height="61" libraryItem="control_word"/><element type="instance" name="bottom" y="58" width="2048" height="150" scaleX="0.9999847412109375" libraryItem="control_bottom_panel"/><element type="instance" name="GreenIndicator" x="1747.55" y="504.275" width="320" height="36.5" libraryItem="GreenIndicator"/><element type="instance" name="top" y="550.275" width="2254.925" height="295.4" libraryItem="control_top_panel"/><element type="instance" name="score" y="-67.275" width="100" height="67.275" scaleX="0.999969482421875" scaleY="0.9998016357421875" libraryItem="control_score_effect"/></libraryItem><libraryItem libraryName="_fonts/white_bebas_bold" itemType="font" folder="_fonts"><element type="instance" name="shadow_renderer" x="148.9" y="-120.05" width="96.375" height="96.375" libraryItem="control_shadow"/><element type="instance" name="word_renderer" x="524.05" y="341.325" width="527" height="61" libraryItem="control_word"/><element type="instance" name="bottom" y="58" width="2048" height="150" scaleX="0.9999847412109375" libraryItem="control_bottom_panel"/><element type="instance" name="GreenIndicator" x="1747.55" y="504.275" width="320" height="36.5" libraryItem="GreenIndicator"/><element type="instance" name="top" y="550.275" width="2254.925" height="295.4" libraryItem="control_top_panel"/><element type="instance" name="score" y="-67.275" width="100" height="67.275" scaleX="0.999969482421875" scaleY="0.9998016357421875" libraryItem="control_score_effect"/></libraryItem><libraryItem libraryName="_fonts/orange_bebas_bold" itemType="font" folder="_fonts"><element type="instance" name="shadow_renderer" x="148.9" y="-120.05" width="96.375" height="96.375" libraryItem="control_shadow"/><element type="instance" name="word_renderer" x="524.05" y="341.325" width="527" height="61" libraryItem="control_word"/><element type="instance" name="bottom" y="58" width="2048" height="150" scaleX="0.9999847412109375" libraryItem="control_bottom_panel"/><element type="instance" name="GreenIndicator" x="1747.55" y="504.275" width="320" height="36.5" libraryItem="GreenIndicator"/><element type="instance" name="top" y="550.275" width="2254.925" height="295.4" libraryItem="control_top_panel"/><element type="instance" name="score" y="-67.275" width="100" height="67.275" scaleX="0.999969482421875" scaleY="0.9998016357421875" libraryItem="control_score_effect"/></libraryItem></xmlui>