<?xml version="1.0" encoding="UTF-8"?>
<!-- Created with TexturePacker http://www.codeandweb.com/texturepacker-->
<!-- $TexturePacker:SmartUpdate:2e6c17ad7787e553117bd804b39ebcb0:acbcd7a545c989abd1a51502a0756393:b0270681d1bcf35d65fbbab6eeddf13f$ -->
<TextureAtlas imagePath="out.png" width="2048" height="2048">
    <SubTexture name="0" x="2006" y="350" width="33" height="110"/>
    <SubTexture name="1" x="1469" y="598" width="413" height="39"/>
    <SubTexture name="10" x="1475" y="372" width="525" height="69"/>
    <SubTexture name="11" x="1093" y="599" width="344" height="69"/>
    <SubTexture name="12" x="650" y="578" width="292" height="68"/>
    <SubTexture name="13" x="326" y="578" width="320" height="37"/>
    <SubTexture name="14" x="326" y="619" width="320" height="37"/>
    <SubTexture name="15" x="1045" y="536" width="44" height="44"/>
    <SubTexture name="16" x="1475" y="307" width="527" height="61"/>
    <SubTexture name="17" x="2028" y="627" width="20" height="26"/>
    <SubTexture name="18" x="326" y="660" width="292" height="68"/>
    <SubTexture name="19" x="0" y="536" width="945" height="19"/>
    <SubTexture name="2" x="1469" y="518" width="413" height="76"/>
    <SubTexture name="20" x="0" y="559" width="941" height="15"/>
    <SubTexture name="21" x="0" y="670" width="290" height="292"/>
    <SubTexture name="22" x="1428" y="733" width="234" height="44"/>
    <SubTexture name="23" x="1666" y="764" width="234" height="44"/>
    <SubTexture name="24" x="0" y="0" width="2048" height="100"/>
    <SubTexture name="25" x="0" y="104" width="2048" height="100"/>
    <SubTexture name="26" x="1475" y="445" width="525" height="69"/>
    <SubTexture name="27" x="1229" y="672" width="195" height="219"/>
    <SubTexture name="28" x="949" y="536" width="92" height="92"/>
    <SubTexture name="29" x="1963" y="518" width="69" height="105"/>
    <SubTexture name="3" x="1886" y="518" width="73" height="73"/>
    <SubTexture name="30" x="1767" y="703" width="183" height="57"/>
    <SubTexture name="31" x="2006" y="307" width="39" height="39"/>
    <SubTexture name="32" x="1767" y="641" width="43" height="43"/>
    <SubTexture name="33" x="0" y="498" width="1089" height="34"/>
    <SubTexture name="34" x="1441" y="641" width="322" height="88"/>
    <SubTexture name="35" x="0" y="578" width="322" height="88"/>
    <SubTexture name="36" x="650" y="650" width="317" height="86"/>
    <SubTexture name="37" x="0" y="307" width="1471" height="144"/>
    <SubTexture name="38" x="1886" y="595" width="69" height="104"/>
    <SubTexture name="39" x="2028" y="657" width="15" height="15"/>
    <SubTexture name="4" x="0" y="208" width="2048" height="95"/>
    <SubTexture name="40" x="1093" y="507" width="372" height="42"/>
    <SubTexture name="41" x="1093" y="553" width="372" height="42"/>
    <SubTexture name="42" x="1959" y="696" width="45" height="43"/>
    <SubTexture name="43" x="2004" y="464" width="44" height="50"/>
    <SubTexture name="44" x="1867" y="812" width="178" height="58"/>
    <SubTexture name="45" x="1428" y="781" width="222" height="60"/>
    <SubTexture name="46" x="294" y="732" width="267" height="81"/>
    <SubTexture name="5" x="1045" y="584" width="44" height="44"/>
    <SubTexture name="6" x="971" y="709" width="240" height="292"/>
    <SubTexture name="7" x="1654" y="812" width="209" height="34"/>
    <SubTexture name="8" x="1959" y="627" width="65" height="65"/>
    <SubTexture name="9" x="0" y="455" width="1099" height="39"/>
    <SubTexture name="orange_bebas_bold" x="1428" y="845" width="175" height="490"/>
    <SubTexture name="uiFont" x="1607" y="850" width="168" height="512"/>
    <SubTexture name="white50" x="971" y="672" width="254" height="33"/>
    <SubTexture name="white90" x="1103" y="455" width="358" height="48"/>
    <SubTexture name="white_bebas_bold" x="1215" y="895" width="175" height="490"/>
</TextureAtlas>
