<?xml version="1.0" encoding="UTF-8"?>
<!-- Created with TexturePacker http://www.codeandweb.com/texturepacker-->
<!-- $TexturePacker:SmartUpdate:33f538382036b2d16e4619da9a558f35:60a375572eba8b2e5f40b6e92df50c19:b0270681d1bcf35d65fbbab6eeddf13f$ -->
<TextureAtlas imagePath="out.png" width="2048" height="1024">
    <SubTexture name="0" x="840" y="492" width="413" height="39"/>
    <SubTexture name="1" x="840" y="938" width="413" height="76"/>
    <SubTexture name="10" x="594" y="760" width="60" height="60"/>
    <SubTexture name="11" x="834" y="428" width="60" height="60"/>
    <SubTexture name="12" x="898" y="428" width="60" height="60"/>
    <SubTexture name="13" x="505" y="970" width="187" height="47"/>
    <SubTexture name="14" x="810" y="831" width="100" height="103"/>
    <SubTexture name="15" x="991" y="831" width="72" height="72"/>
    <SubTexture name="16" x="1257" y="428" width="525" height="69"/>
    <SubTexture name="17" x="884" y="609" width="344" height="69"/>
    <SubTexture name="18" x="0" y="1003" width="18" height="20"/>
    <SubTexture name="19" x="1786" y="504" width="220" height="40"/>
    <SubTexture name="2" x="0" y="831" width="91" height="168"/>
    <SubTexture name="20" x="658" y="755" width="413" height="72"/>
    <SubTexture name="21" x="1232" y="592" width="220" height="39"/>
    <SubTexture name="22" x="530" y="500" width="87" height="256"/>
    <SubTexture name="23" x="0" y="0" width="2048" height="211"/>
    <SubTexture name="24" x="0" y="215" width="2048" height="96"/>
    <SubTexture name="25" x="754" y="403" width="76" height="63"/>
    <SubTexture name="26" x="840" y="609" width="40" height="70"/>
    <SubTexture name="27" x="1154" y="428" width="65" height="55"/>
    <SubTexture name="28" x="696" y="970" width="44" height="44"/>
    <SubTexture name="29" x="744" y="970" width="44" height="44"/>
    <SubTexture name="3" x="914" y="831" width="73" height="73"/>
    <SubTexture name="30" x="792" y="970" width="44" height="44"/>
    <SubTexture name="31" x="530" y="760" width="60" height="64"/>
    <SubTexture name="32" x="1997" y="362" width="44" height="44"/>
    <SubTexture name="33" x="1997" y="410" width="44" height="44"/>
    <SubTexture name="34" x="754" y="352" width="44" height="44"/>
    <SubTexture name="35" x="754" y="470" width="56" height="24"/>
    <SubTexture name="36" x="810" y="359" width="11" height="40"/>
    <SubTexture name="37" x="810" y="315" width="19" height="40"/>
    <SubTexture name="38" x="1786" y="548" width="220" height="40"/>
    <SubTexture name="39" x="1067" y="831" width="72" height="72"/>
    <SubTexture name="4" x="962" y="428" width="60" height="60"/>
    <SubTexture name="40" x="1786" y="428" width="72" height="72"/>
    <SubTexture name="41" x="621" y="500" width="215" height="205"/>
    <SubTexture name="42" x="1257" y="501" width="525" height="69"/>
    <SubTexture name="43" x="840" y="315" width="1024" height="109"/>
    <SubTexture name="44" x="1868" y="315" width="125" height="125"/>
    <SubTexture name="45" x="95" y="831" width="711" height="135"/>
    <SubTexture name="46" x="621" y="709" width="372" height="42"/>
    <SubTexture name="47" x="997" y="682" width="372" height="42"/>
    <SubTexture name="48" x="1997" y="315" width="45" height="43"/>
    <SubTexture name="49" x="95" y="970" width="44" height="50"/>
    <SubTexture name="5" x="1026" y="428" width="60" height="60"/>
    <SubTexture name="6" x="1090" y="428" width="60" height="60"/>
    <SubTexture name="7" x="530" y="352" width="220" height="70"/>
    <SubTexture name="8" x="530" y="426" width="220" height="70"/>
    <SubTexture name="9" x="997" y="535" width="220" height="70"/>
    <SubTexture name="orange_bebas_bold" x="172" y="315" width="175" height="490"/>
    <SubTexture name="uiFont" x="0" y="315" width="168" height="512"/>
    <SubTexture name="white50" x="530" y="315" width="254" height="33"/>
    <SubTexture name="white90" x="143" y="970" width="358" height="48"/>
    <SubTexture name="white_bebas_bold" x="351" y="315" width="175" height="490"/>
</TextureAtlas>
