{"textureFormat": "atf", "frameRate": 24, "movies": [{"layers": [{"name": "origin", "keyframes": [{"loc": [640, 383.525], "index": 0, "tweened": false, "duration": 1, "pivot": [640, 383.525], "ref": "~original"}]}], "id": "Room_back"}, {"layers": [{"name": "light", "keyframes": [{"loc": [0.05, 0.05], "index": 0, "pivot": [4.75, 4.75], "duration": 59, "alpha": 0, "ref": "aircraft"}, {"loc": [0.05, 0.05], "index": 59, "pivot": [4.75, 4.75], "duration": 60, "alpha": 0.5508, "ref": "aircraft"}, {"loc": [0.05, 0.05], "index": 119, "pivot": [4.75, 4.75], "duration": 1, "alpha": 0, "ref": "aircraft"}]}], "id": "~aircraft1_a"}, {"layers": [{"name": "light", "keyframes": [{"duration": 59, "index": 0, "pivot": [4.75, 4.75], "ref": "aircraft", "loc": [4.75, 4.75]}, {"loc": [4.75, 4.75], "index": 59, "pivot": [4.75, 4.75], "duration": 60, "alpha": 0, "ref": "aircraft"}, {"duration": 1, "index": 119, "pivot": [4.75, 4.75], "ref": "aircraft", "loc": [4.75, 4.75]}]}], "id": "~aircraft2_a"}, {"layers": [{"name": "bg", "keyframes": [{"duration": 4, "index": 0, "pivot": [2.5, 2.5], "ref": "green_bg", "loc": [0.05, 0.05]}, {"loc": [0.05, 0.05], "index": 4, "pivot": [2.5, 2.5], "duration": 5, "alpha": 0, "ref": "green_bg"}, {"duration": 5, "index": 9, "pivot": [2.5, 2.5], "ref": "green_bg", "loc": [0.05, 0.05]}, {"loc": [0.05, 0.05], "index": 14, "pivot": [2.5, 2.5], "duration": 5, "alpha": 0, "ref": "green_bg"}, {"duration": 45, "index": 19, "pivot": [2.5, 2.5], "ref": "green_bg", "loc": [0.05, 0.05]}, {"duration": 1, "index": 64, "pivot": [2.5, 2.5], "ref": "green_bg", "loc": [0.05, 0.05]}]}, {"name": "green", "keyframes": [{"loc": [0.425, -0.2], "index": 0, "pivot": [4.75, 4.75], "duration": 4, "alpha": 0, "ref": "green"}, {"duration": 5, "index": 4, "pivot": [4.75, 4.75], "ref": "green", "loc": [0.425, -0.2]}, {"loc": [0.425, -0.2], "index": 9, "pivot": [4.75, 4.75], "duration": 5, "alpha": 0, "ref": "green"}, {"duration": 5, "index": 14, "pivot": [4.75, 4.75], "ref": "green", "loc": [0.425, -0.2]}, {"loc": [0.425, -0.2], "index": 19, "pivot": [4.75, 4.75], "duration": 45, "alpha": 0, "ref": "green"}, {"loc": [0.425, -0.2], "index": 64, "pivot": [4.75, 4.75], "duration": 1, "alpha": 0, "ref": "green"}]}], "id": "~green1_a"}, {"layers": [{"name": "bg", "keyframes": [{"duration": 4, "index": 0, "pivot": [2.5, 2.5], "ref": "green_bg", "loc": [0.025, 0.025]}, {"loc": [0.025, 0.025], "index": 4, "pivot": [2.5, 2.5], "duration": 5, "alpha": 0, "ref": "green_bg"}, {"duration": 5, "index": 9, "pivot": [2.5, 2.5], "ref": "green_bg", "loc": [0.025, 0.025]}, {"loc": [0.025, 0.025], "index": 14, "pivot": [2.5, 2.5], "duration": 5, "alpha": 0, "ref": "green_bg"}, {"duration": 5, "index": 19, "pivot": [2.5, 2.5], "ref": "green_bg", "loc": [0.025, 0.025]}, {"loc": [0.025, 0.025], "index": 24, "pivot": [2.5, 2.5], "duration": 5, "alpha": 0, "ref": "green_bg"}, {"duration": 89, "index": 29, "pivot": [2.5, 2.5], "ref": "green_bg", "loc": [0.025, 0.025]}, {"duration": 1, "index": 118, "pivot": [2.5, 2.5], "ref": "green_bg", "loc": [0.025, 0.025]}]}, {"name": "green", "keyframes": [{"loc": [0.25, -0.125], "index": 0, "pivot": [4.75, 4.75], "duration": 4, "alpha": 0, "ref": "green"}, {"duration": 5, "index": 4, "pivot": [4.75, 4.75], "ref": "green", "loc": [0.25, -0.125]}, {"loc": [0.25, -0.125], "index": 9, "pivot": [4.75, 4.75], "duration": 5, "alpha": 0, "ref": "green"}, {"duration": 5, "index": 14, "pivot": [4.75, 4.75], "ref": "green", "loc": [0.25, -0.125]}, {"loc": [0.25, -0.125], "index": 19, "pivot": [4.75, 4.75], "duration": 5, "alpha": 0, "ref": "green"}, {"duration": 5, "index": 24, "pivot": [4.75, 4.75], "ref": "green", "loc": [0.25, -0.125]}, {"loc": [0.25, -0.125], "index": 29, "pivot": [4.75, 4.75], "duration": 89, "alpha": 0, "ref": "green"}, {"loc": [0.25, -0.125], "index": 118, "pivot": [4.75, 4.75], "duration": 1, "alpha": 0, "ref": "green"}]}], "id": "~green2_a"}, {"layers": [{"name": "light", "keyframes": [{"loc": [205.75, 33.25], "index": 0, "pivot": [205.75, 33.25], "duration": 4, "alpha": 0, "ref": "lamp"}, {"duration": 5, "index": 4, "pivot": [205.75, 33.25], "ref": "lamp", "loc": [205.75, 33.25]}, {"loc": [205.75, 33.25], "index": 9, "pivot": [205.75, 33.25], "duration": 5, "alpha": 0, "ref": "lamp"}, {"duration": 5, "index": 14, "pivot": [205.75, 33.25], "ref": "lamp", "loc": [205.75, 33.25]}, {"loc": [205.75, 33.25], "index": 19, "pivot": [205.75, 33.25], "duration": 110, "alpha": 0, "ref": "lamp"}, {"loc": [205.75, 33.25], "index": 129, "pivot": [205.75, 33.25], "duration": 1, "alpha": 0, "ref": "lamp"}]}], "id": "~lamp_a"}, {"layers": [{"name": "light", "keyframes": [{"loc": [-0.25, -0.225], "index": 0, "pivot": [22.75, 20.75], "duration": 24, "alpha": 0.1992, "ref": "light"}, {"loc": [-0.25, -0.225], "index": 24, "pivot": [22.75, 20.75], "duration": 25, "alpha": 0.4883, "ref": "light"}, {"loc": [-0.25, -0.225], "index": 49, "pivot": [22.75, 20.75], "duration": 1, "alpha": 0.1992, "ref": "light"}]}], "id": "~light_a"}, {"layers": [{"name": "one", "keyframes": [{"loc": [1, 2], "index": 0, "tweened": false, "duration": 14, "pivot": [1, 2], "ref": "one"}, {"loc": [1, 2], "index": 14, "tweened": false, "duration": 1, "pivot": [1, 2], "ref": "one"}]}, {"name": "two", "keyframes": [{"duration": 15, "index": 0}, {"loc": [0.375, 1.9], "index": 15, "tweened": false, "duration": 14, "pivot": [1.75, 2.5], "ref": "two"}, {"loc": [0.375, 1.9], "index": 29, "tweened": false, "duration": 1, "pivot": [1.75, 2.5], "ref": "two"}]}, {"name": "three", "keyframes": [{"duration": 30, "index": 0}, {"loc": [0.85, 2.1], "index": 30, "tweened": false, "duration": 14, "pivot": [1.5, 2.25], "ref": "three"}, {"loc": [0.85, 2.1], "index": 44, "tweened": false, "duration": 1, "pivot": [1.5, 2.25], "ref": "three"}]}, {"name": "four", "keyframes": [{"duration": 45, "index": 0}, {"loc": [0.775, 2.05], "index": 45, "tweened": false, "duration": 14, "pivot": [1.75, 2.75], "ref": "four"}, {"loc": [0.775, 2.05], "index": 59, "tweened": false, "duration": 1, "pivot": [1.75, 2.75], "ref": "four"}]}, {"name": "five", "keyframes": [{"duration": 60, "index": 0}, {"loc": [0.55, 1.775], "index": 60, "tweened": false, "duration": 14, "pivot": [1.75, 2.5], "ref": "five"}, {"loc": [0.55, 1.775], "index": 74, "tweened": false, "duration": 1, "pivot": [1.75, 2.5], "ref": "five"}]}], "id": "~numbers_a"}, {"layers": [{"name": "background", "keyframes": [{"loc": [640, 384], "index": 0, "tweened": false, "duration": 1, "pivot": [640, 384], "ref": "background"}]}, {"name": "numbers", "keyframes": [{"loc": [1171.025, 583.3], "index": 0, "tweened": false, "duration": 1, "pivot": [1, 2], "ref": "~numbers_a"}]}, {"name": "red", "keyframes": [{"loc": [956.725, 396.5], "index": 0, "tweened": false, "duration": 1, "pivot": [0.25, -0.125], "ref": "~green2_a"}]}, {"name": "green", "keyframes": [{"loc": [949.5, 395.325], "index": 0, "tweened": false, "duration": 1, "pivot": [0.05, 0.05], "ref": "~green1_a"}]}, {"name": "light", "keyframes": [{"loc": [1136.5, 637.35], "index": 0, "tweened": false, "duration": 1, "pivot": [-0.25, -0.225], "ref": "~light_a"}]}, {"name": "window", "keyframes": [{"loc": [443.825, 255.75], "index": 0, "tweened": false, "duration": 1, "pivot": [141.825, 48.25], "ref": "~window_a"}]}, {"name": "lamp", "keyframes": [{"loc": [752.475, 32.325], "index": 0, "tweened": false, "duration": 1, "pivot": [205.75, 33.25], "ref": "~lamp_a"}]}], "id": "~original"}, {"layers": [{"name": "aircraft2", "keyframes": [{"loc": [7.475, 64.225], "scale": [0.5474, 0.5474], "index": 0, "duration": 499, "pivot": [4.75, 4.75], "ref": "~aircraft2_a"}, {"loc": [291.225, 47.025], "scale": [0.5474, 0.5474], "index": 499, "duration": 290, "pivot": [4.75, 4.75], "ref": "~aircraft2_a"}, {"loc": [291.225, 47.025], "scale": [0.5474, 0.5474], "index": 789, "duration": 1, "pivot": [4.75, 4.75], "ref": "~aircraft2_a"}]}, {"name": "aircraft1", "keyframes": [{"duration": 499, "index": 0, "pivot": [0.05, 0.05], "ref": "~aircraft1_a", "loc": [7.425, 64.375]}, {"duration": 290, "index": 499, "pivot": [0.05, 0.05], "ref": "~aircraft1_a", "loc": [291.225, 47.025]}, {"duration": 1, "index": 789, "pivot": [0.05, 0.05], "ref": "~aircraft1_a", "loc": [291.225, 47.025]}]}, {"name": "mask", "keyframes": [{"loc": [150.25, 48.25], "index": 0, "tweened": false, "duration": 499, "pivot": [150.25, 48.25], "ref": "window_mask"}, {"loc": [150.25, 48.25], "index": 499, "tweened": false, "duration": 290, "pivot": [150.25, 48.25], "ref": "window_mask"}, {"loc": [150.25, 48.25], "index": 789, "tweened": false, "duration": 1, "pivot": [150.25, 48.25], "ref": "window_mask"}]}], "id": "~window_a"}], "md5": "37edf866cf9930af2020f961418116d3", "textureGroups": [{"atlases": [{"textures": [{"origin": [0, 0], "symbol": "background", "rect": [1, 1, 1280, 768]}, {"origin": [0, 0], "symbol": "window_mask", "rect": [1, 771, 301, 97]}, {"origin": [205.75, 33.25], "symbol": "lamp", "rect": [1, 870, 412, 67]}, {"origin": [22.75, 20.75], "symbol": "light", "rect": [304, 771, 46, 42]}, {"origin": [4.75, 4.75], "symbol": "green", "rect": [304, 815, 10, 10]}, {"origin": [4.75, 4.75], "symbol": "aircraft", "rect": [304, 827, 10, 10]}, {"origin": [2.5, 2.5], "symbol": "green_bg", "rect": [304, 839, 5, 5]}, {"origin": [0, 0], "symbol": "four", "rect": [304, 846, 4, 6]}, {"origin": [0, 0], "symbol": "five", "rect": [304, 854, 4, 5]}, {"origin": [0, 0], "symbol": "two", "rect": [304, 861, 4, 5]}, {"origin": [0, 0], "symbol": "three", "rect": [310, 846, 3, 5]}, {"origin": [0, 0], "symbol": "one", "rect": [311, 839, 2, 4]}], "file": "atlas0.atf"}], "scaleFactor": 1}], "isNamespaced": false}