<xmlui modify="2016-03-15 15:05:33" scale="0.5"><libraryItem libraryName="_ASSETS" itemType="folder"><element type="instance" name="window" y="-0.025" width="602.025" height="411.275" scaleY="0.9999847412109375" libraryItem="window"/></libraryItem><libraryItem libraryName="buttons" itemType="folder"><element type="instance" name="window" y="-0.025" width="602.025" height="411.275" scaleY="0.9999847412109375" libraryItem="window"/></libraryItem><libraryItem libraryName="bg" itemType="movie clip" linkageClassName="bg"><scalingGrid left="22.75" right="68.25" top="42" bottom="97"/><element type="instance" name="Layer 1" width="91" height="168" scaleY="0.9999847412109375" libraryItem="_ASSETS/bg_enter.png"/></libraryItem><libraryItem libraryName="buttons/button_simple" itemType="movie clip"><element type="text" name="_label" width="218.475" height="70.475" lineType="single line" orientation="horizontal"><textFormat size="30" face="Arial" fillColor="#ffffff" alignment="center" bold="false" italic="false"/><textString><![CDATA[25]]></textString></element><element type="image" name="_out" width="220" height="70" libraryItem="buttons/cancel n"/><element type="image" name="_over" width="220" height="70" libraryItem="buttons/cancel h"/><element type="image" name="_down" width="220" height="70" libraryItem="buttons/cancel p"/></libraryItem><libraryItem libraryName="buttons/cancel n" itemType="movie clip" linkageClassName="canceln"><element type="instance" name="Слой 2" width="220" height="70" libraryItem="_ASSETS/bt_simple_n.png"/></libraryItem><libraryItem libraryName="buttons/cancel h" itemType="movie clip" linkageClassName="cancelh"><element type="instance" name="Слой 2" width="220" height="70" libraryItem="_ASSETS/bt_simple_h.png"/></libraryItem><libraryItem libraryName="buttons/cancel p" itemType="movie clip" linkageClassName="cancelp"><element type="instance" name="Слой 2" width="220" height="70" libraryItem="_ASSETS/bt_simple_p.png"/></libraryItem><libraryItem libraryName="buttons/bt close h" itemType="movie clip" linkageClassName="btcloseh"><element type="instance" name="Layer 1" width="62" height="40" libraryItem="_ASSETS/bt_board_h.png"/></libraryItem><libraryItem libraryName="buttons/bt close n" itemType="movie clip" linkageClassName="btclosen"><element type="instance" name="Layer 1" width="62" height="40" libraryItem="_ASSETS/bt_board_n.png"/></libraryItem><libraryItem libraryName="buttons/bt close p" itemType="movie clip" linkageClassName="btclosep"><element type="instance" name="Layer 1" width="62" height="40" libraryItem="_ASSETS/bt_board_p.png"/></libraryItem><libraryItem libraryName="buttons/bt_close" itemType="movie clip" linkageClassName="bt_close"><element type="image" name="_out" width="62" height="40" libraryItem="buttons/bt close n"/><element type="image" name="_over" width="62" height="40" libraryItem="buttons/bt close h"/><element type="image" name="_down" width="62" height="40" libraryItem="buttons/bt close p"/></libraryItem><libraryItem libraryName="buttons/button_confirm" itemType="movie clip"><element type="text" name="_label" width="218.475" height="70.475" lineType="single line" orientation="horizontal"><textFormat size="30" face="Arial" fillColor="#ffffff" alignment="center" bold="false" italic="false"/><textString><![CDATA[25]]></textString></element><element type="image" name="_out" width="222" height="72" libraryItem="buttons/enter n"/><element type="image" name="_over" width="222" height="72" libraryItem="buttons/enter h"/><element type="image" name="_down" width="222" height="72" libraryItem="buttons/enter p"/></libraryItem><libraryItem libraryName="buttons/enter n" itemType="movie clip" linkageClassName="entern"><element type="instance" name="Layer 1" width="222" height="72" libraryItem="_ASSETS/Растровое изображение 1"/></libraryItem><libraryItem libraryName="buttons/enter h" itemType="movie clip" linkageClassName="enterh"><element type="instance" name="Layer 1" width="222" height="72" libraryItem="_ASSETS/Растровое изображение 2"/></libraryItem><libraryItem libraryName="buttons/enter p" itemType="movie clip" linkageClassName="enterp"><element type="instance" name="Layer 1" width="222" height="72" libraryItem="_ASSETS/Растровое изображение 3"/></libraryItem><libraryItem libraryName="confirm_button" itemType="movie clip" linkageClassName="confirm_button"><element type="instance" name="button" width="222" height="72" libraryItem="buttons/button_confirm"><property name="ui_type"><![CDATA[button]]></property></element></libraryItem><libraryItem libraryName="container" itemType="movie clip" linkageClassName="bounds"><element type="shape" name="panel_bounds" x="297.45" y="35" width="594.925" height="70"/></libraryItem><libraryItem libraryName="simple_button" itemType="movie clip" linkageClassName="simple_button"><element type="instance" name="button" width="220" height="70.475" libraryItem="buttons/button_simple"><property name="ui_type"><![CDATA[button]]></property></element></libraryItem><libraryItem libraryName="window" itemType="movie clip" linkageClassName="window"><element type="instance" name="bt_close" x="540" width="62" height="40" libraryItem="buttons/bt_close"><property name="ui_type"><![CDATA[button]]></property><property name="button_signal"><![CDATA[close]]></property></element><element type="text" name="window_title" x="5.8" y="38.175" width="591.975" height="32.925" lineType="multiline" orientation="horizontal"><textFormat size="25" face="Arial" fillColor="#1c436c" alignment="center" bold="false" italic="false"/><textString><![CDATA[Header text.]]></textString></element><element type="text" name="tf_message" x="5.8" y="77.7" width="590.975" height="230.55" lineType="multiline" orientation="horizontal"><textFormat size="25" face="Arial" fillColor="#1c436c" alignment="center" bold="false" italic="false"/><textString><![CDATA[Message text.]]></textString></element><element type="instance" name="buttons_panel" x="0.6" y="315.275" width="594.925" height="70" libraryItem="container"><property name="ui_type"><![CDATA[scalable_panel]]></property><property name="h_align"><![CDATA[center]]></property></element><element type="image" name="window_background" width="600" height="411" scaleX="6.5933837890625" scaleY="2.4464111328125" libraryItem="bg"/><element type="shape" name="window_bounds" x="299.975" y="206.6" width="600" height="409.35"/></libraryItem><libraryItem libraryName="_ASSETS/bg_enter.png" itemType="bitmap" bitmapIndex="0.png"><element type="instance" name="window" y="-0.025" width="602.025" height="411.275" scaleY="0.9999847412109375" libraryItem="window"/></libraryItem><libraryItem libraryName="_ASSETS/bt_board_h.png" itemType="bitmap" bitmapIndex="1.png"><element type="instance" name="window" y="-0.025" width="602.025" height="411.275" scaleY="0.9999847412109375" libraryItem="window"/></libraryItem><libraryItem libraryName="_ASSETS/bt_board_n.png" itemType="bitmap" bitmapIndex="2.png"><element type="instance" name="window" y="-0.025" width="602.025" height="411.275" scaleY="0.9999847412109375" libraryItem="window"/></libraryItem><libraryItem libraryName="_ASSETS/bt_board_p.png" itemType="bitmap" bitmapIndex="3.png"><element type="instance" name="window" y="-0.025" width="602.025" height="411.275" scaleY="0.9999847412109375" libraryItem="window"/></libraryItem><libraryItem libraryName="_ASSETS/bt_simple_h.png" itemType="bitmap" bitmapIndex="4.png"><element type="instance" name="window" y="-0.025" width="602.025" height="411.275" scaleY="0.9999847412109375" libraryItem="window"/></libraryItem><libraryItem libraryName="_ASSETS/bt_simple_n.png" itemType="bitmap" bitmapIndex="5.png"><element type="instance" name="window" y="-0.025" width="602.025" height="411.275" scaleY="0.9999847412109375" libraryItem="window"/></libraryItem><libraryItem libraryName="_ASSETS/bt_simple_p.png" itemType="bitmap" bitmapIndex="6.png"><element type="instance" name="window" y="-0.025" width="602.025" height="411.275" scaleY="0.9999847412109375" libraryItem="window"/></libraryItem><libraryItem libraryName="_ASSETS/Растровое изображение 1" itemType="bitmap" bitmapIndex="7.png"><element type="instance" name="window" y="-0.025" width="602.025" height="411.275" scaleY="0.9999847412109375" libraryItem="window"/></libraryItem><libraryItem libraryName="_ASSETS/Растровое изображение 2" itemType="bitmap" bitmapIndex="8.png"><element type="instance" name="window" y="-0.025" width="602.025" height="411.275" scaleY="0.9999847412109375" libraryItem="window"/></libraryItem><libraryItem libraryName="_ASSETS/Растровое изображение 3" itemType="bitmap" bitmapIndex="9.png"><element type="instance" name="window" y="-0.025" width="602.025" height="411.275" scaleY="0.9999847412109375" libraryItem="window"/></libraryItem></xmlui>