<?xml version="1.0" encoding="UTF-8"?>
<!-- Created with TexturePacker http://www.codeandweb.com/texturepacker-->
<!-- $TexturePacker:SmartUpdate:6652b4634de6106701184c07c4864d5b:b73a460b65b452a525ff47eaf46bdcd9:b0270681d1bcf35d65fbbab6eeddf13f$ -->
<TextureAtlas imagePath="out.png" width="452" height="392">
    <SubTexture name="1" x="0" y="0" width="62" height="40"/>
    <SubTexture name="2" x="66" y="0" width="62" height="40"/>
    <SubTexture name="3" x="132" y="0" width="62" height="40"/>
    <SubTexture name="4" x="198" y="0" width="220" height="70"/>
    <SubTexture name="5" x="0" y="74" width="220" height="70"/>
    <SubTexture name="6" x="224" y="74" width="220" height="70"/>
    <SubTexture name="8" x="0" y="148" width="222" height="72"/>
    <SubTexture name="9" x="226" y="148" width="222" height="72"/>
    <SubTexture name="7" x="0" y="224" width="222" height="72"/>
    <SubTexture name="0" x="226" y="224" width="91" height="168"/>
</TextureAtlas>
