<xmlui modify="2016-11-01 16:32:14" scale="0.5" textureType="png"><libraryItem libraryName="attachecase" itemType="movie clip" folder="" linkageClassName="attachecase"><element type="instance" name="Слой 1" width="50" height="50" libraryItem="attachecase.png"/></libraryItem><libraryItem libraryName="bandage" itemType="movie clip" folder="" linkageClassName="bandage"><element type="instance" name="Слой 1" width="50" height="50" libraryItem="bandage.png"/></libraryItem><libraryItem libraryName="beaker" itemType="movie clip" folder="" linkageClassName="beaker"><element type="instance" name="Слой 1" width="50" height="50" libraryItem="beaker.png"/></libraryItem><libraryItem libraryName="bottle" itemType="movie clip" folder="" linkageClassName="bottle"><element type="instance" name="Слой 1" width="50" height="50" libraryItem="bottle.png"/></libraryItem><libraryItem libraryName="brain" itemType="movie clip" folder="" linkageClassName="brain"><element type="instance" name="Слой 1" width="50" height="50" libraryItem="brain.png"/></libraryItem><libraryItem libraryName="certificate" itemType="movie clip" folder="" linkageClassName="certificate"><element type="instance" name="Слой 1" width="50" height="50" libraryItem="certificate.png"/></libraryItem><libraryItem libraryName="clock" itemType="movie clip" folder="" linkageClassName="clock"><element type="instance" name="Слой 1" width="50" height="50" libraryItem="clock.png"/></libraryItem><libraryItem libraryName="container" itemType="movie clip" folder="" linkageClassName="container"><element type="instance" name="Слой 1" width="50" height="50" libraryItem="container.png"/></libraryItem><libraryItem libraryName="crutch" itemType="movie clip" folder="" linkageClassName="crutch"><element type="instance" name="Слой 1" width="50" height="50" libraryItem="crutch.png"/></libraryItem><libraryItem libraryName="cuvette" itemType="movie clip" folder="" linkageClassName="cuvette"><element type="instance" name="Слой 1" width="50" height="50" libraryItem="cuvette.png"/></libraryItem><libraryItem libraryName="dropcounter" itemType="movie clip" folder="" linkageClassName="dropcounter"><element type="instance" name="Слой 1" width="50" height="50" libraryItem="dropcounter.png"/></libraryItem><libraryItem libraryName="glove" itemType="movie clip" folder="" linkageClassName="glove"><element type="instance" name="Слой 1" width="50" height="50" libraryItem="glove.png"/></libraryItem><libraryItem libraryName="heart" itemType="movie clip" folder="" linkageClassName="heart"><element type="instance" name="Слой 1" width="50" height="50" libraryItem="heart.png"/></libraryItem><libraryItem libraryName="medicalclamp" itemType="movie clip" folder="" linkageClassName="medicalclamp"><element type="instance" name="Слой 1" width="50" height="50" libraryItem="medicalclamp.png"/></libraryItem><libraryItem libraryName="medicalgown" itemType="movie clip" folder="" linkageClassName="medicalgown"><element type="instance" name="Слой 1" width="50" height="50" libraryItem="medicalgown.png"/></libraryItem><libraryItem libraryName="medicalmask" itemType="movie clip" folder="" linkageClassName="medicalmask"><element type="instance" name="Слой 1" width="50" height="50" libraryItem="medicalmask.png"/></libraryItem><libraryItem libraryName="microscope" itemType="movie clip" folder="" linkageClassName="microscope"><element type="instance" name="Слой 1" width="50" height="50" libraryItem="microscope.png"/></libraryItem><libraryItem libraryName="molecule" itemType="movie clip" folder="" linkageClassName="molecule"><element type="instance" name="Слой 1" width="50" height="50" libraryItem="molecule.png"/></libraryItem><libraryItem libraryName="mop" itemType="movie clip" folder="" linkageClassName="mop"><element type="instance" name="Слой 1" width="50" height="50" libraryItem="mop.png"/></libraryItem><libraryItem libraryName="mortar" itemType="movie clip" folder="" linkageClassName="mortar"><element type="instance" name="Слой 1" width="50" height="50" libraryItem="mortar.png"/></libraryItem><libraryItem libraryName="pills" itemType="movie clip" folder="" linkageClassName="pills"><element type="instance" name="Слой 1" width="50" height="50" libraryItem="pills.png"/></libraryItem><libraryItem libraryName="poison" itemType="movie clip" folder="" linkageClassName="poison"><element type="instance" name="Слой 1" width="50" height="50" libraryItem="poison.png"/></libraryItem><libraryItem libraryName="prescription" itemType="movie clip" folder="" linkageClassName="prescription"><element type="instance" name="Слой 1" width="50" height="50" libraryItem="prescription.png"/></libraryItem><libraryItem libraryName="prosthesis" itemType="movie clip" folder="" linkageClassName="prosthesis"><element type="instance" name="Слой 1" width="50" height="50" libraryItem="prosthesis.png"/></libraryItem><libraryItem libraryName="shadows" itemType="movie clip" folder="" linkageClassName="shadows"><element type="image" name="weighingmachine" x="100" y="250" width="50" height="50" libraryItem="weighingmachine"/><element type="image" name="towel" x="50" y="250" width="50" height="50" libraryItem="towel"/><element type="image" name="snake" y="250" width="50" height="50" libraryItem="snake"/><element type="image" name="shoes" x="200" y="200" width="50" height="50" libraryItem="shoes"/><element type="image" name="prosthesis" x="150" y="200" width="50" height="50" libraryItem="prosthesis"/><element type="image" name="prescription" x="100" y="200" width="50" height="50" libraryItem="prescription"/><element type="image" name="poison" x="50" y="200" width="50" height="50" libraryItem="poison"/><element type="image" name="pills" y="200" width="50" height="50" libraryItem="pills"/><element type="image" name="mortar" x="200" y="150" width="50" height="50" libraryItem="mortar"/><element type="image" name="mop" x="150" y="150" width="50" height="50" libraryItem="mop"/><element type="image" name="molecule" x="100" y="150" width="50" height="50" libraryItem="molecule"/><element type="image" name="microscope" x="50" y="150" width="50" height="50" libraryItem="microscope"/><element type="image" name="medicalmask" y="150" width="50" height="50" libraryItem="medicalmask"/><element type="image" name="medicalgown" x="200" y="100" width="50" height="50" libraryItem="medicalgown"/><element type="image" name="medicalclamp" x="150" y="100" width="50" height="50" libraryItem="medicalclamp"/><element type="image" name="heart" x="100" y="100" width="50" height="50" libraryItem="heart"/><element type="image" name="glove" x="50" y="100" width="50" height="50" libraryItem="glove"/><element type="image" name="dropcounter" y="100" width="50" height="50" libraryItem="dropcounter"/><element type="image" name="cuvette" x="200" y="50" width="50" height="50" libraryItem="cuvette"/><element type="image" name="crutch" x="150" y="50" width="50" height="50" libraryItem="crutch"/><element type="image" name="container" x="100" y="50" width="50" height="50" libraryItem="container"/><element type="image" name="clock" x="50" y="50" width="50" height="50" libraryItem="clock"/><element type="image" name="certificate" y="50" width="50" height="50" libraryItem="certificate"/><element type="image" name="brain" x="200" width="50" height="50" libraryItem="brain"/><element type="image" name="bottle" x="150" width="50" height="50" libraryItem="bottle"/><element type="image" name="beaker" x="100" width="50" height="50" libraryItem="beaker"/><element type="image" name="bandage" x="50" width="50" height="50" libraryItem="bandage"/><element type="image" name="attachecase" width="50" height="50" libraryItem="attachecase"/></libraryItem><libraryItem libraryName="weighingmachine" itemType="movie clip" folder="" linkageClassName="weighingmachine"><element type="instance" name="Слой 1" width="50" height="50" libraryItem="weighingmachine.png"/></libraryItem><libraryItem libraryName="towel" itemType="movie clip" folder="" linkageClassName="towel"><element type="instance" name="Слой 1" width="50" height="50" libraryItem="towel.png"/></libraryItem><libraryItem libraryName="snake" itemType="movie clip" folder="" linkageClassName="snake"><element type="instance" name="Слой 1" width="50" height="50" libraryItem="snake.png"/></libraryItem><libraryItem libraryName="shoes" itemType="movie clip" folder="" linkageClassName="shoes"><element type="instance" name="Слой 1" width="50" height="50" libraryItem="shoes.png"/></libraryItem><libraryItem libraryName="attachecase.png" itemType="bitmap" folder="" bitmapIndex="0.png"><element type="instance" name="shadows" width="250" height="300" libraryItem="shadows"/></libraryItem><libraryItem libraryName="bandage.png" itemType="bitmap" folder="" bitmapIndex="1.png"><element type="instance" name="shadows" width="250" height="300" libraryItem="shadows"/></libraryItem><libraryItem libraryName="beaker.png" itemType="bitmap" folder="" bitmapIndex="2.png"><element type="instance" name="shadows" width="250" height="300" libraryItem="shadows"/></libraryItem><libraryItem libraryName="bottle.png" itemType="bitmap" folder="" bitmapIndex="3.png"><element type="instance" name="shadows" width="250" height="300" libraryItem="shadows"/></libraryItem><libraryItem libraryName="brain.png" itemType="bitmap" folder="" bitmapIndex="4.png"><element type="instance" name="shadows" width="250" height="300" libraryItem="shadows"/></libraryItem><libraryItem libraryName="certificate.png" itemType="bitmap" folder="" bitmapIndex="5.png"><element type="instance" name="shadows" width="250" height="300" libraryItem="shadows"/></libraryItem><libraryItem libraryName="clock.png" itemType="bitmap" folder="" bitmapIndex="6.png"><element type="instance" name="shadows" width="250" height="300" libraryItem="shadows"/></libraryItem><libraryItem libraryName="container.png" itemType="bitmap" folder="" bitmapIndex="7.png"><element type="instance" name="shadows" width="250" height="300" libraryItem="shadows"/></libraryItem><libraryItem libraryName="crutch.png" itemType="bitmap" folder="" bitmapIndex="8.png"><element type="instance" name="shadows" width="250" height="300" libraryItem="shadows"/></libraryItem><libraryItem libraryName="cuvette.png" itemType="bitmap" folder="" bitmapIndex="9.png"><element type="instance" name="shadows" width="250" height="300" libraryItem="shadows"/></libraryItem><libraryItem libraryName="dropcounter.png" itemType="bitmap" folder="" bitmapIndex="10.png"><element type="instance" name="shadows" width="250" height="300" libraryItem="shadows"/></libraryItem><libraryItem libraryName="glove.png" itemType="bitmap" folder="" bitmapIndex="11.png"><element type="instance" name="shadows" width="250" height="300" libraryItem="shadows"/></libraryItem><libraryItem libraryName="heart.png" itemType="bitmap" folder="" bitmapIndex="12.png"><element type="instance" name="shadows" width="250" height="300" libraryItem="shadows"/></libraryItem><libraryItem libraryName="medicalclamp.png" itemType="bitmap" folder="" bitmapIndex="13.png"><element type="instance" name="shadows" width="250" height="300" libraryItem="shadows"/></libraryItem><libraryItem libraryName="medicalgown.png" itemType="bitmap" folder="" bitmapIndex="14.png"><element type="instance" name="shadows" width="250" height="300" libraryItem="shadows"/></libraryItem><libraryItem libraryName="medicalmask.png" itemType="bitmap" folder="" bitmapIndex="15.png"><element type="instance" name="shadows" width="250" height="300" libraryItem="shadows"/></libraryItem><libraryItem libraryName="microscope.png" itemType="bitmap" folder="" bitmapIndex="16.png"><element type="instance" name="shadows" width="250" height="300" libraryItem="shadows"/></libraryItem><libraryItem libraryName="molecule.png" itemType="bitmap" folder="" bitmapIndex="17.png"><element type="instance" name="shadows" width="250" height="300" libraryItem="shadows"/></libraryItem><libraryItem libraryName="mop.png" itemType="bitmap" folder="" bitmapIndex="18.png"><element type="instance" name="shadows" width="250" height="300" libraryItem="shadows"/></libraryItem><libraryItem libraryName="mortar.png" itemType="bitmap" folder="" bitmapIndex="19.png"><element type="instance" name="shadows" width="250" height="300" libraryItem="shadows"/></libraryItem><libraryItem libraryName="pills.png" itemType="bitmap" folder="" bitmapIndex="20.png"><element type="instance" name="shadows" width="250" height="300" libraryItem="shadows"/></libraryItem><libraryItem libraryName="poison.png" itemType="bitmap" folder="" bitmapIndex="21.png"><element type="instance" name="shadows" width="250" height="300" libraryItem="shadows"/></libraryItem><libraryItem libraryName="prescription.png" itemType="bitmap" folder="" bitmapIndex="22.png"><element type="instance" name="shadows" width="250" height="300" libraryItem="shadows"/></libraryItem><libraryItem libraryName="prosthesis.png" itemType="bitmap" folder="" bitmapIndex="23.png"><element type="instance" name="shadows" width="250" height="300" libraryItem="shadows"/></libraryItem><libraryItem libraryName="shoes.png" itemType="bitmap" folder="" bitmapIndex="24.png"><element type="instance" name="shadows" width="250" height="300" libraryItem="shadows"/></libraryItem><libraryItem libraryName="snake.png" itemType="bitmap" folder="" bitmapIndex="25.png"><element type="instance" name="shadows" width="250" height="300" libraryItem="shadows"/></libraryItem><libraryItem libraryName="towel.png" itemType="bitmap" folder="" bitmapIndex="26.png"><element type="instance" name="shadows" width="250" height="300" libraryItem="shadows"/></libraryItem><libraryItem libraryName="weighingmachine.png" itemType="bitmap" folder="" bitmapIndex="27.png"><element type="instance" name="shadows" width="250" height="300" libraryItem="shadows"/></libraryItem></xmlui>