<xmlui modify="2016-10-14 14:16:47" scale="0.5" textureType="png"><libraryItem libraryName="_ASSETS" itemType="folder" folder=""><element type="instance" name="Слой 1" width="1024.025" height="57" libraryItem="collections_up_panel"><property name="ui_type"><![CDATA[panel]]></property></element><element type="instance" name="Слой 2" width="1024" height="115.975" libraryItem="collections_bottom_panel"/><element type="instance" name="Слой 3" width="1024.025" height="1024" libraryItem="collections_view_timer"/><element type="instance" name="window" width="1181.225" height="1023.975" scaleY="0.9999847412109375" libraryItem="window"/></libraryItem><libraryItem libraryName="_fonts" itemType="folder" folder=""><element type="instance" name="Слой 1" width="1024.025" height="57" libraryItem="collections_up_panel"><property name="ui_type"><![CDATA[panel]]></property></element><element type="instance" name="Слой 2" width="1024" height="115.975" libraryItem="collections_bottom_panel"/><element type="instance" name="Слой 3" width="1024.025" height="1024" libraryItem="collections_view_timer"/><element type="instance" name="window" width="1181.225" height="1023.975" scaleY="0.9999847412109375" libraryItem="window"/></libraryItem><libraryItem libraryName="bmpFonts" itemType="folder" folder=""><element type="instance" name="Слой 1" width="1024.025" height="57" libraryItem="collections_up_panel"><property name="ui_type"><![CDATA[panel]]></property></element><element type="instance" name="Слой 2" width="1024" height="115.975" libraryItem="collections_bottom_panel"/><element type="instance" name="Слой 3" width="1024.025" height="1024" libraryItem="collections_view_timer"/><element type="instance" name="window" width="1181.225" height="1023.975" scaleY="0.9999847412109375" libraryItem="window"/></libraryItem><libraryItem libraryName="buttons" itemType="folder" folder=""><element type="instance" name="Слой 1" width="1024.025" height="57" libraryItem="collections_up_panel"><property name="ui_type"><![CDATA[panel]]></property></element><element type="instance" name="Слой 2" width="1024" height="115.975" libraryItem="collections_bottom_panel"/><element type="instance" name="Слой 3" width="1024.025" height="1024" libraryItem="collections_view_timer"/><element type="instance" name="window" width="1181.225" height="1023.975" scaleY="0.9999847412109375" libraryItem="window"/></libraryItem><libraryItem libraryName="buttons/analyze" itemType="folder" folder="buttons"><element type="instance" name="Слой 1" width="1024.025" height="57" libraryItem="collections_up_panel"><property name="ui_type"><![CDATA[panel]]></property></element><element type="instance" name="Слой 2" width="1024" height="115.975" libraryItem="collections_bottom_panel"/><element type="instance" name="Слой 3" width="1024.025" height="1024" libraryItem="collections_view_timer"/><element type="instance" name="window" width="1181.225" height="1023.975" scaleY="0.9999847412109375" libraryItem="window"/></libraryItem><libraryItem libraryName="buttons/realMoney" itemType="folder" folder="buttons"><element type="instance" name="Слой 1" width="1024.025" height="57" libraryItem="collections_up_panel"><property name="ui_type"><![CDATA[panel]]></property></element><element type="instance" name="Слой 2" width="1024" height="115.975" libraryItem="collections_bottom_panel"/><element type="instance" name="Слой 3" width="1024.025" height="1024" libraryItem="collections_view_timer"/><element type="instance" name="window" width="1181.225" height="1023.975" scaleY="0.9999847412109375" libraryItem="window"/></libraryItem><libraryItem libraryName="buttons/analyze/bt_analyze" itemType="movie clip" folder="buttons" linkageClassName="bt_analyze"><element type="image" name="_out" width="86" height="86" libraryItem="buttons/analyze/bt_analyze n"/><element type="image" name="_over" width="86" height="86" libraryItem="buttons/analyze/bt_analyze h"/><element type="image" name="_down" width="86" height="86" libraryItem="buttons/analyze/bt_analyze p"/></libraryItem><libraryItem libraryName="buttons/analyze/bt_analyze n" itemType="movie clip" folder="buttons" linkageClassName="bt_analyzen"><element type="instance" name="Слой 3" width="86" height="86" libraryItem="Green_arrows.png"/></libraryItem><libraryItem libraryName="buttons/analyze/bt_analyze h" itemType="movie clip" folder="buttons" linkageClassName="bt_analyzeh"><element type="instance" name="Layer 1" width="86" height="86" libraryItem="Green_arrows.png"/></libraryItem><libraryItem libraryName="buttons/analyze/bt_analyze p" itemType="movie clip" folder="buttons" linkageClassName="bt_analyzep"><element type="instance" name="Layer 1" width="86" height="86" libraryItem="Green_arrows.png"/></libraryItem><libraryItem libraryName="buttons/bt close h" itemType="movie clip" folder="buttons" linkageClassName="btcloseh"><element type="instance" name="Layer 1" width="22.5" height="22.5" libraryItem="BACK_arrow.png"/></libraryItem><libraryItem libraryName="buttons/bt close n" itemType="movie clip" folder="buttons" linkageClassName="btclosen"><element type="instance" name="Layer 1" width="22.5" height="22.5" libraryItem="BACK_arrow.png"/></libraryItem><libraryItem libraryName="buttons/bt close p" itemType="movie clip" folder="buttons" linkageClassName="btclosep"><element type="instance" name="Layer 1" width="22.5" height="22.5" libraryItem="BACK_arrow.png"/></libraryItem><libraryItem libraryName="buttons/bt_close" itemType="movie clip" folder="buttons" linkageClassName="bt_close"><element type="image" name="_out" width="22.5" height="22.5" libraryItem="buttons/bt close n"/><element type="image" name="_over" width="22.5" height="22.5" libraryItem="buttons/bt close h"/><element type="image" name="_down" width="22.5" height="22.5" libraryItem="buttons/bt close p"/></libraryItem><libraryItem libraryName="buttons/realMoney/bt_real_money" itemType="movie clip" folder="buttons"><element type="text" name="_label" x="-50" y="5.975" width="485.825" height="134.975" lineType="multiline" orientation="horizontal"><textFormat size="50" face="speed*" fillColor="#ffffff" alignment="center" bold="true" italic="true"/><textString><![CDATA[10 000]]></textString></element><element type="image" name="_out" width="391" height="89" libraryItem="buttons/realMoney/bt_speed n"/><element type="image" name="_over" width="391" height="89" libraryItem="buttons/realMoney/bt_speed h"/><element type="image" name="_down" width="391" height="89" libraryItem="buttons/realMoney/bt_speed p"/></libraryItem><libraryItem libraryName="buttons/realMoney/bt_speed h" itemType="movie clip" folder="buttons" linkageClassName="btcloseh"><element type="instance" name="Layer 1" width="391" height="89" libraryItem="Green_button.png"/></libraryItem><libraryItem libraryName="buttons/realMoney/bt_speed n" itemType="movie clip" folder="buttons" linkageClassName="btclosen"><element type="instance" name="Layer 1" width="391" height="89" libraryItem="Green_button.png"/></libraryItem><libraryItem libraryName="buttons/realMoney/bt_speed p" itemType="movie clip" folder="buttons" linkageClassName="btclosep"><element type="instance" name="Layer 1" width="391" height="89" libraryItem="Green_button.png"/></libraryItem><libraryItem libraryName="collection_bottom_panel_content" itemType="movie clip" folder="" linkageClassName="collection_bottom_panel_content"><element type="instance" name="bg" y="9.975" width="1024" height="106" libraryItem="collections_bottom_panel_content_background"/><element type="instance" name="bt_analyze" x="931.625" y="10.975" width="86" height="86" libraryItem="buttons/analyze/bt_analyze"><property name="ui_type"><![CDATA[button]]></property><property name="button_signal"><![CDATA[analyze]]></property></element></libraryItem><libraryItem libraryName="collections_bottom_panel_content_background" itemType="movie clip" folder="" linkageClassName="collections_bottom_panel_content_background"><element type="instance" name="item_cell.png" x="431.475" y="20.25" width="127" height="49.5" libraryItem="item_cell.png"><property name="ui_type"><![CDATA[panel]]></property></element><element type="instance" name="bt_analyze" x="931.625" y="10.975" width="86" height="86" libraryItem="buttons/analyze/bt_analyze"><property name="ui_type"><![CDATA[button]]></property><property name="button_signal"><![CDATA[analyze]]></property></element><element type="instance" name="bt_close" x="42.975" y="15.95" width="22.5" height="22.5" libraryItem="buttons/bt_close"><property name="ui_type"><![CDATA[button]]></property><property name="button_signal"><![CDATA[close]]></property></element><element type="instance" name="Low_right_bar.png" x="866.5" width="157.5" height="106" libraryItem="Low_right_bar.png"/><element type="instance" name="mid_bar.png" width="924" height="87" libraryItem="mid_bar.png"/><element type="instance" name="Low_left_bar.png" y="43.025" width="1024" height="62.5" libraryItem="Low_left_bar.png"/></libraryItem><libraryItem libraryName="collection_top_panel_content_main" itemType="movie clip" folder="" linkageClassName="collection_top_panel_content_main"><element type="instance" name="right_arrow.png" x="667.225" y="11.225" width="68.5" height="28.5" libraryItem="right_arrow.png"/><element type="instance" name="left_arrow.png" x="290.75" y="7.725" width="68.5" height="28.5" libraryItem="left_arrow.png"/><element type="instance" name="bg" width="1024" height="57" libraryItem="top_bar.png"/></libraryItem><libraryItem libraryName="collections_bottom_panel" itemType="movie clip" folder="" linkageClassName="collections_bottom_panel"><element type="instance" name="collection_bottom_panel_content" width="1024" height="106" libraryItem="collection_bottom_panel_content"><property name="ui_type"><![CDATA[scalable_panel]]></property><property name="ui_panel_background_skin"><![CDATA[bg]]></property></element><element type="shape" name="bounds" x="512" y="57.5" width="1024" height="115"/></libraryItem><libraryItem libraryName="collections_up_panel" itemType="movie clip" folder="" linkageClassName="collections_up_panel"><element type="instance" name="collections_up_panel_content" width="1024" height="57" libraryItem="collections_up_panel_content"><property name="ui_type"><![CDATA[panel]]></property></element><element type="shape" name="bounds" x="512" y="26.25" width="1024.025" height="52.5"/></libraryItem><libraryItem libraryName="collections_up_panel_content" itemType="movie clip" folder="" linkageClassName="collections_up_panel_content"><element type="text" name="window_title" x="354.525" y="14.125" width="288.925" height="29.925" lineType="multiline" orientation="horizontal"><textFormat size="25" face="Arial" fillColor="#e1e2e9" alignment="center" bold="false" italic="false"/><textString><![CDATA[Room Completed!]]></textString><property name="source"><![CDATA[window_title]]></property></element><element type="instance" name="main_panel" width="1024" height="57" libraryItem="collection_top_panel_content_main"><property name="ui_type"><![CDATA[scalable_panel]]></property><property name="ui_panel_background_skin"><![CDATA[bg]]></property></element></libraryItem><libraryItem libraryName="collections_view_timer" itemType="movie clip" folder="" linkageClassName="collections_view_timer"><element type="shape" name="bounds" x="512" y="439.35" width="1024.025" height="870.9"/><element type="text" name="timer_label" x="279.3" y="288.25" width="192.175" height="29.925" lineType="multiline" orientation="horizontal"><textFormat size="25" face="timeleft*" fillColor="#ffffff" alignment="center" bold="false" italic="true"/><textString><![CDATA[TIME LEFT:]]></textString><property name="source"><![CDATA[window_text_label]]></property></element><element type="text" name="window_text_label" y="220.975" width="1017.625" height="58.9" lineType="multiline" orientation="horizontal"><textFormat size="36" face="wait*" fillColor="#ffff00" alignment="center" bold="false" italic="false"/><textString><![CDATA[WAIT PLEASE ,I'M BUSY ANALYZING EVIDENCE]]></textString><property name="source"><![CDATA[timer_label]]></property></element><element type="instance" name="$.png" x="643.9" y="483.6" width="64.5" height="50" libraryItem="$.png"/><element type="text" name="time_text" x="220.8" y="311.725" width="577.65" height="113.725" lineType="multiline" orientation="horizontal"><textFormat size="100" face="speed*" fillColor="#ffffff" alignment="center" bold="true" italic="true"/><textString><![CDATA[00:00:00]]></textString><property name="source"><![CDATA[time_label]]></property></element><element type="instance" name="bt_speed" x="319.625" y="451.45" width="485.825" height="140.95" libraryItem="buttons/realMoney/bt_real_money"><property name="ui_type"><![CDATA[button]]></property></element><element type="instance" name="Score_slot.png" x="637.15" y="331" width="58" height="89" libraryItem="Score_slot.png"/><element type="instance" name="Score_slot.png" x="575.15" y="331" width="58" height="89" libraryItem="Score_slot.png"/><element type="instance" name="Score_slot.png" x="512.65" y="331" width="58" height="89" libraryItem="Score_slot.png"/><element type="instance" name="Score_slot.png" x="452.525" y="331" width="58" height="89" libraryItem="Score_slot.png"/><element type="instance" name="Score_slot.png" x="385.125" y="331" width="58" height="89" libraryItem="Score_slot.png"/><element type="instance" name="Score_slot.png" x="324.15" y="331" width="58" height="89" libraryItem="Score_slot.png"/><element type="instance" name="back_" width="1024" height="1024" scaleX="2048" scaleY="2048" libraryItem="dark_back.png"/></libraryItem><libraryItem libraryName="container" itemType="movie clip" folder="" linkageClassName="bounds"><element type="shape" name="panel_bounds" x="174.9" y="35" width="350" height="70"/></libraryItem><libraryItem libraryName="listboxPanel" itemType="movie clip" folder="" linkageClassName="listboxPanel"><element type="shape" name="listbox_bounds" x="115.025" y="75.75" width="230.325" height="151.5"/></libraryItem><libraryItem libraryName="window" itemType="movie clip" folder="" linkageClassName="window"><element type="instance" name="slot1" x="47.15" y="86.5" width="211.775" height="151.5" scaleX="0.9194183349609375" libraryItem="listboxPanel"><property name="ui_type"><![CDATA[panel]]></property></element><element type="instance" name="slot2" x="477.075" y="94.7" width="211.775" height="151.5" scaleX="0.9194183349609375" libraryItem="listboxPanel"><property name="ui_type"><![CDATA[panel]]></property></element><element type="instance" name="slot3" x="254.975" y="226.975" width="211.775" height="151.5" scaleX="0.9194183349609375" libraryItem="listboxPanel"><property name="ui_type"><![CDATA[panel]]></property></element><element type="instance" name="slot4" x="46.925" y="388.95" width="211.775" height="151.5" scaleX="0.9194183349609375" libraryItem="listboxPanel"><property name="ui_type"><![CDATA[panel]]></property></element><element type="instance" name="slot5" x="455.65" y="397.075" width="211.775" height="151.5" scaleX="0.9194183349609375" libraryItem="listboxPanel"><property name="ui_type"><![CDATA[panel]]></property></element><element type="instance" name="character" x="969.575" y="482.45" width="211.775" height="151.5" scaleX="0.9194183349609375" libraryItem="listboxPanel"><property name="ui_type"><![CDATA[panel]]></property></element><element type="shape" name="window_bounds" x="507.05" y="407.65" width="1013.2" height="815.275"/><element type="instance" name="figure.png" x="742.725" y="170.45" width="207.5" height="309" libraryItem="figure.png"/><element type="instance" name="копия back.png" x="698.775" y="149.45" width="291" height="391" libraryItem="back.png"/><element type="instance" name="копия back.png 2" x="467.15" y="86.475" width="232" height="194.5" libraryItem="копия back.png 2"/><element type="instance" name="копия back.png 2" x="245.125" y="217.4" width="232" height="194.5" libraryItem="копия back.png 2"/><element type="instance" name="копия back.png 2" x="37.175" y="380.275" width="232" height="194.5" libraryItem="копия back.png 2"/><element type="instance" name="копия back.png 2" x="444.775" y="389.075" width="232" height="194.5" libraryItem="копия back.png 2"/><element type="instance" name="копия back.png 2" x="37.175" y="76.475" width="232" height="194.5" libraryItem="копия back.png 2"/><element type="instance" name="Слой 4" width="1024" height="1024" scaleX="2048" scaleY="2048" libraryItem="dark_back.png"/><element type="instance" name="Слой 2" width="1024" height="767.5" libraryItem="Back_image.jpg"/></libraryItem><libraryItem libraryName="$.png" itemType="bitmap" folder="" bitmapIndex="0.png"><element type="instance" name="Слой 1" width="1024.025" height="57" libraryItem="collections_up_panel"><property name="ui_type"><![CDATA[panel]]></property></element><element type="instance" name="Слой 2" width="1024" height="115.975" libraryItem="collections_bottom_panel"/><element type="instance" name="Слой 3" width="1024.025" height="1024" libraryItem="collections_view_timer"/><element type="instance" name="window" width="1181.225" height="1023.975" scaleY="0.9999847412109375" libraryItem="window"/></libraryItem><libraryItem libraryName="back.png" itemType="bitmap" folder="" bitmapIndex="1.png"><element type="instance" name="Слой 1" width="1024.025" height="57" libraryItem="collections_up_panel"><property name="ui_type"><![CDATA[panel]]></property></element><element type="instance" name="Слой 2" width="1024" height="115.975" libraryItem="collections_bottom_panel"/><element type="instance" name="Слой 3" width="1024.025" height="1024" libraryItem="collections_view_timer"/><element type="instance" name="window" width="1181.225" height="1023.975" scaleY="0.9999847412109375" libraryItem="window"/></libraryItem><libraryItem libraryName="BACK_arrow.png" itemType="bitmap" folder="" bitmapIndex="2.png"><element type="instance" name="Слой 1" width="1024.025" height="57" libraryItem="collections_up_panel"><property name="ui_type"><![CDATA[panel]]></property></element><element type="instance" name="Слой 2" width="1024" height="115.975" libraryItem="collections_bottom_panel"/><element type="instance" name="Слой 3" width="1024.025" height="1024" libraryItem="collections_view_timer"/><element type="instance" name="window" width="1181.225" height="1023.975" scaleY="0.9999847412109375" libraryItem="window"/></libraryItem><libraryItem libraryName="Back_image.jpg" itemType="bitmap" folder="" bitmapIndex="3.png"><element type="instance" name="Слой 1" width="1024.025" height="57" libraryItem="collections_up_panel"><property name="ui_type"><![CDATA[panel]]></property></element><element type="instance" name="Слой 2" width="1024" height="115.975" libraryItem="collections_bottom_panel"/><element type="instance" name="Слой 3" width="1024.025" height="1024" libraryItem="collections_view_timer"/><element type="instance" name="window" width="1181.225" height="1023.975" scaleY="0.9999847412109375" libraryItem="window"/></libraryItem><libraryItem libraryName="_ASSETS/bg_enter.png" itemType="bitmap" folder="_ASSETS" bitmapIndex="4.png"><element type="instance" name="Слой 1" width="1024.025" height="57" libraryItem="collections_up_panel"><property name="ui_type"><![CDATA[panel]]></property></element><element type="instance" name="Слой 2" width="1024" height="115.975" libraryItem="collections_bottom_panel"/><element type="instance" name="Слой 3" width="1024.025" height="1024" libraryItem="collections_view_timer"/><element type="instance" name="window" width="1181.225" height="1023.975" scaleY="0.9999847412109375" libraryItem="window"/></libraryItem><libraryItem libraryName="_ASSETS/bt_board_h.png" itemType="bitmap" folder="_ASSETS" bitmapIndex="5.png"><element type="instance" name="Слой 1" width="1024.025" height="57" libraryItem="collections_up_panel"><property name="ui_type"><![CDATA[panel]]></property></element><element type="instance" name="Слой 2" width="1024" height="115.975" libraryItem="collections_bottom_panel"/><element type="instance" name="Слой 3" width="1024.025" height="1024" libraryItem="collections_view_timer"/><element type="instance" name="window" width="1181.225" height="1023.975" scaleY="0.9999847412109375" libraryItem="window"/></libraryItem><libraryItem libraryName="_ASSETS/bt_board_n.png" itemType="bitmap" folder="_ASSETS" bitmapIndex="6.png"><element type="instance" name="Слой 1" width="1024.025" height="57" libraryItem="collections_up_panel"><property name="ui_type"><![CDATA[panel]]></property></element><element type="instance" name="Слой 2" width="1024" height="115.975" libraryItem="collections_bottom_panel"/><element type="instance" name="Слой 3" width="1024.025" height="1024" libraryItem="collections_view_timer"/><element type="instance" name="window" width="1181.225" height="1023.975" scaleY="0.9999847412109375" libraryItem="window"/></libraryItem><libraryItem libraryName="_ASSETS/bt_board_p.png" itemType="bitmap" folder="_ASSETS" bitmapIndex="7.png"><element type="instance" name="Слой 1" width="1024.025" height="57" libraryItem="collections_up_panel"><property name="ui_type"><![CDATA[panel]]></property></element><element type="instance" name="Слой 2" width="1024" height="115.975" libraryItem="collections_bottom_panel"/><element type="instance" name="Слой 3" width="1024.025" height="1024" libraryItem="collections_view_timer"/><element type="instance" name="window" width="1181.225" height="1023.975" scaleY="0.9999847412109375" libraryItem="window"/></libraryItem><libraryItem libraryName="dark_back.png" itemType="bitmap" folder="" bitmapIndex="8.png"><element type="instance" name="Слой 1" width="1024.025" height="57" libraryItem="collections_up_panel"><property name="ui_type"><![CDATA[panel]]></property></element><element type="instance" name="Слой 2" width="1024" height="115.975" libraryItem="collections_bottom_panel"/><element type="instance" name="Слой 3" width="1024.025" height="1024" libraryItem="collections_view_timer"/><element type="instance" name="window" width="1181.225" height="1023.975" scaleY="0.9999847412109375" libraryItem="window"/></libraryItem><libraryItem libraryName="figure.png" itemType="bitmap" folder="" bitmapIndex="9.png"><element type="instance" name="Слой 1" width="1024.025" height="57" libraryItem="collections_up_panel"><property name="ui_type"><![CDATA[panel]]></property></element><element type="instance" name="Слой 2" width="1024" height="115.975" libraryItem="collections_bottom_panel"/><element type="instance" name="Слой 3" width="1024.025" height="1024" libraryItem="collections_view_timer"/><element type="instance" name="window" width="1181.225" height="1023.975" scaleY="0.9999847412109375" libraryItem="window"/></libraryItem><libraryItem libraryName="Green_arrows.png" itemType="bitmap" folder="" bitmapIndex="10.png"><element type="instance" name="Слой 1" width="1024.025" height="57" libraryItem="collections_up_panel"><property name="ui_type"><![CDATA[panel]]></property></element><element type="instance" name="Слой 2" width="1024" height="115.975" libraryItem="collections_bottom_panel"/><element type="instance" name="Слой 3" width="1024.025" height="1024" libraryItem="collections_view_timer"/><element type="instance" name="window" width="1181.225" height="1023.975" scaleY="0.9999847412109375" libraryItem="window"/></libraryItem><libraryItem libraryName="Green_button.png" itemType="bitmap" folder="" bitmapIndex="11.png"><element type="instance" name="Слой 1" width="1024.025" height="57" libraryItem="collections_up_panel"><property name="ui_type"><![CDATA[panel]]></property></element><element type="instance" name="Слой 2" width="1024" height="115.975" libraryItem="collections_bottom_panel"/><element type="instance" name="Слой 3" width="1024.025" height="1024" libraryItem="collections_view_timer"/><element type="instance" name="window" width="1181.225" height="1023.975" scaleY="0.9999847412109375" libraryItem="window"/></libraryItem><libraryItem libraryName="item_cell.png" itemType="bitmap" folder="" bitmapIndex="12.png"><element type="instance" name="Слой 1" width="1024.025" height="57" libraryItem="collections_up_panel"><property name="ui_type"><![CDATA[panel]]></property></element><element type="instance" name="Слой 2" width="1024" height="115.975" libraryItem="collections_bottom_panel"/><element type="instance" name="Слой 3" width="1024.025" height="1024" libraryItem="collections_view_timer"/><element type="instance" name="window" width="1181.225" height="1023.975" scaleY="0.9999847412109375" libraryItem="window"/></libraryItem><libraryItem libraryName="left_arrow.png" itemType="bitmap" folder="" bitmapIndex="13.png"><element type="instance" name="Слой 1" width="1024.025" height="57" libraryItem="collections_up_panel"><property name="ui_type"><![CDATA[panel]]></property></element><element type="instance" name="Слой 2" width="1024" height="115.975" libraryItem="collections_bottom_panel"/><element type="instance" name="Слой 3" width="1024.025" height="1024" libraryItem="collections_view_timer"/><element type="instance" name="window" width="1181.225" height="1023.975" scaleY="0.9999847412109375" libraryItem="window"/></libraryItem><libraryItem libraryName="Low_left_bar.png" itemType="bitmap" folder="" bitmapIndex="14.png"><element type="instance" name="Слой 1" width="1024.025" height="57" libraryItem="collections_up_panel"><property name="ui_type"><![CDATA[panel]]></property></element><element type="instance" name="Слой 2" width="1024" height="115.975" libraryItem="collections_bottom_panel"/><element type="instance" name="Слой 3" width="1024.025" height="1024" libraryItem="collections_view_timer"/><element type="instance" name="window" width="1181.225" height="1023.975" scaleY="0.9999847412109375" libraryItem="window"/></libraryItem><libraryItem libraryName="Low_right_bar.png" itemType="bitmap" folder="" bitmapIndex="15.png"><element type="instance" name="Слой 1" width="1024.025" height="57" libraryItem="collections_up_panel"><property name="ui_type"><![CDATA[panel]]></property></element><element type="instance" name="Слой 2" width="1024" height="115.975" libraryItem="collections_bottom_panel"/><element type="instance" name="Слой 3" width="1024.025" height="1024" libraryItem="collections_view_timer"/><element type="instance" name="window" width="1181.225" height="1023.975" scaleY="0.9999847412109375" libraryItem="window"/></libraryItem><libraryItem libraryName="mid_bar.png" itemType="bitmap" folder="" bitmapIndex="16.png"><element type="instance" name="Слой 1" width="1024.025" height="57" libraryItem="collections_up_panel"><property name="ui_type"><![CDATA[panel]]></property></element><element type="instance" name="Слой 2" width="1024" height="115.975" libraryItem="collections_bottom_panel"/><element type="instance" name="Слой 3" width="1024.025" height="1024" libraryItem="collections_view_timer"/><element type="instance" name="window" width="1181.225" height="1023.975" scaleY="0.9999847412109375" libraryItem="window"/></libraryItem><libraryItem libraryName="bmpFonts/numbers.png" itemType="bmpFont" folder="bmpFonts" fontName="numbers*" bitmapIndex="numbers" fontXML="numbers.fnt"><element type="instance" name="Слой 1" width="1024.025" height="57" libraryItem="collections_up_panel"><property name="ui_type"><![CDATA[panel]]></property></element><element type="instance" name="Слой 2" width="1024" height="115.975" libraryItem="collections_bottom_panel"/><element type="instance" name="Слой 3" width="1024.025" height="1024" libraryItem="collections_view_timer"/><element type="instance" name="window" width="1181.225" height="1023.975" scaleY="0.9999847412109375" libraryItem="window"/></libraryItem><libraryItem libraryName="right_arrow.png" itemType="bitmap" folder="" bitmapIndex="17.png"><element type="instance" name="Слой 1" width="1024.025" height="57" libraryItem="collections_up_panel"><property name="ui_type"><![CDATA[panel]]></property></element><element type="instance" name="Слой 2" width="1024" height="115.975" libraryItem="collections_bottom_panel"/><element type="instance" name="Слой 3" width="1024.025" height="1024" libraryItem="collections_view_timer"/><element type="instance" name="window" width="1181.225" height="1023.975" scaleY="0.9999847412109375" libraryItem="window"/></libraryItem><libraryItem libraryName="Score_slot.png" itemType="bitmap" folder="" bitmapIndex="18.png"><element type="instance" name="Слой 1" width="1024.025" height="57" libraryItem="collections_up_panel"><property name="ui_type"><![CDATA[panel]]></property></element><element type="instance" name="Слой 2" width="1024" height="115.975" libraryItem="collections_bottom_panel"/><element type="instance" name="Слой 3" width="1024.025" height="1024" libraryItem="collections_view_timer"/><element type="instance" name="window" width="1181.225" height="1023.975" scaleY="0.9999847412109375" libraryItem="window"/></libraryItem><libraryItem libraryName="bmpFonts/speed.png" itemType="bmpFont" folder="bmpFonts" fontName="speed*" bitmapIndex="speed" fontXML="speed.fnt"><element type="instance" name="Слой 1" width="1024.025" height="57" libraryItem="collections_up_panel"><property name="ui_type"><![CDATA[panel]]></property></element><element type="instance" name="Слой 2" width="1024" height="115.975" libraryItem="collections_bottom_panel"/><element type="instance" name="Слой 3" width="1024.025" height="1024" libraryItem="collections_view_timer"/><element type="instance" name="window" width="1181.225" height="1023.975" scaleY="0.9999847412109375" libraryItem="window"/></libraryItem><libraryItem libraryName="bmpFonts/timeleft.png" itemType="bmpFont" folder="bmpFonts" fontName="timeleft*" bitmapIndex="timeleft" fontXML="timeleft.fnt"><element type="instance" name="Слой 1" width="1024.025" height="57" libraryItem="collections_up_panel"><property name="ui_type"><![CDATA[panel]]></property></element><element type="instance" name="Слой 2" width="1024" height="115.975" libraryItem="collections_bottom_panel"/><element type="instance" name="Слой 3" width="1024.025" height="1024" libraryItem="collections_view_timer"/><element type="instance" name="window" width="1181.225" height="1023.975" scaleY="0.9999847412109375" libraryItem="window"/></libraryItem><libraryItem libraryName="top_bar.png" itemType="bitmap" folder="" bitmapIndex="19.png"><element type="instance" name="Слой 1" width="1024.025" height="57" libraryItem="collections_up_panel"><property name="ui_type"><![CDATA[panel]]></property></element><element type="instance" name="Слой 2" width="1024" height="115.975" libraryItem="collections_bottom_panel"/><element type="instance" name="Слой 3" width="1024.025" height="1024" libraryItem="collections_view_timer"/><element type="instance" name="window" width="1181.225" height="1023.975" scaleY="0.9999847412109375" libraryItem="window"/></libraryItem><libraryItem libraryName="bmpFonts/wait.png" itemType="bmpFont" folder="bmpFonts" fontName="wait*" bitmapIndex="wait" fontXML="wait.fnt"><element type="instance" name="Слой 1" width="1024.025" height="57" libraryItem="collections_up_panel"><property name="ui_type"><![CDATA[panel]]></property></element><element type="instance" name="Слой 2" width="1024" height="115.975" libraryItem="collections_bottom_panel"/><element type="instance" name="Слой 3" width="1024.025" height="1024" libraryItem="collections_view_timer"/><element type="instance" name="window" width="1181.225" height="1023.975" scaleY="0.9999847412109375" libraryItem="window"/></libraryItem><libraryItem libraryName="копия back.png 2" itemType="bitmap" folder="" bitmapIndex="20.png"><element type="instance" name="Слой 1" width="1024.025" height="57" libraryItem="collections_up_panel"><property name="ui_type"><![CDATA[panel]]></property></element><element type="instance" name="Слой 2" width="1024" height="115.975" libraryItem="collections_bottom_panel"/><element type="instance" name="Слой 3" width="1024.025" height="1024" libraryItem="collections_view_timer"/><element type="instance" name="window" width="1181.225" height="1023.975" scaleY="0.9999847412109375" libraryItem="window"/></libraryItem><libraryItem libraryName="_ASSETS/копия bg_enter.png" itemType="bitmap" folder="_ASSETS" bitmapIndex="21.png"><element type="instance" name="Слой 1" width="1024.025" height="57" libraryItem="collections_up_panel"><property name="ui_type"><![CDATA[panel]]></property></element><element type="instance" name="Слой 2" width="1024" height="115.975" libraryItem="collections_bottom_panel"/><element type="instance" name="Слой 3" width="1024.025" height="1024" libraryItem="collections_view_timer"/><element type="instance" name="window" width="1181.225" height="1023.975" scaleY="0.9999847412109375" libraryItem="window"/></libraryItem><libraryItem libraryName="_fonts/speed" itemType="font" folder="_fonts"><element type="instance" name="Слой 1" width="1024.025" height="57" libraryItem="collections_up_panel"><property name="ui_type"><![CDATA[panel]]></property></element><element type="instance" name="Слой 2" width="1024" height="115.975" libraryItem="collections_bottom_panel"/><element type="instance" name="Слой 3" width="1024.025" height="1024" libraryItem="collections_view_timer"/><element type="instance" name="window" width="1181.225" height="1023.975" scaleY="0.9999847412109375" libraryItem="window"/></libraryItem><libraryItem libraryName="_fonts/numbers" itemType="font" folder="_fonts"><element type="instance" name="Слой 1" width="1024.025" height="57" libraryItem="collections_up_panel"><property name="ui_type"><![CDATA[panel]]></property></element><element type="instance" name="Слой 2" width="1024" height="115.975" libraryItem="collections_bottom_panel"/><element type="instance" name="Слой 3" width="1024.025" height="1024" libraryItem="collections_view_timer"/><element type="instance" name="window" width="1181.225" height="1023.975" scaleY="0.9999847412109375" libraryItem="window"/></libraryItem><libraryItem libraryName="_fonts/timeleft" itemType="font" folder="_fonts"><element type="instance" name="Слой 1" width="1024.025" height="57" libraryItem="collections_up_panel"><property name="ui_type"><![CDATA[panel]]></property></element><element type="instance" name="Слой 2" width="1024" height="115.975" libraryItem="collections_bottom_panel"/><element type="instance" name="Слой 3" width="1024.025" height="1024" libraryItem="collections_view_timer"/><element type="instance" name="window" width="1181.225" height="1023.975" scaleY="0.9999847412109375" libraryItem="window"/></libraryItem><libraryItem libraryName="_fonts/wait" itemType="font" folder="_fonts"><element type="instance" name="Слой 1" width="1024.025" height="57" libraryItem="collections_up_panel"><property name="ui_type"><![CDATA[panel]]></property></element><element type="instance" name="Слой 2" width="1024" height="115.975" libraryItem="collections_bottom_panel"/><element type="instance" name="Слой 3" width="1024.025" height="1024" libraryItem="collections_view_timer"/><element type="instance" name="window" width="1181.225" height="1023.975" scaleY="0.9999847412109375" libraryItem="window"/></libraryItem></xmlui>