<?xml version="1.0" encoding="UTF-8"?>
<!-- Created with TexturePacker http://www.codeandweb.com/texturepacker-->
<!-- $TexturePacker:SmartUpdate:590b23c4fa8e543fc7df03c908d11ee7:c29326de8ea71122f02f8a04b37a3256:b0270681d1bcf35d65fbbab6eeddf13f$ -->
<TextureAtlas imagePath="out.png" width="1024" height="2048">
    <SubTexture name="0" x="0" y="1983" width="65" height="50"/>
    <SubTexture name="1" x="0" y="1588" width="291" height="391"/>
    <SubTexture name="10" x="340" y="1899" width="86" height="86"/>
    <SubTexture name="11" x="469" y="991" width="391" height="89"/>
    <SubTexture name="12" x="0" y="991" width="127" height="50"/>
    <SubTexture name="13" x="267" y="1983" width="69" height="29"/>
    <SubTexture name="14" x="0" y="772" width="1024" height="63"/>
    <SubTexture name="15" x="864" y="1072" width="158" height="106"/>
    <SubTexture name="16" x="0" y="900" width="924" height="87"/>
    <SubTexture name="17" x="267" y="2016" width="69" height="29"/>
    <SubTexture name="18" x="776" y="1084" width="58" height="89"/>
    <SubTexture name="19" x="0" y="839" width="1024" height="57"/>
    <SubTexture name="2" x="0" y="1045" width="23" height="23"/>
    <SubTexture name="20" x="776" y="1182" width="232" height="195"/>
    <SubTexture name="21" x="928" y="900" width="91" height="168"/>
    <SubTexture name="3" x="0" y="0" width="1024" height="768"/>
    <SubTexture name="4" x="507" y="1860" width="91" height="168"/>
    <SubTexture name="5" x="69" y="1983" width="62" height="40"/>
    <SubTexture name="6" x="135" y="1983" width="62" height="40"/>
    <SubTexture name="7" x="201" y="1983" width="62" height="40"/>
    <SubTexture name="8" x="1023" y="900" width="1" height="1"/>
    <SubTexture name="9" x="295" y="1586" width="208" height="309"/>
    <SubTexture name="numbers" x="776" y="1381" width="172" height="475"/>
    <SubTexture name="speed" x="469" y="1084" width="303" height="497"/>
    <SubTexture name="timeleft" x="0" y="1072" width="124" height="512"/>
    <SubTexture name="wait" x="128" y="1072" width="337" height="510"/>
</TextureAtlas>
