<xmlui modify="2016-11-01 16:33:29" scale="0.5" textureType="png"><libraryItem libraryName="ananas" itemType="movie clip" folder="" linkageClassName="ananas"><element type="instance" name="Слой 1" width="50" height="50" libraryItem="ananas.png"/></libraryItem><libraryItem libraryName="aqualung" itemType="movie clip" folder="" linkageClassName="aqualung"><element type="instance" name="Слой 1" width="50" height="50" libraryItem="aqualung.png"/></libraryItem><libraryItem libraryName="bag" itemType="movie clip" folder="" linkageClassName="bag"><element type="instance" name="Слой 1" width="50" height="50" libraryItem="bag.png"/></libraryItem><libraryItem libraryName="boot" itemType="movie clip" folder="" linkageClassName="boot"><element type="instance" name="Слой 1" width="50" height="50" libraryItem="boot.png"/></libraryItem><libraryItem libraryName="bucket" itemType="movie clip" folder="" linkageClassName="bucket"><element type="instance" name="Слой 1" width="50" height="50" libraryItem="bucket.png"/></libraryItem><libraryItem libraryName="buoy" itemType="movie clip" folder="" linkageClassName="buoy"><element type="instance" name="Слой 1" width="50" height="50" libraryItem="buoy.png"/></libraryItem><libraryItem libraryName="camera" itemType="movie clip" folder="" linkageClassName="camera"><element type="instance" name="Слой 1" width="50" height="50" libraryItem="camera.png"/></libraryItem><libraryItem libraryName="cap" itemType="movie clip" folder="" linkageClassName="cap"><element type="instance" name="Слой 1" width="50" height="50" libraryItem="cap.png"/></libraryItem><libraryItem libraryName="crab" itemType="movie clip" folder="" linkageClassName="crab"><element type="instance" name="Слой 1" width="50" height="50" libraryItem="crab.png"/></libraryItem><libraryItem libraryName="dolphin" itemType="movie clip" folder="" linkageClassName="dolphin"><element type="instance" name="Слой 1" width="50" height="50" libraryItem="dolphin.png"/></libraryItem><libraryItem libraryName="easel" itemType="movie clip" folder="" linkageClassName="easel"><element type="instance" name="Слой 1" width="50" height="50" libraryItem="easel.png"/></libraryItem><libraryItem libraryName="fireextinguisher" itemType="movie clip" folder="" linkageClassName="fireextinguisher"><element type="instance" name="Слой 1" width="50" height="50" libraryItem="fireextinguisher.png"/></libraryItem><libraryItem libraryName="fishingrod" itemType="movie clip" folder="" linkageClassName="fishingrod"><element type="instance" name="Слой 1" width="50" height="50" libraryItem="fishingrod.png"/></libraryItem><libraryItem libraryName="flags" itemType="movie clip" folder="" linkageClassName="flags"><element type="instance" name="Слой 1" width="50" height="50" libraryItem="flags.png"/></libraryItem><libraryItem libraryName="gull" itemType="movie clip" folder="" linkageClassName="gull"><element type="instance" name="Слой 1" width="50" height="50" libraryItem="gull.png"/></libraryItem><libraryItem libraryName="helm" itemType="movie clip" folder="" linkageClassName="helm"><element type="instance" name="Слой 1" width="50" height="50" libraryItem="helm.png"/></libraryItem><libraryItem libraryName="kite" itemType="movie clip" folder="" linkageClassName="kite"><element type="instance" name="Слой 1" width="50" height="50" libraryItem="kite.png"/></libraryItem><libraryItem libraryName="lamp" itemType="movie clip" folder="" linkageClassName="lamp"><element type="instance" name="Слой 1" width="50" height="50" libraryItem="lamp.png"/></libraryItem><libraryItem libraryName="launch" itemType="movie clip" folder="" linkageClassName="launch"><element type="instance" name="Слой 1" width="50" height="50" libraryItem="launch.png"/></libraryItem><libraryItem libraryName="paddle" itemType="movie clip" folder="" linkageClassName="paddle"><element type="instance" name="Слой 1" width="50" height="50" libraryItem="paddle.png"/></libraryItem><libraryItem libraryName="paperboat" itemType="movie clip" folder="" linkageClassName="paperboat"><element type="instance" name="Слой 1" width="50" height="50" libraryItem="paperboat.png"/></libraryItem><libraryItem libraryName="paraplane" itemType="movie clip" folder="" linkageClassName="paraplane"><element type="instance" name="Слой 1" width="50" height="50" libraryItem="paraplane.png"/></libraryItem><libraryItem libraryName="raincoat" itemType="movie clip" folder="" linkageClassName="raincoat"><element type="instance" name="Слой 1" width="50" height="50" libraryItem="raincoat.png"/></libraryItem><libraryItem libraryName="rope" itemType="movie clip" folder="" linkageClassName="rope"><element type="instance" name="Слой 1" width="50" height="50" libraryItem="rope.png"/></libraryItem><libraryItem libraryName="rubbercircle" itemType="movie clip" folder="" linkageClassName="rubbercircle"><element type="instance" name="Слой 1" width="50" height="50" libraryItem="rubbercircle.png"/></libraryItem><libraryItem libraryName="shadows" itemType="movie clip" folder="" linkageClassName="shadows"><element type="image" name="turtle" x="200" y="250" width="50" height="50" libraryItem="turtle"/><element type="image" name="towel" x="150" y="250" width="50" height="50" libraryItem="towel"/><element type="image" name="tabouret" x="100" y="250" width="50" height="50" libraryItem="tabouret"/><element type="image" name="spyglass" x="50" y="250" width="50" height="50" libraryItem="spyglass"/><element type="image" name="rubbercircle" y="250" width="50" height="50" libraryItem="rubbercircle"/><element type="image" name="rope" x="200" y="200" width="50" height="50" libraryItem="rope"/><element type="image" name="raincoat" x="150" y="200" width="50" height="50" libraryItem="raincoat"/><element type="image" name="paraplane" x="100" y="200" width="50" height="50" libraryItem="paraplane"/><element type="image" name="paperboat" x="50" y="200" width="50" height="50" libraryItem="paperboat"/><element type="image" name="paddle" y="200" width="50" height="50" libraryItem="paddle"/><element type="instance" name="number" x="200" y="150" width="50" height="50" libraryItem="number.png"/><element type="image" name="launch" x="150" y="150" width="50" height="50" libraryItem="launch"/><element type="image" name="lamp" x="100" y="150" width="50" height="50" libraryItem="lamp"/><element type="image" name="kite" x="50" y="150" width="50" height="50" libraryItem="kite"/><element type="image" name="helm" y="150" width="50" height="50" libraryItem="helm"/><element type="image" name="gull" x="200" y="100" width="50" height="50" libraryItem="gull"/><element type="image" name="flags" x="150" y="100" width="50" height="50" libraryItem="flags"/><element type="image" name="fishingrod" x="100" y="100" width="50" height="50" libraryItem="fishingrod"/><element type="image" name="fireextinguisher" x="50" y="100" width="50" height="50" libraryItem="fireextinguisher"/><element type="image" name="easel" y="100" width="50" height="50" libraryItem="easel"/><element type="image" name="dolphin" x="200" y="50" width="50" height="50" libraryItem="dolphin"/><element type="image" name="crab" x="150" y="50" width="50" height="50" libraryItem="crab"/><element type="image" name="cap" x="100" y="50" width="50" height="50" libraryItem="cap"/><element type="image" name="camera" x="50" y="50" width="50" height="50" libraryItem="camera"/><element type="image" name="buoy" y="50" width="50" height="50" libraryItem="buoy"/><element type="image" name="bucket" x="200" width="50" height="50" libraryItem="bucket"/><element type="image" name="boot" x="150" width="50" height="50" libraryItem="boot"/><element type="image" name="bag" x="100" width="50" height="50" libraryItem="bag"/><element type="image" name="aqualung" x="50" width="50" height="50" libraryItem="aqualung"/><element type="image" name="ananas" width="50" height="50" libraryItem="ananas"/></libraryItem><libraryItem libraryName="turtle" itemType="movie clip" folder="" linkageClassName="turtle"><element type="instance" name="Слой 1" width="50" height="50" libraryItem="turtle.png"/></libraryItem><libraryItem libraryName="towel" itemType="movie clip" folder="" linkageClassName="towel"><element type="instance" name="Слой 1" width="50" height="50" libraryItem="towel.png"/></libraryItem><libraryItem libraryName="tabouret" itemType="movie clip" folder="" linkageClassName="tabouret"><element type="instance" name="Слой 1" width="50" height="50" libraryItem="tabouret.png"/></libraryItem><libraryItem libraryName="spyglass" itemType="movie clip" folder="" linkageClassName="spyglass"><element type="instance" name="Слой 1" width="50" height="50" libraryItem="spyglass.png"/></libraryItem><libraryItem libraryName="ananas.png" itemType="bitmap" folder="" bitmapIndex="0.png"><element type="instance" name="shadows" width="250" height="300" libraryItem="shadows"/></libraryItem><libraryItem libraryName="aqualung.png" itemType="bitmap" folder="" bitmapIndex="1.png"><element type="instance" name="shadows" width="250" height="300" libraryItem="shadows"/></libraryItem><libraryItem libraryName="bag.png" itemType="bitmap" folder="" bitmapIndex="2.png"><element type="instance" name="shadows" width="250" height="300" libraryItem="shadows"/></libraryItem><libraryItem libraryName="boot.png" itemType="bitmap" folder="" bitmapIndex="3.png"><element type="instance" name="shadows" width="250" height="300" libraryItem="shadows"/></libraryItem><libraryItem libraryName="bucket.png" itemType="bitmap" folder="" bitmapIndex="4.png"><element type="instance" name="shadows" width="250" height="300" libraryItem="shadows"/></libraryItem><libraryItem libraryName="buoy.png" itemType="bitmap" folder="" bitmapIndex="5.png"><element type="instance" name="shadows" width="250" height="300" libraryItem="shadows"/></libraryItem><libraryItem libraryName="camera.png" itemType="bitmap" folder="" bitmapIndex="6.png"><element type="instance" name="shadows" width="250" height="300" libraryItem="shadows"/></libraryItem><libraryItem libraryName="cap.png" itemType="bitmap" folder="" bitmapIndex="7.png"><element type="instance" name="shadows" width="250" height="300" libraryItem="shadows"/></libraryItem><libraryItem libraryName="crab.png" itemType="bitmap" folder="" bitmapIndex="8.png"><element type="instance" name="shadows" width="250" height="300" libraryItem="shadows"/></libraryItem><libraryItem libraryName="dolphin.png" itemType="bitmap" folder="" bitmapIndex="9.png"><element type="instance" name="shadows" width="250" height="300" libraryItem="shadows"/></libraryItem><libraryItem libraryName="easel.png" itemType="bitmap" folder="" bitmapIndex="10.png"><element type="instance" name="shadows" width="250" height="300" libraryItem="shadows"/></libraryItem><libraryItem libraryName="fireextinguisher.png" itemType="bitmap" folder="" bitmapIndex="11.png"><element type="instance" name="shadows" width="250" height="300" libraryItem="shadows"/></libraryItem><libraryItem libraryName="fishingrod.png" itemType="bitmap" folder="" bitmapIndex="12.png"><element type="instance" name="shadows" width="250" height="300" libraryItem="shadows"/></libraryItem><libraryItem libraryName="flags.png" itemType="bitmap" folder="" bitmapIndex="13.png"><element type="instance" name="shadows" width="250" height="300" libraryItem="shadows"/></libraryItem><libraryItem libraryName="gull.png" itemType="bitmap" folder="" bitmapIndex="14.png"><element type="instance" name="shadows" width="250" height="300" libraryItem="shadows"/></libraryItem><libraryItem libraryName="helm.png" itemType="bitmap" folder="" bitmapIndex="15.png"><element type="instance" name="shadows" width="250" height="300" libraryItem="shadows"/></libraryItem><libraryItem libraryName="kite.png" itemType="bitmap" folder="" bitmapIndex="16.png"><element type="instance" name="shadows" width="250" height="300" libraryItem="shadows"/></libraryItem><libraryItem libraryName="lamp.png" itemType="bitmap" folder="" bitmapIndex="17.png"><element type="instance" name="shadows" width="250" height="300" libraryItem="shadows"/></libraryItem><libraryItem libraryName="launch.png" itemType="bitmap" folder="" bitmapIndex="18.png"><element type="instance" name="shadows" width="250" height="300" libraryItem="shadows"/></libraryItem><libraryItem libraryName="number.png" itemType="bitmap" folder="" bitmapIndex="19.png"><element type="instance" name="shadows" width="250" height="300" libraryItem="shadows"/></libraryItem><libraryItem libraryName="paddle.png" itemType="bitmap" folder="" bitmapIndex="20.png"><element type="instance" name="shadows" width="250" height="300" libraryItem="shadows"/></libraryItem><libraryItem libraryName="paperboat.png" itemType="bitmap" folder="" bitmapIndex="21.png"><element type="instance" name="shadows" width="250" height="300" libraryItem="shadows"/></libraryItem><libraryItem libraryName="paraplane.png" itemType="bitmap" folder="" bitmapIndex="22.png"><element type="instance" name="shadows" width="250" height="300" libraryItem="shadows"/></libraryItem><libraryItem libraryName="raincoat.png" itemType="bitmap" folder="" bitmapIndex="23.png"><element type="instance" name="shadows" width="250" height="300" libraryItem="shadows"/></libraryItem><libraryItem libraryName="rope.png" itemType="bitmap" folder="" bitmapIndex="24.png"><element type="instance" name="shadows" width="250" height="300" libraryItem="shadows"/></libraryItem><libraryItem libraryName="rubbercircle.png" itemType="bitmap" folder="" bitmapIndex="25.png"><element type="instance" name="shadows" width="250" height="300" libraryItem="shadows"/></libraryItem><libraryItem libraryName="spyglass.png" itemType="bitmap" folder="" bitmapIndex="26.png"><element type="instance" name="shadows" width="250" height="300" libraryItem="shadows"/></libraryItem><libraryItem libraryName="tabouret.png" itemType="bitmap" folder="" bitmapIndex="27.png"><element type="instance" name="shadows" width="250" height="300" libraryItem="shadows"/></libraryItem><libraryItem libraryName="towel.png" itemType="bitmap" folder="" bitmapIndex="28.png"><element type="instance" name="shadows" width="250" height="300" libraryItem="shadows"/></libraryItem><libraryItem libraryName="turtle.png" itemType="bitmap" folder="" bitmapIndex="29.png"><element type="instance" name="shadows" width="250" height="300" libraryItem="shadows"/></libraryItem></xmlui>