<?xml version="1.0" encoding="UTF-8"?>
<!-- Created with TexturePacker http://www.codeandweb.com/texturepacker-->
<!-- $TexturePacker:SmartUpdate:fadd7c3e6c477e42802916f2f146131c:11fbf4debf2f6266830aeb13b894db73:b0270681d1bcf35d65fbbab6eeddf13f$ -->
<TextureAtlas imagePath="out.png" width="256" height="512">
    <SubTexture name="0" x="0" y="0" width="50" height="50"/>
    <SubTexture name="1" x="54" y="0" width="50" height="50"/>
    <SubTexture name="10" x="108" y="0" width="50" height="50"/>
    <SubTexture name="11" x="162" y="0" width="50" height="50"/>
    <SubTexture name="12" x="0" y="54" width="50" height="50"/>
    <SubTexture name="13" x="54" y="54" width="50" height="50"/>
    <SubTexture name="14" x="108" y="54" width="50" height="50"/>
    <SubTexture name="15" x="162" y="54" width="50" height="50"/>
    <SubTexture name="16" x="0" y="108" width="50" height="50"/>
    <SubTexture name="17" x="54" y="108" width="50" height="50"/>
    <SubTexture name="18" x="108" y="108" width="50" height="50"/>
    <SubTexture name="19" x="162" y="108" width="50" height="50"/>
    <SubTexture name="2" x="0" y="162" width="50" height="50"/>
    <SubTexture name="20" x="54" y="162" width="50" height="50"/>
    <SubTexture name="21" x="108" y="162" width="50" height="50"/>
    <SubTexture name="22" x="162" y="162" width="50" height="50"/>
    <SubTexture name="23" x="0" y="216" width="50" height="50"/>
    <SubTexture name="24" x="54" y="216" width="50" height="50"/>
    <SubTexture name="25" x="108" y="216" width="50" height="50"/>
    <SubTexture name="26" x="162" y="216" width="50" height="50"/>
    <SubTexture name="27" x="0" y="270" width="50" height="50"/>
    <SubTexture name="28" x="0" y="324" width="50" height="50"/>
    <SubTexture name="29" x="0" y="378" width="50" height="50"/>
    <SubTexture name="3" x="0" y="432" width="50" height="50"/>
    <SubTexture name="4" x="54" y="270" width="50" height="50"/>
    <SubTexture name="5" x="108" y="270" width="50" height="50"/>
    <SubTexture name="6" x="162" y="270" width="50" height="50"/>
    <SubTexture name="7" x="54" y="324" width="50" height="50"/>
    <SubTexture name="8" x="54" y="378" width="50" height="50"/>
    <SubTexture name="9" x="54" y="432" width="50" height="50"/>
</TextureAtlas>
