<xmlui modify="2016-03-09 13:23:55" scale="0.5"><libraryItem libraryName="character" itemType="movie clip" linkageClassName="character"><element type="image" name="emotions" frame="small_smile" width="578" height="716.5" libraryItem="character_small_smile"/><element type="image" name="emotions" frame="angry" width="578" height="716.5" libraryItem="character_angry"/><element type="image" name="emotions" frame="normal" width="578" height="716.5" libraryItem="character_normal"/><element type="image" name="emotions" frame="funny" width="578" height="716.5" libraryItem="character_funny"/><element type="image" name="emotions" frame="smile" width="578" height="716.5" libraryItem="character_smile"/><element type="image" name="emotions" frame="surprised" width="578" height="716.5" libraryItem="character_surprised"/></libraryItem><libraryItem libraryName="character_small_smile" itemType="movie clip" linkageClassName="character_small_smile"><element type="instance" name="Слой 1" width="578" height="716.5" libraryItem="brayan_normal.png"/></libraryItem><libraryItem libraryName="character_angry" itemType="movie clip" linkageClassName="character_angry"><element type="instance" name="Слой 1" width="578" height="716.5" libraryItem="brayan_normal.png"/></libraryItem><libraryItem libraryName="character_normal" itemType="movie clip" linkageClassName="character_normal"><element type="instance" name="Слой 1" width="578" height="716.5" libraryItem="brayan_normal.png"/></libraryItem><libraryItem libraryName="character_funny" itemType="movie clip" linkageClassName="character_funny"><element type="instance" name="Слой 1" width="578" height="716.5" libraryItem="brayan_normal.png"/></libraryItem><libraryItem libraryName="character_smile" itemType="movie clip" linkageClassName="character_smile"><element type="instance" name="Слой 1" width="578" height="716.5" libraryItem="brayan_normal.png"/></libraryItem><libraryItem libraryName="character_surprised" itemType="movie clip" linkageClassName="character_surprised"><element type="instance" name="Слой 1" width="578" height="716.5" libraryItem="brayan_normal.png"/></libraryItem><libraryItem libraryName="brayan_normal.png" itemType="bitmap" bitmapIndex="0.png"><element type="instance" name="character" width="578" height="716.5" libraryItem="character"/></libraryItem></xmlui>