<xmlui modify="2016-10-17 17:08:36" scale="0.5" textureType="png"><libraryItem libraryName="_assets" itemType="folder" folder=""><element type="instance" name="control_cases_list" width="380.325" height="250.825" libraryItem="control_cases_list"/></libraryItem><libraryItem libraryName="rooms" itemType="folder" folder=""><element type="instance" name="control_cases_list" width="380.325" height="250.825" libraryItem="control_cases_list"/></libraryItem><libraryItem libraryName="rooms/room_1" itemType="folder" folder="rooms"><element type="instance" name="control_cases_list" width="380.325" height="250.825" libraryItem="control_cases_list"/></libraryItem><libraryItem libraryName="bg" itemType="movie clip" folder=""><element type="image" name="1_1" x="898.5" y="319.5" width="898.5" height="319.5" libraryItem="plan_1_1"/><element type="image" name="1_0" x="898.5" width="898.5" height="319.5" libraryItem="plan_1_0"/><element type="image" name="0_1" y="319.5" width="898.5" height="319.5" libraryItem="plan_0_1"/><element type="image" name="0_0" width="898.5" height="319.5" libraryItem="plan_0_0"/></libraryItem><libraryItem libraryName="control_cases_list" itemType="movie clip" folder="" linkageClassName="control_cases_list"><element type="instance" name="plan" width="380.325" height="250.825" libraryItem="plan"/><element type="instance" name="[bg]" y="-0.425" width="1797" height="639" layerType="guide" libraryItem="bg"/></libraryItem><libraryItem libraryName="plan" itemType="movie clip" folder="" linkageClassName="plan"><element type="instance" name="cases" width="380.325" height="250.825" libraryItem="places"/></libraryItem><libraryItem libraryName="plan_1_1" itemType="movie clip" folder="" linkageClassName="plan_1_1"><element type="instance" name="Слой 1" width="898.5" height="319.5" libraryItem="скетч1-1-1.png"/></libraryItem><libraryItem libraryName="plan_1_0" itemType="movie clip" folder="" linkageClassName="plan_1_0"><element type="instance" name="Слой 1" width="898.5" height="319.5" libraryItem="скетч1-1-0.png"/></libraryItem><libraryItem libraryName="plan_0_1" itemType="movie clip" folder="" linkageClassName="plan_0_1"><element type="instance" name="Слой 1" width="898.5" height="319.5" libraryItem="скетч1-0-1.png"/></libraryItem><libraryItem libraryName="plan_0_0" itemType="movie clip" folder="" linkageClassName="plan_0_0"><element type="instance" name="Слой 1" width="898.5" height="319.5" libraryItem="скетч1-0-0.png"/></libraryItem><libraryItem libraryName="location_2" itemType="movie clip" folder="" linkageClassName="location_2"><element type="image" name="place" x="280.075" width="67.5" height="52.5" libraryItem="rooms/room_1/room_1"/><element type="image" name="path" x="4.225" y="18.225" width="316.5" height="65" libraryItem="path_2"/></libraryItem><libraryItem libraryName="rooms/room_1/room_1" itemType="movie clip" folder="rooms" linkageClassName="room_1"><element type="instance" name="place" width="67.5" height="52.5" libraryItem="house.png"/></libraryItem><libraryItem libraryName="path_2" itemType="movie clip" folder="" linkageClassName="path_2"><element type="instance" name="Слой 1" x="-1" y="-28.075" width="316.5" height="65" libraryItem="Растровое изображение 3.png"/></libraryItem><libraryItem libraryName="places" itemType="movie clip" folder="" linkageClassName="places"><element type="image" name="case_1" x="265.525" y="418.225" width="20.25" height="15.75" scaleX="0.29998779296875" scaleY="0.29998779296875" libraryItem="rooms/room_1/room_1"/><element type="image" name="case_2" x="625.6" y="183.15" width="20.25" height="15.75" scaleX="0.29998779296875" scaleY="0.29998779296875" libraryItem="rooms/room_1/room_1"/></libraryItem><libraryItem libraryName="placesclip" itemType="movie clip" folder="" linkageClassName="placesclip"><element type="image" name="room_3" x="306.475" y="406.875" width="142.125" height="126.625" rotation="-39.999755859375" scaleX="0.5" scaleY="0.5" libraryItem="path_2"/><element type="image" name="room_2" x="182.4" y="341.45" width="153.3" height="107.275" rotation="29.9998779296875" scaleX="0.5" scaleY="0.5" libraryItem="path_2"/></libraryItem><libraryItem libraryName="house.png" itemType="bitmap" folder="" bitmapIndex="0.png"><element type="instance" name="control_cases_list" width="380.325" height="250.825" libraryItem="control_cases_list"/></libraryItem><libraryItem libraryName="_assets/plan" itemType="bitmap" folder="_assets" bitmapIndex="1.png"><element type="instance" name="control_cases_list" width="380.325" height="250.825" libraryItem="control_cases_list"/></libraryItem><libraryItem libraryName="_assets/room_1" itemType="bitmap" folder="_assets" bitmapIndex="2.png"><element type="instance" name="control_cases_list" width="380.325" height="250.825" libraryItem="control_cases_list"/></libraryItem><libraryItem libraryName="Растровое изображение 1" itemType="bitmap" folder="" bitmapIndex="3.png"><element type="instance" name="control_cases_list" width="380.325" height="250.825" libraryItem="control_cases_list"/></libraryItem><libraryItem libraryName="Растровое изображение 2" itemType="bitmap" folder="" bitmapIndex="4.png"><element type="instance" name="control_cases_list" width="380.325" height="250.825" libraryItem="control_cases_list"/></libraryItem><libraryItem libraryName="Растровое изображение 3.png" itemType="bitmap" folder="" bitmapIndex="5.png"><element type="instance" name="control_cases_list" width="380.325" height="250.825" libraryItem="control_cases_list"/></libraryItem><libraryItem libraryName="скетч1-0-0.png" itemType="bitmap" folder="" bitmapIndex="6.png"><element type="instance" name="control_cases_list" width="380.325" height="250.825" libraryItem="control_cases_list"/></libraryItem><libraryItem libraryName="скетч1-0-1.png" itemType="bitmap" folder="" bitmapIndex="7.png"><element type="instance" name="control_cases_list" width="380.325" height="250.825" libraryItem="control_cases_list"/></libraryItem><libraryItem libraryName="скетч1-1-0.png" itemType="bitmap" folder="" bitmapIndex="8.png"><element type="instance" name="control_cases_list" width="380.325" height="250.825" libraryItem="control_cases_list"/></libraryItem><libraryItem libraryName="скетч1-1-1.png" itemType="bitmap" folder="" bitmapIndex="9.png"><element type="instance" name="control_cases_list" width="380.325" height="250.825" libraryItem="control_cases_list"/></libraryItem></xmlui>