<?xml version="1.0" encoding="UTF-8"?>
<!-- Created with TexturePacker http://www.codeandweb.com/texturepacker-->
<!-- $TexturePacker:SmartUpdate:4f3d1d892338e6277801fb9fd2e4c3f6:279843da8e941480a1efaa41e5955d66:b0270681d1bcf35d65fbbab6eeddf13f$ -->
<TextureAtlas imagePath="out.png" width="2048" height="2048">
    <SubTexture name="0" x="1955" y="0" width="68" height="53"/>
    <SubTexture name="1" x="0" y="0" width="1280" height="960"/>
    <SubTexture name="2" x="1605" y="14" width="194" height="204"/>
    <SubTexture name="3" x="1605" y="0" width="272" height="10"/>
    <SubTexture name="4" x="1881" y="0" width="70" height="70"/>
    <SubTexture name="5" x="1284" y="0" width="317" height="65"/>
    <SubTexture name="6" x="0" y="964" width="899" height="320"/>
    <SubTexture name="7" x="903" y="964" width="899" height="320"/>
    <SubTexture name="8" x="0" y="1288" width="899" height="320"/>
    <SubTexture name="9" x="0" y="1612" width="899" height="320"/>
</TextureAtlas>
