<xmlui><libraryItem libraryName="_ASSETS" itemType="folder"><element type="instance" name="top-panel" width="55.5" height="50.5" libraryItem="control"/></libraryItem><libraryItem libraryName="buttons" itemType="folder"><element type="instance" name="top-panel" width="55.5" height="50.5" libraryItem="control"/></libraryItem><libraryItem libraryName="buttons/bt_fullscreen" itemType="movie clip" linkageClassName="bt_fullscreen"><element type="image" name="_out" width="55.5" height="50.5" libraryItem="buttons/set n"/><element type="image" name="_over" width="55.5" height="50.5" libraryItem="buttons/set h"/><element type="image" name="_down" width="55.5" height="50.5" libraryItem="buttons/set p"/><element type="image" name="_out_checked" width="55.5" height="50.5" libraryItem="buttons/gold_icon"/><element type="image" name="_over_checked" width="55.5" height="50.5" libraryItem="buttons/coins_icon"/><element type="image" name="_down_checked" width="55.5" height="50.5" libraryItem="buttons/score_icon"/></libraryItem><libraryItem libraryName="buttons/set n" itemType="movie clip" linkageClassName="setn"><element type="instance" name="Layer 1" width="55.5" height="50.5" libraryItem="_ASSETS/icon_settings.png"/></libraryItem><libraryItem libraryName="buttons/set h" itemType="movie clip" linkageClassName="seth"><element type="instance" name="Layer 1" width="55.5" height="50.5" libraryItem="_ASSETS/icon_settings.png"/></libraryItem><libraryItem libraryName="buttons/set p" itemType="movie clip" linkageClassName="setp"><element type="instance" name="Layer 1" width="55.5" height="50.5" libraryItem="_ASSETS/icon_settings.png"/></libraryItem><libraryItem libraryName="buttons/gold_icon" itemType="movie clip" linkageClassName="gold_icon"><element type="instance" name="Layer 1" width="55.5" height="50.5" libraryItem="_ASSETS/icon_gold.png"/></libraryItem><libraryItem libraryName="buttons/coins_icon" itemType="movie clip" linkageClassName="coins_icon"><element type="instance" name="Layer 1" width="55.5" height="50.5" libraryItem="_ASSETS/icon_coin.png"/></libraryItem><libraryItem libraryName="buttons/score_icon" itemType="movie clip" linkageClassName="score_icon"><element type="instance" name="Layer 1" width="55.5" height="50.5" libraryItem="_ASSETS/icon_score.png"/></libraryItem><libraryItem libraryName="control" itemType="movie clip" linkageClassName="control"><element type="instance" name="button_fullscreen" width="55.5" height="50.5" libraryItem="buttons/bt_fullscreen"><property name="ui_type"><![CDATA[mouse_event_button]]></property><property name="button_trigger"><![CDATA[true]]></property></element></libraryItem><libraryItem libraryName="_ASSETS/icon_coin.png" itemType="bitmap" bitmapIndex="0.png"><element type="instance" name="top-panel" width="55.5" height="50.5" libraryItem="control"/></libraryItem><libraryItem libraryName="_ASSETS/icon_gold.png" itemType="bitmap" bitmapIndex="1.png"><element type="instance" name="top-panel" width="55.5" height="50.5" libraryItem="control"/></libraryItem><libraryItem libraryName="_ASSETS/icon_score.png" itemType="bitmap" bitmapIndex="2.png"><element type="instance" name="top-panel" width="55.5" height="50.5" libraryItem="control"/></libraryItem><libraryItem libraryName="_ASSETS/icon_settings.png" itemType="bitmap" bitmapIndex="3.png"><element type="instance" name="top-panel" width="55.5" height="50.5" libraryItem="control"/></libraryItem></xmlui>