{"textureFormat": "atf", "frameRate": 24, "movies": [{"layers": [{"name": "origin", "keyframes": [{"loc": [640, 384], "index": 0, "tweened": false, "duration": 1, "pivot": [640, 384], "ref": "~original"}]}], "id": "Room_back"}, {"layers": [{"name": "background", "keyframes": [{"loc": [640, 384], "index": 0, "tweened": false, "duration": 1, "pivot": [640, 384], "ref": "background"}]}], "id": "~original"}], "md5": "52685e4a9bd48a282af795fe248d0ab9", "textureGroups": [{"atlases": [{"textures": [{"origin": [0, 0], "symbol": "background", "rect": [1, 1, 1280, 768]}], "file": "atlas0.atf"}], "scaleFactor": 1}], "isNamespaced": false}