<xmlui><libraryItem libraryName="_ASSETS" itemType="folder"><element type="instance" name="Layer 1" width="184.95" height="72" scaleX="0.5" scaleY="0.5" libraryItem="control_full"/></libraryItem><libraryItem libraryName="buttons" itemType="folder"><element type="instance" name="Layer 1" width="184.95" height="72" scaleX="0.5" scaleY="0.5" libraryItem="control_full"/></libraryItem><libraryItem libraryName="blank_clip" itemType="movie clip"/><libraryItem libraryName="bg_task_line" itemType="movie clip" linkageClassName="bg_task_line"><element type="instance" name="Layer 1" width="144" height="144" libraryItem="_ASSETS/bg_task_line.png"/></libraryItem><libraryItem libraryName="button label" itemType="movie clip"><element type="text" name="text_label" width="113.85" height="29.925" lineType="single line" orientation="horizontal"><textFormat size="25" face="Arial" fillColor="#ffffff" alignment="center" bold="false" italic="false"/><textString><![CDATA[Опросить]]></textString></element><element type="text" name="cost_gold" width="29.9" height="29.925" lineType="single line" orientation="horizontal"><textFormat size="25" face="Arial" fillColor="#ffffff" alignment="center" bold="false" italic="false"/><textString><![CDATA[20]]></textString></element><element type="image" name="icon_gold" width="35.2" height="35.2" libraryItem="icon gold"/></libraryItem><libraryItem libraryName="buttons/bt d" itemType="movie clip" linkageClassName="btd"><element type="instance" name="Layer 1" width="236" height="56" libraryItem="_ASSETS/bt_d.png"/></libraryItem><libraryItem libraryName="buttons/bt h" itemType="movie clip" linkageClassName="bth"><element type="instance" name="Layer 1" width="236" height="56" libraryItem="_ASSETS/bt_h.png"/></libraryItem><libraryItem libraryName="buttons/bt n" itemType="movie clip" linkageClassName="btn"><element type="instance" name="Layer 1" width="236" height="56" libraryItem="_ASSETS/bt_n.png"/></libraryItem><libraryItem libraryName="buttons/bt p" itemType="movie clip" linkageClassName="btp"><element type="instance" name="Layer 1" width="236" height="56" libraryItem="_ASSETS/bt_p.png"/></libraryItem><libraryItem libraryName="buttons/bt_button" itemType="movie clip" linkageClassName="bt_button"><element type="instance" name="_label" x="38.75" y="6.25" width="113.2" height="35" scaleX="0.99432373046875" scaleY="0.99432373046875" libraryItem="button label"/><element type="image" name="_out" width="196.35" height="46.6" scaleX="0.83197021484375" scaleY="0.83197021484375" libraryItem="buttons/bt n"/><element type="image" name="_over" width="196.35" height="46.6" scaleX="0.83197021484375" scaleY="0.83197021484375" libraryItem="buttons/bt h"/><element type="image" name="_down" width="196.35" height="46.6" scaleX="0.83197021484375" scaleY="0.83197021484375" libraryItem="buttons/bt p"/></libraryItem><libraryItem libraryName="icon gold" itemType="movie clip" linkageClassName="icongold"><element type="instance" name="Layer 1" width="35.2" height="35.2" scaleX="0.79998779296875" scaleY="0.79998779296875" libraryItem="_ASSETS/icon_gold.png"/></libraryItem><libraryItem libraryName="buttons/bt_task" itemType="movie clip" linkageClassName="bt_task"><element type="instance" name="type" x="12.5" y="87.5" width="112" height="36" libraryItem="task type"/><element type="image" name="line" width="144" height="144" libraryItem="bg_task_line"/><element type="instance" name="image" x="11.15" y="12.75" width="121.75" height="121.75" rotation="-3.46746826171875" scaleX="1.0000152587890625" scaleY="1.0000152587890625" libraryItem="item"><property name="ui_type"><![CDATA[image]]></property></element><element type="image" name="_out" width="144" height="144" libraryItem="buttons/task n"/><element type="image" name="_over" width="144" height="144" libraryItem="buttons/task h"/><element type="image" name="_down" width="144" height="144" libraryItem="buttons/task p"/></libraryItem><libraryItem libraryName="task type" itemType="movie clip" linkageClassName="task type"><element type="text" name="puzzles_cost" x="60" width="52" height="29.925" lineType="single line" orientation="horizontal"><textFormat size="25" face="Arial" fillColor="#de3022" alignment="center" bold="false" italic="false"/><textString><![CDATA[x2]]></textString></element><element type="image" name="icon_puzzle" x="44" width="30" height="30" scaleX="0.6818084716796875" scaleY="0.6817626953125" libraryItem="icon puzzle"/><element type="instance" name="task_type_icon" width="36" height="36" libraryItem="task type_icon"><property name="ui_type"><![CDATA[icon]]></property></element></libraryItem><libraryItem libraryName="item" itemType="movie clip" linkageClassName="item"><element type="instance" name="image_container" width="0" height="0" libraryItem="blank_clip"/><element type="shape" name="image_bounds" x="57.475" y="57.5" width="115" height="115"/></libraryItem><libraryItem libraryName="buttons/task n" itemType="movie clip" linkageClassName="addn"><element type="instance" name="Layer 1" width="144" height="144" libraryItem="_ASSETS/bg_task.png"/></libraryItem><libraryItem libraryName="buttons/task h" itemType="movie clip" linkageClassName="addh"><element type="instance" name="Layer 1" width="144" height="144" libraryItem="_ASSETS/bg_task.png"/></libraryItem><libraryItem libraryName="buttons/task p" itemType="movie clip" linkageClassName="addp"><element type="instance" name="Layer 1" width="144" height="144" libraryItem="_ASSETS/bg_task.png"/></libraryItem><libraryItem libraryName="icon puzzle" itemType="movie clip" linkageClassName="iconpuzzle"><element type="instance" name="Layer 1" width="44" height="44" libraryItem="_ASSETS/icon_puzzle.png"/></libraryItem><libraryItem libraryName="icon task game" itemType="movie clip" linkageClassName="icontaskgame"><element type="instance" name="Layer 1" width="36" height="36" libraryItem="_ASSETS/icon_task_game.png"/></libraryItem><libraryItem libraryName="icon task lab" itemType="movie clip" linkageClassName="icontasklab"><element type="instance" name="Layer 1" width="36" height="36" libraryItem="_ASSETS/icon_task_lab.png"/></libraryItem><libraryItem libraryName="icon task night" itemType="movie clip" linkageClassName="icontasknight"><element type="instance" name="Layer 1" width="36" height="36" libraryItem="_ASSETS/icon_task_night.png"/></libraryItem><libraryItem libraryName="icon task shadows" itemType="movie clip" linkageClassName="icontaskshadows"><element type="instance" name="Layer 1" width="36" height="36" libraryItem="_ASSETS/icon_task_shadows.png"/></libraryItem><libraryItem libraryName="icon task talk" itemType="movie clip" linkageClassName="icontasktalk"><element type="instance" name="Layer 1" width="36" height="36" libraryItem="_ASSETS/icon_task_talk.png"/></libraryItem><libraryItem libraryName="icon task words" itemType="movie clip" linkageClassName="icontaskwords"><element type="instance" name="Layer 1" width="36" height="36" libraryItem="_ASSETS/icon_task_words.png"/></libraryItem><libraryItem libraryName="icon task zoom" itemType="movie clip" linkageClassName="icontaskzoom"><element type="instance" name="Layer 1" width="36" height="36" libraryItem="_ASSETS/icon_task_zoom.png"/></libraryItem><libraryItem libraryName="control" itemType="movie clip" linkageClassName="control"><element type="instance" name="task_button" width="144" height="144" libraryItem="buttons/bt_task"><property name="ui_type"><![CDATA[button]]></property></element></libraryItem><libraryItem libraryName="task type_icon" itemType="movie clip" linkageClassName="task type_icon"><element type="image" name="Слой 1" frame="_zoom" width="36" height="36" libraryItem="icon task zoom"/><element type="image" name="Слой 1" frame="_words" width="36" height="36" libraryItem="icon task words"/><element type="image" name="Слой 1" frame="_talk" width="36" height="36" libraryItem="icon task talk"/><element type="image" name="Слой 1" frame="_shadows" width="36" height="36" libraryItem="icon task shadows"/><element type="image" name="Слой 1" frame="_night" width="36" height="36" libraryItem="icon task night"/><element type="image" name="Слой 1" frame="_lab" width="36" height="36" libraryItem="icon task lab"/><element type="image" name="Слой 1" frame="_game" width="36" height="36" libraryItem="icon task game"/></libraryItem><libraryItem libraryName="control_full" itemType="movie clip" linkageClassName="control_full"><element type="instance" name="button" x="183.5" y="82.5" width="157" height="37.25" scaleX="0.7996063232421875" scaleY="0.7994384765625" libraryItem="buttons/bt_button"><property name="ui_type"><![CDATA[button]]></property></element><element type="text" name="description" x="140.525" y="12" width="229.35" height="52.25" lineType="single line" orientation="horizontal"><textFormat size="45" face="Arial" fillColor="#000000" alignment="center" bold="false" italic="false"/><textString><![CDATA[Описание]]></textString></element><element type="instance" name="task" width="144" height="144" libraryItem="control"/></libraryItem><libraryItem libraryName="_ASSETS/bg_task.png" itemType="bitmap" bitmapIndex="0.png"><element type="instance" name="Layer 1" width="184.95" height="72" scaleX="0.5" scaleY="0.5" libraryItem="control_full"/></libraryItem><libraryItem libraryName="_ASSETS/bg_task_line.png" itemType="bitmap" bitmapIndex="1.png"><element type="instance" name="Layer 1" width="184.95" height="72" scaleX="0.5" scaleY="0.5" libraryItem="control_full"/></libraryItem><libraryItem libraryName="_ASSETS/bt_d.png" itemType="bitmap" bitmapIndex="2.png"><element type="instance" name="Layer 1" width="184.95" height="72" scaleX="0.5" scaleY="0.5" libraryItem="control_full"/></libraryItem><libraryItem libraryName="_ASSETS/bt_h.png" itemType="bitmap" bitmapIndex="3.png"><element type="instance" name="Layer 1" width="184.95" height="72" scaleX="0.5" scaleY="0.5" libraryItem="control_full"/></libraryItem><libraryItem libraryName="_ASSETS/bt_n.png" itemType="bitmap" bitmapIndex="4.png"><element type="instance" name="Layer 1" width="184.95" height="72" scaleX="0.5" scaleY="0.5" libraryItem="control_full"/></libraryItem><libraryItem libraryName="_ASSETS/bt_p.png" itemType="bitmap" bitmapIndex="5.png"><element type="instance" name="Layer 1" width="184.95" height="72" scaleX="0.5" scaleY="0.5" libraryItem="control_full"/></libraryItem><libraryItem libraryName="_ASSETS/icon_gold.png" itemType="bitmap" bitmapIndex="6.png"><element type="instance" name="Layer 1" width="184.95" height="72" scaleX="0.5" scaleY="0.5" libraryItem="control_full"/></libraryItem><libraryItem libraryName="_ASSETS/icon_puzzle.png" itemType="bitmap" bitmapIndex="7.png"><element type="instance" name="Layer 1" width="184.95" height="72" scaleX="0.5" scaleY="0.5" libraryItem="control_full"/></libraryItem><libraryItem libraryName="_ASSETS/icon_task_game.png" itemType="bitmap" bitmapIndex="8.png"><element type="instance" name="Layer 1" width="184.95" height="72" scaleX="0.5" scaleY="0.5" libraryItem="control_full"/></libraryItem><libraryItem libraryName="_ASSETS/icon_task_lab.png" itemType="bitmap" bitmapIndex="9.png"><element type="instance" name="Layer 1" width="184.95" height="72" scaleX="0.5" scaleY="0.5" libraryItem="control_full"/></libraryItem><libraryItem libraryName="_ASSETS/icon_task_night.png" itemType="bitmap" bitmapIndex="10.png"><element type="instance" name="Layer 1" width="184.95" height="72" scaleX="0.5" scaleY="0.5" libraryItem="control_full"/></libraryItem><libraryItem libraryName="_ASSETS/icon_task_shadows.png" itemType="bitmap" bitmapIndex="11.png"><element type="instance" name="Layer 1" width="184.95" height="72" scaleX="0.5" scaleY="0.5" libraryItem="control_full"/></libraryItem><libraryItem libraryName="_ASSETS/icon_task_talk.png" itemType="bitmap" bitmapIndex="12.png"><element type="instance" name="Layer 1" width="184.95" height="72" scaleX="0.5" scaleY="0.5" libraryItem="control_full"/></libraryItem><libraryItem libraryName="_ASSETS/icon_task_words.png" itemType="bitmap" bitmapIndex="13.png"><element type="instance" name="Layer 1" width="184.95" height="72" scaleX="0.5" scaleY="0.5" libraryItem="control_full"/></libraryItem><libraryItem libraryName="_ASSETS/icon_task_zoom.png" itemType="bitmap" bitmapIndex="14.png"><element type="instance" name="Layer 1" width="184.95" height="72" scaleX="0.5" scaleY="0.5" libraryItem="control_full"/></libraryItem></xmlui>