<?xml version="1.0" encoding="UTF-8"?>
<!-- Created with TexturePacker http://www.codeandweb.com/texturepacker-->
<!-- $TexturePacker:SmartUpdate:7886f1ae66127c252cbee4acd234cba8:a9ba117cf55faade14074acec50e436e:b0270681d1bcf35d65fbbab6eeddf13f$ -->
<TextureAtlas imagePath="out.png" width="296" height="472">
    <SubTexture name="0" x="0" y="0" width="144" height="144"/>
    <SubTexture name="1" x="148" y="0" width="144" height="144"/>
    <SubTexture name="10" x="0" y="148" width="36" height="36"/>
    <SubTexture name="11" x="40" y="148" width="36" height="36"/>
    <SubTexture name="12" x="80" y="148" width="36" height="36"/>
    <SubTexture name="13" x="120" y="148" width="36" height="36"/>
    <SubTexture name="14" x="160" y="148" width="36" height="36"/>
    <SubTexture name="2" x="0" y="188" width="236" height="56"/>
    <SubTexture name="3" x="0" y="248" width="236" height="56"/>
    <SubTexture name="4" x="0" y="308" width="236" height="56"/>
    <SubTexture name="5" x="0" y="368" width="236" height="56"/>
    <SubTexture name="6" x="240" y="368" width="44" height="44"/>
    <SubTexture name="7" x="0" y="428" width="44" height="44"/>
    <SubTexture name="8" x="48" y="428" width="36" height="36"/>
    <SubTexture name="9" x="88" y="428" width="36" height="36"/>
</TextureAtlas>
