<xmlui modify="2016-10-07 15:04:13" scale="0.5" textureType="png"><libraryItem libraryName="_ASSETS" itemType="folder" folder=""><element type="instance" name="window" y="-0.025" width="352.025" height="411.8" scaleY="0.9999847412109375" libraryItem="window"/></libraryItem><libraryItem libraryName="buttons" itemType="folder" folder=""><element type="instance" name="window" y="-0.025" width="352.025" height="411.8" scaleY="0.9999847412109375" libraryItem="window"/></libraryItem><libraryItem libraryName="bg" itemType="movie clip" folder="" linkageClassName="bg"><scalingGrid left="22.75" right="68.25" top="42" bottom="97"/><element type="instance" name="Layer 1" width="91" height="168" scaleY="0.9999847412109375" libraryItem="_ASSETS/копия bg_enter.png"/></libraryItem><libraryItem libraryName="buttons/bt close h" itemType="movie clip" folder="buttons" linkageClassName="btcloseh"><element type="instance" name="Layer 1" width="62" height="40" libraryItem="_ASSETS/bt_board_h.png"/></libraryItem><libraryItem libraryName="buttons/bt close n" itemType="movie clip" folder="buttons" linkageClassName="btclosen"><element type="instance" name="Layer 1" width="62" height="40" libraryItem="_ASSETS/bt_board_n.png"/></libraryItem><libraryItem libraryName="buttons/bt close p" itemType="movie clip" folder="buttons" linkageClassName="btclosep"><element type="instance" name="Layer 1" width="62" height="40" libraryItem="_ASSETS/bt_board_p.png"/></libraryItem><libraryItem libraryName="buttons/bt_close" itemType="movie clip" folder="buttons" linkageClassName="bt_close"><element type="image" name="_out" width="62" height="40" libraryItem="buttons/bt close n"/><element type="image" name="_over" width="62" height="40" libraryItem="buttons/bt close h"/><element type="image" name="_down" width="62" height="40" libraryItem="buttons/bt close p"/></libraryItem><libraryItem libraryName="container" itemType="movie clip" folder="" linkageClassName="bounds"><element type="shape" name="panel_bounds" x="174.9" y="35" width="350" height="70"/></libraryItem><libraryItem libraryName="listboxPanel" itemType="movie clip" folder="" linkageClassName="listboxPanel"><element type="shape" name="listbox_bounds" x="175" y="70" width="350" height="140"/></libraryItem><libraryItem libraryName="window" itemType="movie clip" folder="" linkageClassName="window"><element type="text" name="window_title" x="62" y="10.075" width="288.925" height="29.925" lineType="multiline" orientation="horizontal"><textFormat size="25" face="Arial" fillColor="#1c436c" alignment="center" bold="false" italic="false"/><textString><![CDATA[Room Completed!]]></textString><property name="source"><![CDATA[window_title]]></property></element><element type="text" name="time_label" x="8.65" y="229.45" width="336.475" height="31.025" lineType="multiline" orientation="horizontal"><textFormat size="25" face="Arial" fillColor="#1c436c" alignment="center" bold="false" italic="false"/><textString><![CDATA[00:00:00]]></textString><property name="source"><![CDATA[time_label]]></property></element><element type="text" name="score_label" x="8.65" y="265.45" width="337.2" height="31.025" lineType="multiline" orientation="horizontal"><textFormat size="25" face="Arial" fillColor="#1c436c" alignment="center" bold="false" italic="false"/><textString><![CDATA[Score:1000]]></textString><property name="source"><![CDATA[score_label]]></property></element><element type="instance" name="drop_list" x="2" y="85.025" width="350" height="140" libraryItem="listboxPanel"><property name="ui_type"><![CDATA[listbox]]></property></element><element type="instance" name="bt_close" width="62" height="40" libraryItem="buttons/bt_close"><property name="ui_type"><![CDATA[button]]></property><property name="button_signal"><![CDATA[close]]></property></element><element type="instance" name="buttons_panel" x="0.6" y="315.275" width="350" height="70" libraryItem="container"><property name="ui_type"><![CDATA[scalable_panel]]></property><property name="h_align"><![CDATA[center]]></property></element><element type="image" name="window_background" x="0.05" y="-0.525" width="349.925" height="411.8" scaleX="3.845367431640625" scaleY="2.451202392578125" libraryItem="bg"/><element type="shape" name="window_bounds" x="174.975" y="206.6" width="350" height="409.35"/></libraryItem><libraryItem libraryName="_ASSETS/bg_enter.png" itemType="bitmap" folder="_ASSETS" bitmapIndex="0.png"><element type="instance" name="window" y="-0.025" width="352.025" height="411.8" scaleY="0.9999847412109375" libraryItem="window"/></libraryItem><libraryItem libraryName="_ASSETS/bt_board_h.png" itemType="bitmap" folder="_ASSETS" bitmapIndex="1.png"><element type="instance" name="window" y="-0.025" width="352.025" height="411.8" scaleY="0.9999847412109375" libraryItem="window"/></libraryItem><libraryItem libraryName="_ASSETS/bt_board_n.png" itemType="bitmap" folder="_ASSETS" bitmapIndex="2.png"><element type="instance" name="window" y="-0.025" width="352.025" height="411.8" scaleY="0.9999847412109375" libraryItem="window"/></libraryItem><libraryItem libraryName="_ASSETS/bt_board_p.png" itemType="bitmap" folder="_ASSETS" bitmapIndex="3.png"><element type="instance" name="window" y="-0.025" width="352.025" height="411.8" scaleY="0.9999847412109375" libraryItem="window"/></libraryItem><libraryItem libraryName="_ASSETS/копия bg_enter.png" itemType="bitmap" folder="_ASSETS" bitmapIndex="4.png"><element type="instance" name="window" y="-0.025" width="352.025" height="411.8" scaleY="0.9999847412109375" libraryItem="window"/></libraryItem></xmlui>