{"textureFormat": "atf", "frameRate": 24, "movies": [{"layers": [{"name": "origin", "keyframes": [{"loc": [640, 384], "index": 0, "tweened": false, "duration": 1, "pivot": [640, 384], "ref": "~original"}]}], "id": "Room_back"}, {"layers": [{"name": "chair", "keyframes": [{"duration": 99, "index": 0, "pivot": [116.5, 88], "ref": "chair", "loc": [116.5, 88]}, {"duration": 1, "index": 99, "pivot": [116.5, 88], "ref": "chair", "loc": [116.5, 88]}, {"duration": 4, "index": 100, "pivot": [116.5, 88], "ref": "chair", "loc": [116.5, 88]}, {"loc": [116.5, 88], "index": 104, "pivot": [116.5, 88], "duration": 1, "alpha": 0, "ref": "chair"}, {"loc": [116.5, 88], "index": 105, "pivot": [116.5, 88], "duration": 4, "alpha": 0, "ref": "chair"}, {"duration": 35, "index": 109, "pivot": [116.5, 88], "ref": "chair", "loc": [116.5, 88]}, {"duration": 5, "index": 144, "pivot": [116.5, 88], "ref": "chair", "loc": [116.5, 88]}, {"loc": [116.5, 88], "index": 149, "pivot": [116.5, 88], "duration": 1, "alpha": 0, "ref": "chair"}, {"loc": [116.5, 88], "index": 150, "pivot": [116.5, 88], "duration": 4, "alpha": 0, "ref": "chair"}, {"duration": 95, "index": 154, "pivot": [116.5, 88], "ref": "chair", "loc": [116.5, 88]}, {"duration": 1, "index": 249, "pivot": [116.5, 88], "ref": "chair", "loc": [116.5, 88]}]}], "id": "~chair_a"}, {"layers": [{"name": "green_light", "keyframes": [{"duration": 99, "index": 0, "pivot": [8, 8], "ref": "green_light", "loc": [8, 8]}, {"loc": [8, 8], "scale": [0.7969, 0.7969], "index": 99, "pivot": [8, 8], "duration": 100, "alpha": 0.3008, "ref": "green_light"}, {"loc": [8, 8], "scale": [0.7969, 0.7969], "index": 199, "pivot": [8, 8], "duration": 100, "alpha": 0.3008, "ref": "green_light"}, {"loc": [8, 8], "index": 299, "pivot": [8, 8], "duration": 100, "alpha": 0.5586, "ref": "green_light"}, {"duration": 1, "index": 399, "pivot": [8, 8], "ref": "green_light", "loc": [8, 8]}, {"duration": 100, "index": 400, "pivot": [8, 8], "ref": "green_light", "loc": [8, 8]}, {"duration": 1, "index": 500, "pivot": [8, 8], "ref": "green_light", "loc": [8, 8]}]}], "id": "~green_light_a"}, {"layers": [{"name": "leaf", "keyframes": [{"duration": 128, "index": 0}, {"duration": 19, "index": 128, "pivot": [5.75, 3.25], "ref": "leaf1", "loc": [5.75, 3.25]}, {"loc": [19.65, 33.175], "scale": [0.9979, 0.9979], "index": 147, "skew": [0.8447, 0.8447], "duration": 20, "pivot": [5.75, 3.25], "ref": "leaf1"}, {"loc": [21.825, 64.725], "scale": [0.9989, 0.9989], "index": 167, "skew": [1.7296, 1.7296], "duration": 20, "pivot": [5.75, 3.25], "ref": "leaf1"}, {"loc": [26.525, 77.025], "scale": [0.9999, 1], "index": 187, "skew": [3.4033, 3.4033], "duration": 1, "pivot": [5.75, 3.25], "ref": "leaf1"}, {"loc": [26.525, 77.025], "scale": [0.9999, 1], "index": 188, "skew": [3.4033, 3.4033], "duration": 60, "pivot": [5.75, 3.25], "ref": "leaf1"}, {"loc": [26.525, 77.025], "scale": [0.9999, 1], "index": 248, "skew": [3.4033, 3.4033], "pivot": [5.75, 3.25], "duration": 1, "alpha": 0, "ref": "leaf1"}, {"duration": 110, "index": 249}, {"duration": 1, "index": 359}]}], "id": "~leaf1_a"}, {"layers": [{"name": "leaf", "keyframes": [{"duration": 19, "index": 0, "pivot": [5.75, 3.25], "ref": "leaf2", "loc": [0.475, 2.725]}, {"loc": [14.375, 32.675], "scale": [0.9984, 0.9984], "index": 19, "skew": [0.8442, 0.8442], "duration": 20, "pivot": [5.75, 3.25], "ref": "leaf2"}, {"loc": [16.575, 64.225], "scale": [0.9987, 0.9987], "index": 39, "skew": [1.7288, 1.7288], "duration": 20, "pivot": [5.75, 3.25], "ref": "leaf2"}, {"loc": [32, 95.75], "index": 59, "skew": [2.618, 2.618], "duration": 1, "pivot": [5.75, 3.25], "ref": "leaf2"}, {"loc": [32, 95.75], "index": 60, "skew": [2.618, 2.618], "duration": 60, "pivot": [5.75, 3.25], "ref": "leaf2"}, {"loc": [32, 95.75], "index": 120, "skew": [2.618, 2.618], "pivot": [5.75, 3.25], "duration": 1, "alpha": 0, "ref": "leaf2"}, {"duration": 158, "index": 121}, {"duration": 1, "index": 279}]}], "id": "~leaf2_a"}, {"layers": [{"name": "light", "keyframes": [{"duration": 155, "index": 0}, {"loc": [72, 91.5], "index": 155, "pivot": [72, 91.5], "duration": 6, "alpha": 0, "ref": "light"}, {"loc": [72, 91.5], "index": 161, "pivot": [72, 91.5], "duration": 1, "alpha": 0.6914, "ref": "light"}, {"loc": [72, 91.5], "index": 162, "pivot": [72, 91.5], "duration": 10, "alpha": 0.8008, "ref": "light"}, {"duration": 1, "index": 172, "pivot": [72, 91.5], "ref": "light", "loc": [72, 91.5]}, {"duration": 10, "index": 173, "pivot": [72, 91.5], "ref": "light", "loc": [72, 91.5]}, {"loc": [72, 91.5], "index": 183, "pivot": [72, 91.5], "duration": 1, "alpha": 0, "ref": "light"}, {"loc": [72, 91.5], "index": 184, "pivot": [72, 91.5], "duration": 35, "alpha": 0, "ref": "light"}, {"loc": [72, 91.5], "index": 219, "pivot": [72, 91.5], "duration": 1, "alpha": 0, "ref": "light"}, {"loc": [72, 91.5], "index": 220, "pivot": [72, 91.5], "duration": 2, "alpha": 0, "ref": "light"}, {"loc": [72, 91.5], "index": 222, "pivot": [72, 91.5], "duration": 4, "alpha": 0.7188, "ref": "light"}, {"loc": [72, 91.5], "index": 226, "pivot": [72, 91.5], "duration": 65, "alpha": 0, "ref": "light"}, {"loc": [72, 91.5], "index": 291, "pivot": [72, 91.5], "duration": 4, "alpha": 0, "ref": "light"}, {"loc": [72, 91.5], "index": 295, "pivot": [72, 91.5], "duration": 4, "alpha": 0.4102, "ref": "light"}, {"loc": [72, 91.5], "index": 299, "pivot": [72, 91.5], "duration": 1, "alpha": 0, "ref": "light"}]}], "id": "~light_a"}, {"layers": [{"name": "background", "keyframes": [{"loc": [640, 384], "index": 0, "tweened": false, "duration": 1, "pivot": [640, 384], "ref": "background"}]}, {"name": "chair", "keyframes": [{"loc": [589.5, 431.5], "index": 0, "tweened": false, "duration": 1, "pivot": [116.5, 88], "ref": "~chair_a"}]}, {"name": "green_light", "keyframes": [{"loc": [889.725, 396.825], "index": 0, "tweened": false, "duration": 1, "pivot": [8, 8], "ref": "~green_light_a"}]}, {"name": "red_light", "keyframes": [{"loc": [925.45, 581.125], "index": 0, "tweened": false, "duration": 1, "pivot": [7.5, 7.5], "ref": "~red_light_a"}]}, {"name": "screen", "keyframes": [{"loc": [839.475, 361.45], "index": 0, "tweened": false, "duration": 1, "pivot": [39, 37.25], "ref": "~screen_a"}]}, {"name": "shine", "keyframes": [{"loc": [593.025, 390.975], "index": 0, "tweened": false, "duration": 1, "pivot": [81.75, 83], "ref": "~shine_a"}]}, {"name": "leaf2", "keyframes": [{"loc": [78.275, 369.55], "index": 0, "tweened": false, "duration": 1, "pivot": [5.75, 3.25], "ref": "~leaf2_a"}]}, {"name": "leaf1", "keyframes": [{"loc": [29.775, 395.1], "index": 0, "tweened": false, "duration": 1, "pivot": [5.75, 3.25], "ref": "~leaf1_a"}]}, {"name": "light", "keyframes": [{"loc": [1088.75, 118.525], "index": 0, "tweened": false, "duration": 1, "pivot": [72, 91.5], "ref": "~light_a"}]}], "id": "~original"}, {"layers": [{"name": "red_light", "keyframes": [{"duration": 99, "index": 0, "pivot": [7.5, 7.5], "ref": "red_light", "loc": [7.25, 7.5]}, {"loc": [7.35, 7.5], "scale": [0.797, 0.797], "index": 99, "pivot": [7.5, 7.5], "duration": 100, "alpha": 0.3984, "ref": "red_light"}, {"duration": 1, "index": 199, "pivot": [7.5, 7.5], "ref": "red_light", "loc": [7.25, 7.5]}]}], "id": "~red_light_a"}, {"layers": [{"name": "screen", "keyframes": [{"duration": 100, "index": 0, "pivot": [39, 37.25], "ref": "screen", "loc": [39, 37.25]}, {"loc": [39, 37.25], "index": 100, "pivot": [39, 37.25], "duration": 1, "alpha": 0.1016, "ref": "screen"}, {"loc": [39, 37.25], "index": 101, "pivot": [39, 37.25], "duration": 97, "alpha": 0.1016, "ref": "screen"}, {"loc": [39, 37.25], "index": 198, "pivot": [39, 37.25], "duration": 1, "alpha": 0, "ref": "screen"}, {"loc": [39, 37.25], "index": 199, "pivot": [39, 37.25], "duration": 99, "alpha": 0, "ref": "screen"}, {"loc": [39, 37.25], "index": 298, "pivot": [39, 37.25], "duration": 1, "alpha": 0.1016, "ref": "screen"}, {"loc": [39, 37.25], "index": 299, "pivot": [39, 37.25], "duration": 100, "alpha": 0.1016, "ref": "screen"}, {"duration": 1, "index": 399, "pivot": [39, 37.25], "ref": "screen", "loc": [39, 37.25]}, {"duration": 100, "index": 400, "pivot": [39, 37.25], "ref": "screen", "loc": [39, 37.25]}, {"duration": 1, "index": 500, "pivot": [39, 37.25], "ref": "screen", "loc": [39, 37.25]}]}], "id": "~screen_a"}, {"layers": [{"name": "shine", "keyframes": [{"duration": 99, "index": 0, "pivot": [81.75, 83], "ref": "shine", "loc": [81.75, 83]}, {"duration": 1, "index": 99, "pivot": [81.75, 83], "ref": "shine", "loc": [81.75, 83]}, {"duration": 5, "index": 100, "pivot": [81.75, 83], "ref": "shine", "loc": [81.75, 83]}, {"loc": [81.75, 83], "index": 105, "pivot": [81.75, 83], "duration": 5, "alpha": 0, "ref": "shine"}, {"duration": 35, "index": 110, "pivot": [81.75, 83], "ref": "shine", "loc": [81.75, 83]}, {"duration": 1, "index": 145, "pivot": [81.75, 83], "ref": "shine", "loc": [81.75, 83]}, {"duration": 4, "index": 146, "pivot": [81.75, 83], "ref": "shine", "loc": [81.75, 83]}, {"loc": [81.75, 83], "index": 150, "pivot": [81.75, 83], "duration": 4, "alpha": 0, "ref": "shine"}, {"duration": 95, "index": 154, "pivot": [81.75, 83], "ref": "shine", "loc": [81.75, 83]}, {"duration": 1, "index": 249, "pivot": [81.75, 83], "ref": "shine", "loc": [81.75, 83]}]}], "id": "~shine_a"}], "md5": "83b0651219635270a6a312ee6147f322", "textureGroups": [{"atlases": [{"textures": [{"origin": [0, 0], "symbol": "background", "rect": [1, 1, 1280, 768]}, {"origin": [116.5, 88], "symbol": "chair", "rect": [1, 771, 233, 176]}, {"origin": [81.75, 83], "symbol": "shine", "rect": [236, 771, 164, 166]}, {"origin": [72, 91.5], "symbol": "light", "rect": [402, 771, 144, 183]}, {"origin": [39, 37.25], "symbol": "screen", "rect": [236, 939, 78, 75]}, {"origin": [8, 8], "symbol": "green_light", "rect": [316, 939, 16, 16]}, {"origin": [7.5, 7.5], "symbol": "red_light", "rect": [334, 939, 15, 15]}, {"origin": [5.75, 3.25], "symbol": "leaf1", "rect": [351, 939, 12, 7]}, {"origin": [5.75, 3.25], "symbol": "leaf2", "rect": [365, 939, 12, 7]}], "file": "atlas0.atf"}], "scaleFactor": 1}], "isNamespaced": false}