<xmlui modify="2016-10-17 17:11:29" scale="0.5" textureType="png"><libraryItem libraryName="_fonts" itemType="folder" folder=""><element type="instance" name="Layer 1" width="1500" height="554.175" libraryItem="window"/></libraryItem><libraryItem libraryName="buttons" itemType="folder" folder=""><element type="instance" name="Layer 1" width="1500" height="554.175" libraryItem="window"/></libraryItem><libraryItem libraryName="back" itemType="movie clip" folder="" linkageClassName="back"><scalingGrid left="27.625" right="82.875" top="15.375" bottom="46.125"/><element type="instance" name="Слой 2" width="110.5" height="61.5" libraryItem="Растровое изображение 1"/></libraryItem><libraryItem libraryName="blank_clip" itemType="movie clip" folder=""/><libraryItem libraryName="buttonPanel" itemType="movie clip" folder=""><element type="instance" name="bt_next" width="128" height="128" scaleX="2.000030517578125" scaleY="2.000030517578125" libraryItem="buttons/bt_add"><property name="ui_type"><![CDATA[button]]></property></element></libraryItem><libraryItem libraryName="buttons/add h" itemType="movie clip" folder="buttons" linkageClassName="addh"><element type="instance" name="Layer 1" width="64" height="64" libraryItem="buttons/bt_add_h.png"/></libraryItem><libraryItem libraryName="buttons/add n" itemType="movie clip" folder="buttons" linkageClassName="addn"><element type="instance" name="Layer 1" width="64" height="64" libraryItem="buttons/bt_add_n.png"/></libraryItem><libraryItem libraryName="buttons/add p" itemType="movie clip" folder="buttons" linkageClassName="addp"><element type="instance" name="Layer 1" width="64" height="64" libraryItem="buttons/bt_add_p.png"/></libraryItem><libraryItem libraryName="buttons/bt close h" itemType="movie clip" folder="buttons" linkageClassName="btcloseh"><element type="instance" name="Layer 1" width="64" height="64" libraryItem="buttons/bt_board_h.png"/></libraryItem><libraryItem libraryName="buttons/bt close n" itemType="movie clip" folder="buttons" linkageClassName="btclosen"><element type="instance" name="Layer 1" width="64" height="64" libraryItem="buttons/bt_board_n.png"/></libraryItem><libraryItem libraryName="buttons/bt close p" itemType="movie clip" folder="buttons" linkageClassName="btclosep"><element type="instance" name="Layer 1" width="64" height="64" libraryItem="buttons/bt_board_p.png"/></libraryItem><libraryItem libraryName="buttons/bt_add" itemType="movie clip" folder="buttons" linkageClassName="bt_add"><element type="image" name="_out" width="64" height="64" libraryItem="buttons/add n"/><element type="image" name="_over" width="64" height="64" libraryItem="buttons/add h"/><element type="image" name="_down" width="64" height="64" libraryItem="buttons/add p"/></libraryItem><libraryItem libraryName="buttons/bt_close" itemType="movie clip" folder="buttons" linkageClassName="bt_close"><element type="image" name="_out" width="64" height="64" libraryItem="buttons/bt close n"/><element type="image" name="_over" width="64" height="64" libraryItem="buttons/bt close h"/><element type="image" name="_down" width="64" height="64" libraryItem="buttons/bt close p"/></libraryItem><libraryItem libraryName="dialog_panel" itemType="movie clip" folder=""><element type="text" name="name_text" width="299.85" height="76.975" scaleX="0.9999847412109375" lineType="single line" orientation="horizontal"><textFormat size="0" face="Balsamiq Sans" fillColor="#ffffff" alignment="center" bold="false" italic="false"/><textString><![CDATA[name_text]]></textString></element><element type="text" name="message_text" x="114.175" y="81.3" width="771.8" height="185.275" scaleX="0.9999847412109375" lineType="single line" orientation="horizontal"><textFormat size="40" face="Balsamiq Sans" fillColor="#463e3e" alignment="center" bold="false" italic="false"/><textString><![CDATA[message_text]]></textString></element><element type="instance" name="buttonPanel" x="860" y="174.775" width="128" height="128" scaleX="0.9999847412109375" libraryItem="buttonPanel"><property name="ui_type"><![CDATA[panel]]></property><property name="ui_panel_horizontal_align"><![CDATA[right]]></property></element><element type="instance" name="main-panel" x="3.35" y="38.275" width="982.225" height="224.525" scaleX="1.1999969482421875" scaleY="1.2870330810546875" libraryItem="replic_panel"><property name="ui_type"><![CDATA[panel]]></property><property name="ui_panel_background_skin"><![CDATA[bg]]></property></element></libraryItem><libraryItem libraryName="replic_panel" itemType="movie clip" folder=""><element type="image" name="bg" width="818.525" height="174.45" scaleX="7.407470703125" scaleY="2.836578369140625" libraryItem="back"/></libraryItem><libraryItem libraryName="window" itemType="movie clip" folder=""><element type="instance" name="bt_close" x="16.625" y="251.525" width="192" height="192" scaleX="3" scaleY="2.99993896484375" libraryItem="buttons/bt_close"><property name="ui_type"><![CDATA[button]]></property><property name="button_signal"><![CDATA[close]]></property></element><element type="instance" name="dialog-panel" width="1482" height="454.175" scaleX="1.5" scaleY="1.5" libraryItem="dialog_panel"><property name="ui_type"><![CDATA[dialog_panel]]></property></element><element type="instance" name="items_panel" y="38" width="0" height="0" libraryItem="blank_clip"><property name="ui_type"><![CDATA[panel]]></property></element><element type="instance" name="characters_panel" y="190.075" width="0" height="0" libraryItem="blank_clip"><property name="ui_type"><![CDATA[panel]]></property></element><element type="shape" name="window_bounds" x="745.15" y="152.5" width="1500" height="505"/></libraryItem><libraryItem libraryName="buttons/bt_add_h.png" itemType="bitmap" folder="buttons" bitmapIndex="0.png"><element type="instance" name="Layer 1" width="1500" height="554.175" libraryItem="window"/></libraryItem><libraryItem libraryName="buttons/bt_add_n.png" itemType="bitmap" folder="buttons" bitmapIndex="1.png"><element type="instance" name="Layer 1" width="1500" height="554.175" libraryItem="window"/></libraryItem><libraryItem libraryName="buttons/bt_add_p.png" itemType="bitmap" folder="buttons" bitmapIndex="2.png"><element type="instance" name="Layer 1" width="1500" height="554.175" libraryItem="window"/></libraryItem><libraryItem libraryName="buttons/bt_board_h.png" itemType="bitmap" folder="buttons" bitmapIndex="3.png"><element type="instance" name="Layer 1" width="1500" height="554.175" libraryItem="window"/></libraryItem><libraryItem libraryName="buttons/bt_board_n.png" itemType="bitmap" folder="buttons" bitmapIndex="4.png"><element type="instance" name="Layer 1" width="1500" height="554.175" libraryItem="window"/></libraryItem><libraryItem libraryName="buttons/bt_board_p.png" itemType="bitmap" folder="buttons" bitmapIndex="5.png"><element type="instance" name="Layer 1" width="1500" height="554.175" libraryItem="window"/></libraryItem><libraryItem libraryName="Растровое изображение 1" itemType="bitmap" folder="" bitmapIndex="6.png"><element type="instance" name="Layer 1" width="1500" height="554.175" libraryItem="window"/></libraryItem><libraryItem libraryName="_fonts/MyriadPro" itemType="font" folder="_fonts"><element type="instance" name="Layer 1" width="1500" height="554.175" libraryItem="window"/></libraryItem><libraryItem libraryName="_fonts/Verdana" itemType="font" folder="_fonts"><element type="instance" name="Layer 1" width="1500" height="554.175" libraryItem="window"/></libraryItem><libraryItem libraryName="_fonts/VerdanaItalic" itemType="font" folder="_fonts"><element type="instance" name="Layer 1" width="1500" height="554.175" libraryItem="window"/></libraryItem><libraryItem libraryName="_fonts/MyriadProBold" itemType="font" folder="_fonts"><element type="instance" name="Layer 1" width="1500" height="554.175" libraryItem="window"/></libraryItem></xmlui>