{"textureFormat": "atf", "frameRate": 24, "movies": [{"layers": [{"name": "container", "keyframes": [{"index": 0, "scale": [1.4227, 1], "tweened": false, "duration": 1, "alpha": 0, "ref": "cont"}]}], "id": "bounds"}, {"layers": [{"name": "_down", "keyframes": [{"duration": 1, "index": 0}]}, {"name": "_over", "keyframes": [{"duration": 1, "index": 0}]}, {"name": "_out", "keyframes": [{"duration": 1, "index": 0}]}], "id": "bt_arrow"}, {"layers": [{"name": "_down", "keyframes": [{"duration": 1, "index": 0, "ref": "cancelp", "tweened": false}]}, {"name": "_over", "keyframes": [{"duration": 1, "index": 0, "ref": "cancelh", "tweened": false}]}, {"name": "_out", "keyframes": [{"duration": 1, "index": 0, "ref": "canceln", "tweened": false}]}], "id": "bt_cancel"}, {"layers": [{"name": "_down", "keyframes": [{"duration": 1, "index": 0, "ref": "btclosep", "tweened": false}]}, {"name": "_over", "keyframes": [{"duration": 1, "index": 0, "ref": "btcloseh", "tweened": false}]}, {"name": "_out", "keyframes": [{"duration": 1, "index": 0, "ref": "btclosen", "tweened": false}]}], "id": "bt_close"}, {"layers": [{"name": "_down", "keyframes": [{"duration": 1, "index": 0, "ref": "enterp", "tweened": false}]}, {"name": "_over", "keyframes": [{"duration": 1, "index": 0, "ref": "enterh", "tweened": false}]}, {"name": "_out", "keyframes": [{"duration": 1, "index": 0, "ref": "entern", "tweened": false}]}], "id": "bt_enter"}, {"layers": [{"name": "_disable", "keyframes": [{"duration": 1, "index": 0, "ref": "nightd", "tweened": false, "alpha": 0.5}]}, {"name": "_down", "keyframes": [{"loc": [18, 18], "index": 0, "tweened": false, "duration": 1, "pivot": [18, 18], "ref": "nightp"}]}, {"name": "_over", "keyframes": [{"loc": [18, 18], "index": 0, "tweened": false, "duration": 1, "pivot": [18, 18], "ref": "nighth"}]}, {"name": "_out", "keyframes": [{"loc": [18, 18], "index": 0, "tweened": false, "duration": 1, "pivot": [18, 18], "ref": "nighth"}]}], "id": "bt_night"}, {"layers": [{"name": "_disable", "keyframes": [{"index": 0, "loc": [18, 18], "tweened": false, "pivot": [18, 18], "duration": 1, "alpha": 0.5, "ref": "shadowd"}]}, {"name": "_down", "keyframes": [{"loc": [18, 18], "index": 0, "tweened": false, "duration": 1, "pivot": [18, 18], "ref": "shadowp"}]}, {"name": "_over", "keyframes": [{"loc": [18, 18], "index": 0, "tweened": false, "duration": 1, "pivot": [18, 18], "ref": "shadowh"}]}, {"name": "_out", "keyframes": [{"duration": 1, "index": 0, "ref": "shadown", "tweened": false}]}], "id": "bt_shadows"}, {"layers": [{"name": "_disable", "keyframes": [{"index": 0, "loc": [18, 18], "tweened": false, "pivot": [18, 18], "duration": 1, "alpha": 0.5, "ref": "wordsd"}]}, {"name": "_down", "keyframes": [{"loc": [18, 18], "index": 0, "tweened": false, "duration": 1, "pivot": [18, 18], "ref": "wordsp"}]}, {"name": "_over", "keyframes": [{"loc": [18, 18], "index": 0, "tweened": false, "duration": 1, "pivot": [18, 18], "ref": "wordsh"}]}, {"name": "_out", "keyframes": [{"duration": 1, "index": 0, "ref": "wordsn", "tweened": false}]}], "id": "bt_words"}, {"layers": [{"name": "_disable", "keyframes": [{"duration": 1, "index": 0}]}, {"name": "_down", "keyframes": [{"loc": [18, 18], "index": 0, "tweened": false, "duration": 1, "pivot": [18, 18], "ref": "zoomp"}]}, {"name": "_over", "keyframes": [{"loc": [18, 18], "index": 0, "tweened": false, "duration": 1, "pivot": [18, 18], "ref": "zoomh"}]}, {"name": "_out", "keyframes": [{"duration": 1, "index": 0, "ref": "zoomn", "tweened": false}]}], "id": "bt_zoom"}, {"layers": [{"name": "confirm_button", "keyframes": [{"duration": 1, "index": 0, "ref": "bt_enter", "tweened": false}]}], "id": "confirm_button"}, {"layers": [{"name": "panel_bg", "keyframes": [{"loc": [-0.0125, 0.5], "index": 0, "tweened": false, "duration": 1, "pivot": [-0.0125, 0.5], "ref": "bg"}]}, {"name": "image", "keyframes": [{"index": 0, "loc": [74.5875, 56.1875], "skew": [-0.0605, -0.0605], "tweened": false, "duration": 1, "ref": "item"}]}, {"name": "buttons_container", "keyframes": [{"duration": 1, "index": 0, "ref": "bounds", "tweened": false, "loc": [0.3, 157.6375]}]}], "id": "control"}, {"layers": [{"name": "icon", "keyframes": [{"duration": 1, "index": 0, "ref": "energy", "tweened": false, "loc": [0, 1.75]}]}], "id": "energyLabel"}, {"layers": [{"name": "image_container", "keyframes": [{"duration": 1, "index": 0}]}], "id": "item"}, {"layers": [{"name": "\u0421\u043b\u043e\u0439 1", "keyframes": [{"duration": 1, "index": 0}]}], "id": "main"}, {"layers": [{"name": "mode_zoom", "keyframes": [{"duration": 1, "index": 0, "ref": "bt_zoom", "tweened": false, "loc": [88, 0]}]}, {"name": "mode_time", "keyframes": [{"duration": 1, "index": 0, "ref": "~buttons/bt_time", "tweened": false, "loc": [66, 0]}]}, {"name": "mode_night", "keyframes": [{"duration": 1, "index": 0, "ref": "bt_night", "tweened": false, "loc": [44, 0]}]}, {"name": "mode_shadows", "keyframes": [{"duration": 1, "index": 0, "ref": "bt_shadows", "tweened": false, "loc": [22, 0]}]}, {"name": "mode_words", "keyframes": [{"duration": 1, "index": 0, "ref": "bt_words", "tweened": false}]}, {"name": "mode_arrow", "keyframes": [{"duration": 1, "index": 0}]}], "id": "roomModePanel"}, {"layers": [{"name": "\u0421\u043b\u043e\u0439 1", "keyframes": [{"index": 0, "loc": [11, 11], "tweened": false, "label": "words", "duration": 1, "pivot": [11, 11], "ref": "wordsn"}, {"index": 1, "loc": [11, 11], "tweened": false, "label": "shadows", "duration": 1, "pivot": [11, 11], "ref": "shadown"}, {"index": 2, "loc": [11, 11], "tweened": false, "label": "night", "duration": 1, "pivot": [11, 11], "ref": "nightn"}, {"index": 3, "loc": [11, 11], "tweened": false, "label": "time_mode", "duration": 1, "pivot": [11, 11], "ref": "timen"}, {"index": 4, "loc": [11, 11], "tweened": false, "label": "zoom_mode", "duration": 1, "pivot": [11, 11], "ref": "zoomn"}]}], "id": "selected_mode"}, {"layers": [{"name": "simple_button", "keyframes": [{"duration": 1, "index": 0, "ref": "bt_cancel", "tweened": false}]}], "id": "simple_button"}, {"layers": [{"name": "mask", "keyframes": [{"duration": 1, "index": 0, "ref": "mask", "tweened": false}]}, {"name": "status1", "keyframes": [{"loc": [18, 18], "index": 0, "tweened": false, "duration": 1, "pivot": [18, 18], "ref": "status1"}]}, {"name": "radial_marker", "keyframes": [{"duration": 1, "index": 0, "ref": "status2", "tweened": false}]}, {"name": "puzzle", "keyframes": [{"loc": [19.75, 17.5], "index": 0, "tweened": false, "duration": 1, "pivot": [11, 11], "ref": "puzzle"}]}], "id": "status"}, {"layers": [{"name": "_down", "keyframes": [{"loc": [11, 11], "index": 0, "tweened": false, "duration": 1, "pivot": [11, 11], "ref": "timep"}]}, {"name": "_over", "keyframes": [{"loc": [11, 11], "index": 0, "tweened": false, "duration": 1, "pivot": [11, 11], "ref": "timeh"}]}, {"name": "_out", "keyframes": [{"loc": [11, 11], "index": 0, "tweened": false, "duration": 1, "pivot": [11, 11], "ref": "timen"}]}], "id": "~buttons/bt_time"}], "md5": "53ff40c883b73b35b0523a56d90e87c0", "textureGroups": [{"atlases": [{"textures": [{"origin": [0, 0], "symbol": "bg", "rect": [1, 1, 238, 211]}, {"origin": [0, 0], "symbol": "cancelh", "rect": [1, 214, 110, 35]}, {"origin": [0, 0], "symbol": "canceln", "rect": [113, 214, 110, 35]}, {"origin": [0, 0], "symbol": "nightp", "rect": [225, 214, 22, 22]}], "file": "atlas0.atf"}, {"textures": [{"origin": [0, 0], "symbol": "enterp", "rect": [1, 1, 110, 35]}, {"origin": [0, 0], "symbol": "entern", "rect": [1, 38, 110, 35]}, {"origin": [0, 0], "symbol": "cancelp", "rect": [1, 75, 110, 35]}, {"origin": [0, 0], "symbol": "enterh", "rect": [1, 112, 110, 35]}, {"origin": [0, 0], "symbol": "cont", "rect": [1, 149, 125, 27]}, {"origin": [0, 0], "symbol": "status2", "rect": [1, 178, 36, 36]}, {"origin": [0, 0], "symbol": "mask", "rect": [1, 216, 36, 36]}, {"origin": [0, 0], "symbol": "status1", "rect": [39, 178, 36, 36]}, {"origin": [0, 0], "symbol": "btclosep", "rect": [39, 216, 31, 20]}, {"origin": [0, 0], "symbol": "btcloseh", "rect": [72, 216, 31, 20]}, {"origin": [0, 0], "symbol": "btclosen", "rect": [77, 178, 31, 20]}, {"origin": [0, 0], "symbol": "nighth", "rect": [105, 200, 22, 22]}, {"origin": [0, 0], "symbol": "nightd", "rect": [105, 224, 22, 22]}], "file": "atlas1.atf"}, {"textures": [{"origin": [0, 0], "symbol": "nightn", "rect": [1, 1, 22, 22]}, {"origin": [0, 0], "symbol": "shadowh", "rect": [1, 25, 22, 22]}, {"origin": [0, 0], "symbol": "shadowd", "rect": [1, 49, 22, 22]}, {"origin": [0, 0], "symbol": "timeh", "rect": [1, 73, 22, 22]}, {"origin": [0, 0], "symbol": "wordsd", "rect": [1, 97, 22, 22]}, {"origin": [0, 0], "symbol": "wordsh", "rect": [25, 1, 22, 22]}, {"origin": [0, 0], "symbol": "wordsn", "rect": [49, 1, 22, 22]}, {"origin": [0, 0], "symbol": "wordsp", "rect": [73, 1, 22, 22]}, {"origin": [0, 0], "symbol": "zoomh", "rect": [97, 1, 22, 22]}, {"origin": [0, 0], "symbol": "zoomn", "rect": [25, 25, 22, 22]}, {"origin": [0, 0], "symbol": "zoomp", "rect": [25, 49, 22, 22]}, {"origin": [0, 0], "symbol": "timen", "rect": [25, 73, 22, 22]}, {"origin": [0, 0], "symbol": "energy", "rect": [25, 97, 22, 22]}, {"origin": [0, 0], "symbol": "timep", "rect": [49, 25, 22, 22]}, {"origin": [0, 0], "symbol": "puzzle", "rect": [73, 25, 22, 22]}, {"origin": [0, 0], "symbol": "shadown", "rect": [97, 25, 22, 22]}, {"origin": [0, 0], "symbol": "shadowp", "rect": [49, 49, 22, 22]}], "file": "atlas2.atf"}], "scaleFactor": 1}], "isNamespaced": false}