<xmlui modify="2016-11-01 16:33:08" scale="0.5" textureType="png"><libraryItem libraryName="apple" itemType="movie clip" folder="" linkageClassName="apple"><element type="instance" name="Слой 1" width="50" height="50" libraryItem="apple.png"/></libraryItem><libraryItem libraryName="bandages" itemType="movie clip" folder="" linkageClassName="bandages"><element type="instance" name="Слой 1" width="50" height="50" libraryItem="bandages.png"/></libraryItem><libraryItem libraryName="blister" itemType="movie clip" folder="" linkageClassName="blister"><element type="instance" name="Слой 1" width="50" height="50" libraryItem="blister.png"/></libraryItem><libraryItem libraryName="book" itemType="movie clip" folder="" linkageClassName="book"><element type="instance" name="Слой 1" width="50" height="50" libraryItem="book.png"/></libraryItem><libraryItem libraryName="bottle" itemType="movie clip" folder="" linkageClassName="bottle"><element type="instance" name="Слой 1" width="50" height="50" libraryItem="bottle.png"/></libraryItem><libraryItem libraryName="comb" itemType="movie clip" folder="" linkageClassName="comb"><element type="instance" name="Слой 1" width="50" height="50" libraryItem="comb.png"/></libraryItem><libraryItem libraryName="cosmeticbag" itemType="movie clip" folder="" linkageClassName="cosmeticbag"><element type="instance" name="Слой 1" width="50" height="50" libraryItem="cosmeticbag.png"/></libraryItem><libraryItem libraryName="dropcounter" itemType="movie clip" folder="" linkageClassName="dropcounter"><element type="instance" name="Слой 1" width="50" height="50" libraryItem="dropcounter.png"/></libraryItem><libraryItem libraryName="glass" itemType="movie clip" folder="" linkageClassName="glass"><element type="instance" name="Слой 1" width="50" height="50" libraryItem="glass.png"/></libraryItem><libraryItem libraryName="gloves" itemType="movie clip" folder="" linkageClassName="gloves"><element type="instance" name="Слой 1" width="50" height="50" libraryItem="gloves.png"/></libraryItem><libraryItem libraryName="handbag" itemType="movie clip" folder="" linkageClassName="handbag"><element type="instance" name="Слой 1" width="50" height="50" libraryItem="handbag.png"/></libraryItem><libraryItem libraryName="headphones" itemType="movie clip" folder="" linkageClassName="headphones"><element type="instance" name="Слой 1" width="50" height="50" libraryItem="headphones.png"/></libraryItem><libraryItem libraryName="laptop" itemType="movie clip" folder="" linkageClassName="laptop"><element type="instance" name="Слой 1" width="50" height="50" libraryItem="laptop.png"/></libraryItem><libraryItem libraryName="mask" itemType="movie clip" folder="" linkageClassName="mask"><element type="instance" name="Слой 1" width="50" height="50" libraryItem="mask.png"/></libraryItem><libraryItem libraryName="medicalgown" itemType="movie clip" folder="" linkageClassName="medicalgown"><element type="instance" name="Слой 1" width="50" height="50" libraryItem="medicalgown.png"/></libraryItem><libraryItem libraryName="newspaper" itemType="movie clip" folder="" linkageClassName="newspaper"><element type="instance" name="Слой 1" width="50" height="50" libraryItem="newspaper.png"/></libraryItem><libraryItem libraryName="notebook" itemType="movie clip" folder="" linkageClassName="notebook"><element type="instance" name="Слой 1" width="50" height="50" libraryItem="notebook.png"/></libraryItem><libraryItem libraryName="orange" itemType="movie clip" folder="" linkageClassName="orange"><element type="instance" name="Слой 1" width="50" height="50" libraryItem="orange.png"/></libraryItem><libraryItem libraryName="oxygenmas" itemType="movie clip" folder="" linkageClassName="oxygenmas"><element type="instance" name="Слой 1" width="50" height="50" libraryItem="oxygenmas.png"/></libraryItem><libraryItem libraryName="phone" itemType="movie clip" folder="" linkageClassName="phone"><element type="instance" name="Слой 1" width="50" height="50" libraryItem="phone.png"/></libraryItem><libraryItem libraryName="pillow" itemType="movie clip" folder="" linkageClassName="pillow"><element type="instance" name="Слой 1" width="50" height="50" libraryItem="pillow.png"/></libraryItem><libraryItem libraryName="prescription" itemType="movie clip" folder="" linkageClassName="prescription"><element type="instance" name="Слой 1" width="50" height="50" libraryItem="prescription.png"/></libraryItem><libraryItem libraryName="record" itemType="movie clip" folder="" linkageClassName="record"><element type="instance" name="Слой 1" width="50" height="50" libraryItem="record.png"/></libraryItem><libraryItem libraryName="shadows" itemType="movie clip" folder="" linkageClassName="shadows"><element type="image" name="wipes" x="200" y="250" width="50" height="50" libraryItem="wipes"/><element type="image" name="vial" x="150" y="250" width="50" height="50" libraryItem="vial"/><element type="image" name="vase" x="100" y="250" width="50" height="50" libraryItem="vase"/><element type="image" name="towel" x="50" y="250" width="50" height="50" libraryItem="towel"/><element type="image" name="thermometer" y="250" width="50" height="50" libraryItem="thermometer"/><element type="image" name="sunglasses" x="200" y="200" width="50" height="50" libraryItem="sunglasses"/><element type="image" name="slippers" x="150" y="200" width="50" height="50" libraryItem="slippers"/><element type="image" name="record" x="100" y="200" width="50" height="50" libraryItem="record"/><element type="image" name="prescription" x="50" y="200" width="50" height="50" libraryItem="prescription"/><element type="image" name="pillow" y="200" width="50" height="50" libraryItem="pillow"/><element type="image" name="phone" x="200" y="150" width="50" height="50" libraryItem="phone"/><element type="image" name="oxygenmas" x="150" y="150" width="50" height="50" libraryItem="oxygenmas"/><element type="image" name="orange" x="100" y="150" width="50" height="50" libraryItem="orange"/><element type="image" name="notebook" x="50" y="150" width="50" height="50" libraryItem="notebook"/><element type="image" name="newspaper" y="150" width="50" height="50" libraryItem="newspaper"/><element type="image" name="medicalgown" x="200" y="100" width="50" height="50" libraryItem="medicalgown"/><element type="image" name="mask" x="150" y="100" width="50" height="50" libraryItem="mask"/><element type="image" name="laptop" x="100" y="100" width="50" height="50" libraryItem="laptop"/><element type="image" name="headphones" x="50" y="100" width="50" height="50" libraryItem="headphones"/><element type="image" name="handbag" y="100" width="50" height="50" libraryItem="handbag"/><element type="image" name="gloves" x="200" y="50" width="50" height="50" libraryItem="gloves"/><element type="image" name="glass" x="150" y="50" width="50" height="50" libraryItem="glass"/><element type="image" name="dropcounter" x="100" y="50" width="50" height="50" libraryItem="dropcounter"/><element type="image" name="cosmeticbag" x="50" y="50" width="50" height="50" libraryItem="cosmeticbag"/><element type="image" name="comb" y="50" width="50" height="50" libraryItem="comb"/><element type="image" name="bottle" x="200" width="50" height="50" libraryItem="bottle"/><element type="image" name="book" x="150" width="50" height="50" libraryItem="book"/><element type="image" name="blister" x="100" width="50" height="50" libraryItem="blister"/><element type="image" name="bandages" x="50" width="50" height="50" libraryItem="bandages"/><element type="image" name="apple" width="50" height="50" libraryItem="apple"/></libraryItem><libraryItem libraryName="wipes" itemType="movie clip" folder="" linkageClassName="wipes"><element type="instance" name="Слой 1" width="50" height="50" libraryItem="wipes.png"/></libraryItem><libraryItem libraryName="vial" itemType="movie clip" folder="" linkageClassName="vial"><element type="instance" name="Слой 1" width="50" height="50" libraryItem="vial.png"/></libraryItem><libraryItem libraryName="vase" itemType="movie clip" folder="" linkageClassName="vase"><element type="instance" name="Слой 1" width="50" height="50" libraryItem="vase.png"/></libraryItem><libraryItem libraryName="towel" itemType="movie clip" folder="" linkageClassName="towel"><element type="instance" name="Слой 1" width="50" height="50" libraryItem="towel.png"/></libraryItem><libraryItem libraryName="thermometer" itemType="movie clip" folder="" linkageClassName="thermometer"><element type="instance" name="Слой 1" width="50" height="50" libraryItem="thermometer.png"/></libraryItem><libraryItem libraryName="sunglasses" itemType="movie clip" folder="" linkageClassName="sunglasses"><element type="instance" name="Слой 1" width="50" height="50" libraryItem="sunglasses.png"/></libraryItem><libraryItem libraryName="slippers" itemType="movie clip" folder="" linkageClassName="slippers"><element type="instance" name="Слой 1" width="50" height="50" libraryItem="slippers.png"/></libraryItem><libraryItem libraryName="apple.png" itemType="bitmap" folder="" bitmapIndex="0.png"><element type="instance" name="shadows" width="250" height="300" libraryItem="shadows"/></libraryItem><libraryItem libraryName="bandages.png" itemType="bitmap" folder="" bitmapIndex="1.png"><element type="instance" name="shadows" width="250" height="300" libraryItem="shadows"/></libraryItem><libraryItem libraryName="blister.png" itemType="bitmap" folder="" bitmapIndex="2.png"><element type="instance" name="shadows" width="250" height="300" libraryItem="shadows"/></libraryItem><libraryItem libraryName="book.png" itemType="bitmap" folder="" bitmapIndex="3.png"><element type="instance" name="shadows" width="250" height="300" libraryItem="shadows"/></libraryItem><libraryItem libraryName="bottle.png" itemType="bitmap" folder="" bitmapIndex="4.png"><element type="instance" name="shadows" width="250" height="300" libraryItem="shadows"/></libraryItem><libraryItem libraryName="comb.png" itemType="bitmap" folder="" bitmapIndex="5.png"><element type="instance" name="shadows" width="250" height="300" libraryItem="shadows"/></libraryItem><libraryItem libraryName="cosmeticbag.png" itemType="bitmap" folder="" bitmapIndex="6.png"><element type="instance" name="shadows" width="250" height="300" libraryItem="shadows"/></libraryItem><libraryItem libraryName="dropcounter.png" itemType="bitmap" folder="" bitmapIndex="7.png"><element type="instance" name="shadows" width="250" height="300" libraryItem="shadows"/></libraryItem><libraryItem libraryName="glass.png" itemType="bitmap" folder="" bitmapIndex="8.png"><element type="instance" name="shadows" width="250" height="300" libraryItem="shadows"/></libraryItem><libraryItem libraryName="gloves.png" itemType="bitmap" folder="" bitmapIndex="9.png"><element type="instance" name="shadows" width="250" height="300" libraryItem="shadows"/></libraryItem><libraryItem libraryName="handbag.png" itemType="bitmap" folder="" bitmapIndex="10.png"><element type="instance" name="shadows" width="250" height="300" libraryItem="shadows"/></libraryItem><libraryItem libraryName="headphones.png" itemType="bitmap" folder="" bitmapIndex="11.png"><element type="instance" name="shadows" width="250" height="300" libraryItem="shadows"/></libraryItem><libraryItem libraryName="laptop.png" itemType="bitmap" folder="" bitmapIndex="12.png"><element type="instance" name="shadows" width="250" height="300" libraryItem="shadows"/></libraryItem><libraryItem libraryName="mask.png" itemType="bitmap" folder="" bitmapIndex="13.png"><element type="instance" name="shadows" width="250" height="300" libraryItem="shadows"/></libraryItem><libraryItem libraryName="medicalgown.png" itemType="bitmap" folder="" bitmapIndex="14.png"><element type="instance" name="shadows" width="250" height="300" libraryItem="shadows"/></libraryItem><libraryItem libraryName="newspaper.png" itemType="bitmap" folder="" bitmapIndex="15.png"><element type="instance" name="shadows" width="250" height="300" libraryItem="shadows"/></libraryItem><libraryItem libraryName="notebook.png" itemType="bitmap" folder="" bitmapIndex="16.png"><element type="instance" name="shadows" width="250" height="300" libraryItem="shadows"/></libraryItem><libraryItem libraryName="orange.png" itemType="bitmap" folder="" bitmapIndex="17.png"><element type="instance" name="shadows" width="250" height="300" libraryItem="shadows"/></libraryItem><libraryItem libraryName="oxygenmas.png" itemType="bitmap" folder="" bitmapIndex="18.png"><element type="instance" name="shadows" width="250" height="300" libraryItem="shadows"/></libraryItem><libraryItem libraryName="phone.png" itemType="bitmap" folder="" bitmapIndex="19.png"><element type="instance" name="shadows" width="250" height="300" libraryItem="shadows"/></libraryItem><libraryItem libraryName="pillow.png" itemType="bitmap" folder="" bitmapIndex="20.png"><element type="instance" name="shadows" width="250" height="300" libraryItem="shadows"/></libraryItem><libraryItem libraryName="prescription.png" itemType="bitmap" folder="" bitmapIndex="21.png"><element type="instance" name="shadows" width="250" height="300" libraryItem="shadows"/></libraryItem><libraryItem libraryName="record.png" itemType="bitmap" folder="" bitmapIndex="22.png"><element type="instance" name="shadows" width="250" height="300" libraryItem="shadows"/></libraryItem><libraryItem libraryName="slippers.png" itemType="bitmap" folder="" bitmapIndex="23.png"><element type="instance" name="shadows" width="250" height="300" libraryItem="shadows"/></libraryItem><libraryItem libraryName="sunglasses.png" itemType="bitmap" folder="" bitmapIndex="24.png"><element type="instance" name="shadows" width="250" height="300" libraryItem="shadows"/></libraryItem><libraryItem libraryName="thermometer.png" itemType="bitmap" folder="" bitmapIndex="25.png"><element type="instance" name="shadows" width="250" height="300" libraryItem="shadows"/></libraryItem><libraryItem libraryName="towel.png" itemType="bitmap" folder="" bitmapIndex="26.png"><element type="instance" name="shadows" width="250" height="300" libraryItem="shadows"/></libraryItem><libraryItem libraryName="vase.png" itemType="bitmap" folder="" bitmapIndex="27.png"><element type="instance" name="shadows" width="250" height="300" libraryItem="shadows"/></libraryItem><libraryItem libraryName="vial.png" itemType="bitmap" folder="" bitmapIndex="28.png"><element type="instance" name="shadows" width="250" height="300" libraryItem="shadows"/></libraryItem><libraryItem libraryName="wipes.png" itemType="bitmap" folder="" bitmapIndex="29.png"><element type="instance" name="shadows" width="250" height="300" libraryItem="shadows"/></libraryItem></xmlui>