{"isNamespaced":false,"textureGroups":[{"atlases":[{"file":"atlas0.png","textures":[{"symbol":"character_normal","origin":[0,0],"rect":[1,1,289,359]},{"symbol":"character_funny","origin":[0,0],"rect":[1,362,289,359]}]},{"file":"atlas1.png","textures":[{"symbol":"character_surprised","origin":[0,0],"rect":[1,1,289,359]},{"symbol":"character_smile","origin":[0,0],"rect":[1,362,289,359]}]},{"file":"atlas2.png","textures":[{"symbol":"character_angry","origin":[0,0],"rect":[1,1,275,350]}]},{"file":"atlas3.png","textures":[{"symbol":"character_small_smile","origin":[0,0],"rect":[1,1,275,350]}]}],"scaleFactor":1}],"movies":[{"layers":[{"keyframes":[{"duration":1,"tweened":false,"index":0,"ref":"character_small_smile","label":"small_smile"},{"duration":1,"tweened":false,"index":1,"ref":"character_angry","label":"angry"},{"duration":1,"tweened":false,"index":2,"ref":"character_normal","label":"normal"},{"duration":1,"tweened":false,"index":3,"ref":"character_funny","label":"funny"},{"duration":1,"tweened":false,"index":4,"ref":"character_smile","label":"smile"},{"duration":1,"tweened":false,"index":5,"ref":"character_surprised","label":"surprised"}],"name":"emotions"}],"id":"character"}],"md5":"c12e99d0a6d1bec45211f9c5cfe05c4e","frameRate":24}