{"isNamespaced":false,"textureGroups":[{"scaleFactor":1,"atlases":[{"textures":[{"origin":[0,0],"rect":[1,1,289,359],"symbol":"character_small_smile"},{"origin":[0,0],"rect":[1,362,289,359],"symbol":"character_funny"}],"file":"atlas0.png"},{"textures":[{"origin":[0,0],"rect":[1,1,289,359],"symbol":"character_normal"},{"origin":[0,0],"rect":[1,362,289,359],"symbol":"character_angry"}],"file":"atlas1.png"},{"textures":[{"origin":[0,0],"rect":[1,1,289,359],"symbol":"character_smile"}],"file":"atlas2.png"},{"textures":[{"origin":[0,0],"rect":[1,1,289,359],"symbol":"character_surprised"}],"file":"atlas3.png"}]}],"movies":[{"id":"character","layers":[{"name":"emotions","keyframes":[{"duration":1,"tweened":false,"ref":"character_small_smile","index":0,"label":"small_smile"},{"duration":1,"tweened":false,"ref":"character_angry","index":1,"label":"angry"},{"duration":1,"tweened":false,"ref":"character_normal","index":2,"label":"normal"},{"duration":1,"tweened":false,"ref":"character_funny","index":3,"label":"funny"},{"duration":1,"tweened":false,"ref":"character_smile","index":4,"label":"smile"},{"duration":1,"tweened":false,"ref":"character_surprised","index":5,"label":"surprised"}]}]}],"md5":"74d609fb15f6983df3b4d0e26ef93e75","frameRate":24}