{"textureFormat": "atf", "frameRate": 24, "movies": [{"layers": [{"name": "origin", "keyframes": [{"loc": [623.25, 418.25], "index": 0, "tweened": false, "duration": 1, "pivot": [623.25, 418.25], "ref": "~bg/original"}]}], "id": "Room_Interiere"}, {"layers": [{"name": "[bounds]", "keyframes": [{"loc": [639.014, 383.2945], "scale": [1.9617, 1.5641], "index": 0, "tweened": false, "alpha": 0, "duration": 1, "pivot": [325.75, 245.05], "ref": "_bounds"}]}, {"name": "item:backpack_01", "keyframes": [{"loc": [617.5, 525], "index": 0, "tweened": false, "duration": 1, "pivot": [49, 63], "ref": "~itm/backpack_01"}]}, {"name": "item:backpack_03", "keyframes": [{"loc": [288, 569], "index": 0, "tweened": false, "duration": 1, "pivot": [73, 67.5], "ref": "~itm/backpack_03"}]}, {"name": "item:backpack_04", "keyframes": [{"loc": [511, 491.25], "index": 0, "tweened": false, "duration": 1, "pivot": [67.5, 35.75], "ref": "~itm/backpack_04"}]}, {"name": "item:baton_01", "keyframes": [{"loc": [774.5, 645.25], "index": 0, "tweened": false, "duration": 1, "pivot": [52.5, 57.25], "ref": "~itm/baton_01"}]}, {"name": "item:baton_02", "keyframes": [{"loc": [526.75, 341.25], "index": 0, "tweened": false, "duration": 1, "pivot": [23.25, 80.25], "ref": "~itm/baton_02"}]}, {"name": "item:baton_03", "keyframes": [{"loc": [88.25, 241.5], "index": 0, "tweened": false, "duration": 1, "pivot": [41.75, 103], "ref": "~itm/baton_03"}]}, {"name": "item:baton_04", "keyframes": [{"loc": [271, 498.25], "index": 0, "tweened": false, "duration": 1, "pivot": [36.5, 104.75], "ref": "~itm/baton_04"}]}, {"name": "item:boots_01", "keyframes": [{"loc": [418.25, 576.75], "index": 0, "tweened": false, "duration": 1, "pivot": [66.25, 35.25], "ref": "~itm/boots_01"}]}, {"name": "item:boots_03", "keyframes": [{"loc": [1132.75, 590.5], "index": 0, "tweened": false, "duration": 1, "pivot": [47.25, 36], "ref": "~itm/boots_03"}]}, {"name": "item:cable_02", "keyframes": [{"loc": [1143.25, 99.5], "index": 0, "tweened": false, "duration": 1, "pivot": [65.25, 54], "ref": "~itm/cable_02"}]}, {"name": "item:cable_04", "keyframes": [{"loc": [436.75, 397.25], "index": 0, "tweened": false, "duration": 1, "pivot": [51.25, 75.75], "ref": "~itm/cable_04"}]}, {"name": "item:exit_01", "keyframes": [{"loc": [42, 101], "index": 0, "tweened": false, "duration": 1, "pivot": [48, 32], "ref": "~itm/exit_01"}]}, {"name": "item:exit_02", "keyframes": [{"loc": [584.5, 272.75], "index": 0, "tweened": false, "duration": 1, "pivot": [35.5, 18.25], "ref": "~itm/exit_02"}]}, {"name": "item:exit_03", "keyframes": [{"loc": [205, 351.5], "index": 0, "tweened": false, "duration": 1, "pivot": [47, 19], "ref": "~itm/exit_03"}]}, {"name": "item:exit_04", "keyframes": [{"loc": [752.5, 111.5], "index": 0, "tweened": false, "duration": 1, "pivot": [63, 25], "ref": "~itm/exit_04"}]}, {"name": "item:glove_01", "keyframes": [{"loc": [396.5, 603.75], "index": 0, "tweened": false, "duration": 1, "pivot": [39.5, 22.75], "ref": "~itm/glove_01"}]}, {"name": "item:glove_03", "keyframes": [{"loc": [551, 426.5], "index": 0, "tweened": false, "duration": 1, "pivot": [22, 20.5], "ref": "~itm/glove_03"}]}, {"name": "item:glove_04", "keyframes": [{"loc": [739, 426.5], "index": 0, "tweened": false, "duration": 1, "pivot": [24.5, 25.5], "ref": "~itm/glove_04"}]}, {"name": "item:handcuff_01", "keyframes": [{"loc": [254, 197.25], "index": 0, "tweened": false, "duration": 1, "pivot": [23.5, 30.75], "ref": "~itm/handcuff_01"}]}, {"name": "item:handcuff_02", "keyframes": [{"loc": [897.75, 495.75], "index": 0, "tweened": false, "duration": 1, "pivot": [24.25, 31.25], "ref": "~itm/handcuff_02"}]}, {"name": "item:handcuff_03", "keyframes": [{"loc": [655.5, 613], "index": 0, "tweened": false, "duration": 1, "pivot": [52, 17], "ref": "~itm/handcuff_03"}]}, {"name": "item:handcuff_04", "keyframes": [{"loc": [607.5, 152], "index": 0, "tweened": false, "duration": 1, "pivot": [26, 31], "ref": "~itm/handcuff_04"}]}, {"name": "item:nosmoke_01", "keyframes": [{"loc": [85.5, 367], "index": 0, "tweened": false, "duration": 1, "pivot": [27, 29], "ref": "~itm/nosmoke_01"}]}, {"name": "item:nosmoke_02", "keyframes": [{"loc": [186.5, 114], "index": 0, "tweened": false, "duration": 1, "pivot": [20, 28], "ref": "~itm/nosmoke_02"}]}, {"name": "item:nosmoke_03", "keyframes": [{"loc": [211, 431], "index": 0, "tweened": false, "duration": 1, "pivot": [25, 29], "ref": "~itm/nosmoke_03"}]}, {"name": "item:nosmoke_04", "keyframes": [{"loc": [1038.5, 350], "index": 0, "tweened": false, "duration": 1, "pivot": [27, 27], "ref": "~itm/nosmoke_04"}]}, {"name": "item:tablet_01", "keyframes": [{"loc": [572, 645.5], "index": 0, "tweened": false, "duration": 1, "pivot": [70, 38], "ref": "~itm/tablet_01"}]}, {"name": "item:tablet_02", "keyframes": [{"loc": [33, 747.5], "index": 0, "tweened": false, "duration": 1, "pivot": [70, 48], "ref": "~itm/tablet_02"}]}, {"name": "item:tablet_03", "keyframes": [{"loc": [846.75, 392], "index": 0, "tweened": false, "duration": 1, "pivot": [45.25, 27], "ref": "~itm/tablet_03"}]}, {"name": "item:tablet_04", "keyframes": [{"loc": [252.75, 285.5], "index": 0, "tweened": false, "duration": 1, "pivot": [61.75, 64], "ref": "~itm/tablet_04"}]}, {"name": "item:gun_01", "keyframes": [{"loc": [872.5, 426], "index": 0, "tweened": false, "duration": 1, "pivot": [40, 17], "ref": "~itm/gun_01"}]}, {"name": "item:boots_02", "keyframes": [{"loc": [200.5, 298.5], "index": 0, "tweened": false, "duration": 1, "pivot": [47, 30], "ref": "~itm/boots_02"}]}, {"name": "item:gun_02", "keyframes": [{"loc": [522, 746], "index": 0, "tweened": false, "duration": 1, "pivot": [56, 21.5], "ref": "~itm/gun_02"}]}, {"name": "item:gun_03", "keyframes": [{"loc": [907.5, 697.75], "index": 0, "tweened": false, "duration": 1, "pivot": [52.5, 21.25], "ref": "~itm/gun_03"}]}, {"name": "item:gun_04", "keyframes": [{"loc": [225.75, 590], "index": 0, "tweened": false, "duration": 1, "pivot": [27.25, 45], "ref": "~itm/gun_04"}]}, {"name": "item:headphones_01", "keyframes": [{"loc": [763, 477], "index": 0, "tweened": false, "duration": 1, "pivot": [25, 34], "ref": "~itm/headphones_01"}]}, {"name": "item:headphones_02", "keyframes": [{"loc": [93.25, 751], "index": 0, "tweened": false, "duration": 1, "pivot": [53.25, 37], "ref": "~itm/headphones_02"}]}, {"name": "item:headphones_03", "keyframes": [{"loc": [846.75, 148.75], "index": 0, "tweened": false, "duration": 1, "pivot": [34.75, 40.25], "ref": "~itm/headphones_03"}]}, {"name": "item:headphones_04", "keyframes": [{"loc": [194.5, 626.25], "index": 0, "tweened": false, "duration": 1, "pivot": [41, 43.25], "ref": "~itm/headphones_04"}]}, {"name": "item:cable_03", "keyframes": [{"loc": [232.5, 691.5], "index": 0, "tweened": false, "duration": 1, "pivot": [107, 65], "ref": "~itm/cable_03"}]}, {"name": "item:nippers_01", "keyframes": [{"loc": [888.5, 586], "index": 0, "tweened": false, "duration": 1, "pivot": [18.5, 31], "ref": "~itm/nippers_01"}]}, {"name": "item:nippers_02", "keyframes": [{"loc": [1115.5, 249.25], "index": 0, "tweened": false, "duration": 1, "pivot": [19, 32.25], "ref": "~itm/nippers_02"}]}, {"name": "item:nippers_03", "keyframes": [{"loc": [483.5, 670.5], "index": 0, "tweened": false, "duration": 1, "pivot": [59, 33], "ref": "~itm/nippers_03"}]}, {"name": "item:nippers_04", "keyframes": [{"loc": [852.5, 741], "index": 0, "tweened": false, "duration": 1, "pivot": [56.5, 29], "ref": "~itm/nippers_04"}]}, {"name": "item:receiver_01", "keyframes": [{"loc": [329.5, 141], "index": 0, "tweened": false, "duration": 1, "pivot": [37, 34], "ref": "~itm/receiver_01"}]}, {"name": "item:receiver_02", "keyframes": [{"loc": [100, 289], "index": 0, "tweened": false, "duration": 1, "pivot": [41, 38], "ref": "~itm/receiver_02"}]}, {"name": "item:receiver_03", "keyframes": [{"loc": [673.5, 685.75], "index": 0, "tweened": false, "duration": 1, "pivot": [101, 82.25], "ref": "~itm/receiver_03"}]}, {"name": "item:receiver_04", "keyframes": [{"loc": [962, 92.75], "index": 0, "tweened": false, "duration": 1, "pivot": [47, 35.25], "ref": "~itm/receiver_04"}]}, {"name": "item:tree_01", "keyframes": [{"loc": [858.5, 322.75], "index": 0, "tweened": false, "duration": 1, "pivot": [15, 34.25], "ref": "~itm/tree_01"}]}, {"name": "item:tree_02", "keyframes": [{"loc": [126, 220], "index": 0, "tweened": false, "duration": 1, "pivot": [72, 107], "ref": "~itm/tree_02"}]}, {"name": "item:tree_03", "keyframes": [{"loc": [480.75, 345.5], "index": 0, "tweened": false, "duration": 1, "pivot": [58.75, 136.5], "ref": "~itm/tree_03"}]}, {"name": "item:tree_04", "keyframes": [{"loc": [153.5, 612.25], "index": 0, "tweened": false, "duration": 1, "pivot": [81.5, 156.75], "ref": "~itm/tree_04"}]}, {"name": "item:mug_01", "keyframes": [{"loc": [242, 155.5], "index": 0, "tweened": false, "duration": 1, "pivot": [16, 22], "ref": "~itm/mug_01"}]}, {"name": "item:mug_02", "keyframes": [{"loc": [447.25, 409.25], "index": 0, "tweened": false, "duration": 1, "pivot": [22.25, 26.75], "ref": "~itm/mug_02"}]}, {"name": "item:mug_03", "keyframes": [{"loc": [759.5, 685], "index": 0, "tweened": false, "duration": 1, "pivot": [48, 53.5], "ref": "~itm/mug_03"}]}, {"name": "item:mug_04", "keyframes": [{"loc": [1046, 419.5], "index": 0, "tweened": false, "duration": 1, "pivot": [17, 23], "ref": "~itm/mug_04"}]}, {"name": "item:radio_02", "keyframes": [{"loc": [1126.5, 476.25], "index": 0, "tweened": false, "duration": 1, "pivot": [23.5, 40.75], "ref": "~itm/radio_02"}]}, {"name": "item:radio_03", "keyframes": [{"loc": [391.5, 520], "index": 0, "tweened": false, "duration": 1, "pivot": [12, 35], "ref": "~itm/radio_03"}]}, {"name": "item:radio_04", "keyframes": [{"loc": [935, 413.75], "index": 0, "tweened": false, "duration": 1, "pivot": [15, 35.75], "ref": "~itm/radio_04"}]}, {"name": "item:scarf_01", "keyframes": [{"loc": [677, 163], "index": 0, "tweened": false, "duration": 1, "pivot": [41, 66], "ref": "~itm/scarf_01"}]}, {"name": "item:scarf_02", "keyframes": [{"loc": [123.5, 385.5], "index": 0, "tweened": false, "duration": 1, "pivot": [48, 72.5], "ref": "~itm/scarf_02"}]}, {"name": "item:scarf_04", "keyframes": [{"loc": [952, 522], "index": 0, "tweened": false, "duration": 1, "pivot": [48, 73], "ref": "~itm/scarf_04"}]}, {"name": "item:sunglasses_01", "keyframes": [{"loc": [451, 625.25], "index": 0, "tweened": false, "duration": 1, "pivot": [38, 17.25], "ref": "~itm/sunglasses_01"}]}, {"name": "item:sunglasses_02", "keyframes": [{"loc": [927, 439.5], "index": 0, "tweened": false, "duration": 1, "pivot": [30, 13], "ref": "~itm/sunglasses_02"}]}, {"name": "item:sunglasses_03", "keyframes": [{"loc": [679.5, 58.5], "index": 0, "tweened": false, "duration": 1, "pivot": [24, 16], "ref": "~itm/sunglasses_03"}]}, {"name": "item:sunglasses_04", "keyframes": [{"loc": [793.5, 711.75], "index": 0, "tweened": false, "duration": 1, "pivot": [51, 30.25], "ref": "~itm/sunglasses_04"}]}, {"name": "item:surveillance_01", "keyframes": [{"loc": [437.75, 218.75], "index": 0, "tweened": false, "duration": 1, "pivot": [28.75, 38.25], "ref": "~itm/surveillance_01"}]}, {"name": "item:surveillance_02", "keyframes": [{"loc": [123.25, 84.5], "index": 0, "tweened": false, "duration": 1, "pivot": [37.75, 37], "ref": "~itm/surveillance_02"}]}, {"name": "item:surveillance_03", "keyframes": [{"loc": [1045.25, 244], "index": 0, "tweened": false, "duration": 1, "pivot": [34.25, 27], "ref": "~itm/surveillance_03"}]}, {"name": "item:surveillance_04", "keyframes": [{"loc": [1061.75, 54], "index": 0, "tweened": false, "duration": 1, "pivot": [50.75, 43], "ref": "~itm/surveillance_04"}]}, {"name": "item:cap_01", "keyframes": [{"loc": [204.5, 208], "index": 0, "tweened": false, "duration": 1, "pivot": [37, 47], "ref": "~itm/cap_01"}]}, {"name": "item:cap_03", "keyframes": [{"loc": [995.5, 506.25], "index": 0, "tweened": false, "duration": 1, "pivot": [25, 43.75], "ref": "~itm/cap_03"}]}, {"name": "item:cap_04", "keyframes": [{"loc": [754, 513.5], "index": 0, "tweened": false, "duration": 1, "pivot": [32, 29.5], "ref": "~itm/cap_04"}]}, {"name": "item:clock_01", "keyframes": [{"loc": [493.5, 149], "index": 0, "tweened": false, "duration": 1, "pivot": [28, 14], "ref": "~itm/clock_01"}]}, {"name": "item:clock_02", "keyframes": [{"loc": [569.5, 344.5], "index": 0, "tweened": false, "duration": 1, "pivot": [26, 10], "ref": "~itm/clock_02"}]}, {"name": "item:clock_03", "keyframes": [{"loc": [1009, 218], "index": 0, "tweened": false, "duration": 1, "pivot": [25, 12], "ref": "~itm/clock_03"}]}, {"name": "item:clock_04", "keyframes": [{"loc": [921.5, 292], "index": 0, "tweened": false, "duration": 1, "pivot": [18, 11], "ref": "~itm/clock_04"}]}, {"name": "item:cooler_01", "keyframes": [{"loc": [34.5, 512.25], "index": 0, "tweened": false, "duration": 1, "pivot": [52, 181.25], "ref": "~itm/cooler_01"}]}, {"name": "item:cooler_02", "keyframes": [{"loc": [590, 365.5], "index": 0, "tweened": false, "duration": 1, "pivot": [27, 93], "ref": "~itm/cooler_02"}]}, {"name": "item:cooler_03", "keyframes": [{"loc": [692.75, 349], "index": 0, "tweened": false, "duration": 1, "pivot": [22.25, 54], "ref": "~itm/cooler_03"}]}, {"name": "item:cooler_04", "keyframes": [{"loc": [808, 337.75], "index": 0, "tweened": false, "duration": 1, "pivot": [14.5, 32.25], "ref": "~itm/cooler_04"}]}, {"name": "item:fan_01", "keyframes": [{"loc": [390.5, 150.5], "index": 0, "tweened": false, "duration": 1, "pivot": [34, 48.5], "ref": "~itm/fan_01"}]}, {"name": "item:fan_02", "keyframes": [{"loc": [569.75, 556.75], "index": 0, "tweened": false, "duration": 1, "pivot": [50.25, 76.25], "ref": "~itm/fan_02"}]}, {"name": "item:fan_03", "keyframes": [{"loc": [96.75, 650.75], "index": 0, "tweened": false, "duration": 1, "pivot": [55.75, 66.75], "ref": "~itm/fan_03"}]}, {"name": "item:jacket_01", "keyframes": [{"loc": [1218.75, 294], "index": 0, "tweened": false, "duration": 1, "pivot": [64.75, 306.5], "ref": "~itm/jacket_01"}]}, {"name": "item:jacket_03", "keyframes": [{"loc": [674.25, 431], "index": 0, "tweened": false, "duration": 1, "pivot": [65.75, 75], "ref": "~itm/jacket_03"}]}, {"name": "item:jacket_04", "keyframes": [{"loc": [22.5, 253.75], "index": 0, "tweened": false, "duration": 1, "pivot": [40, 190.25], "ref": "~itm/jacket_04"}]}, {"name": "item:radio_01", "keyframes": [{"loc": [700.5, 479.5], "index": 0, "tweened": false, "duration": 1, "pivot": [17.5, 35], "ref": "~itm/radio_01"}]}, {"name": "item:magazine_01", "keyframes": [{"loc": [881.5, 633.5], "index": 0, "tweened": false, "duration": 1, "pivot": [53, 36], "ref": "~itm/magazine_01"}]}, {"name": "item:magazine_02", "keyframes": [{"loc": [525.5, 604.5], "index": 0, "tweened": false, "duration": 1, "pivot": [56, 34], "ref": "~itm/magazine_02"}]}, {"name": "item:magazine_03", "keyframes": [{"loc": [1074, 604.5], "index": 0, "tweened": false, "duration": 1, "pivot": [25, 53.5], "ref": "~itm/magazine_03"}]}, {"name": "item:magazine_04", "keyframes": [{"loc": [1138, 323], "index": 0, "tweened": false, "duration": 1, "pivot": [43.5, 33.5], "ref": "~itm/magazine_04"}]}, {"name": "item:apple_01", "keyframes": [{"loc": [1139.75, 347.5], "index": 0, "tweened": false, "duration": 1, "pivot": [20.75, 21], "ref": "~itm/apple_01"}]}, {"name": "item:apple_02", "keyframes": [{"loc": [1007.5, 442], "index": 0, "tweened": false, "duration": 1, "pivot": [19, 20.5], "ref": "~itm/apple_02"}]}, {"name": "item:apple_03", "keyframes": [{"loc": [1119.75, 168], "index": 0, "tweened": false, "duration": 1, "pivot": [20.25, 20], "ref": "~itm/apple_03"}]}, {"name": "item:apple_04", "keyframes": [{"loc": [371.5, 555], "index": 0, "tweened": false, "duration": 1, "pivot": [22, 21], "ref": "~itm/apple_04"}]}, {"name": "item:coffeepot_01", "keyframes": [{"loc": [265, 149], "index": 0, "tweened": false, "duration": 1, "pivot": [39, 27], "ref": "~itm/coffeepot_01"}]}, {"name": "item:coffeepot_02", "keyframes": [{"loc": [724.75, 391.25], "index": 0, "tweened": false, "duration": 1, "pivot": [28.25, 30.75], "ref": "~itm/coffeepot_02"}]}, {"name": "item:coffeepot_03", "keyframes": [{"loc": [1135.75, 412], "index": 0, "tweened": false, "duration": 1, "pivot": [35.75, 38.5], "ref": "~itm/coffeepot_03"}]}, {"name": "item:coffeepot_04", "keyframes": [{"loc": [819.5, 633.5], "index": 0, "tweened": false, "duration": 1, "pivot": [54, 44], "ref": "~itm/coffeepot_04"}]}, {"name": "item:scarf_03", "keyframes": [{"loc": [302, 226.5], "index": 0, "tweened": false, "duration": 1, "pivot": [48, 72.5], "ref": "~itm/scarf_03"}]}, {"name": "item:jacket_02", "keyframes": [{"loc": [355.75, 306.25], "index": 0, "tweened": false, "duration": 1, "pivot": [47.75, 148.75], "ref": "~itm/jacket_02"}]}, {"name": "item:flashlight_01", "keyframes": [{"loc": [653.5, 570.25], "index": 0, "tweened": false, "duration": 1, "pivot": [46, 14.75], "ref": "~itm/flashlight_01"}]}, {"name": "item:flashlight_02", "keyframes": [{"loc": [762, 435.75], "index": 0, "tweened": false, "duration": 1, "pivot": [45, 18.75], "ref": "~itm/flashlight_02"}]}, {"name": "item:flashlight_03", "keyframes": [{"loc": [892.5, 666], "index": 0, "tweened": false, "duration": 1, "pivot": [66, 23.5], "ref": "~itm/flashlight_03"}]}, {"name": "item:flashlight_04", "keyframes": [{"loc": [30.5, 710], "index": 0, "tweened": false, "duration": 1, "pivot": [63.5, 23.5], "ref": "~itm/flashlight_04"}]}, {"name": "item:donut_01", "keyframes": [{"loc": [1133.5, 528.5], "index": 0, "tweened": false, "duration": 1, "pivot": [23.5, 18.5], "ref": "~itm/donut_01"}]}, {"name": "item:donut_02", "keyframes": [{"loc": [970.5, 438.75], "index": 0, "tweened": false, "duration": 1, "pivot": [21, 13.75], "ref": "~itm/donut_02"}]}, {"name": "item:donut_03", "keyframes": [{"loc": [378, 631.25], "index": 0, "tweened": false, "duration": 1, "pivot": [26, 20.75], "ref": "~itm/donut_03"}]}, {"name": "item:donut_04", "keyframes": [{"loc": [809, 427.5], "index": 0, "tweened": false, "duration": 1, "pivot": [21, 15], "ref": "~itm/donut_04"}]}, {"name": "item:boots_04", "keyframes": [{"loc": [366, 688.5], "index": 0, "tweened": false, "duration": 1, "pivot": [85, 54.5], "ref": "~itm/boots_04"}]}, {"name": "item:cap_02", "keyframes": [{"loc": [422, 725], "index": 0, "tweened": false, "duration": 1, "pivot": [66, 42.5], "ref": "~itm/cap_02"}]}, {"name": "item:glove_02", "keyframes": [{"loc": [976.75, 670], "index": 0, "tweened": false, "duration": 1, "pivot": [37.25, 28], "ref": "~itm/glove_02"}]}, {"name": "item:backpack_02", "keyframes": [{"loc": [1052, 715.75], "index": 0, "tweened": false, "duration": 1, "pivot": [101, 52.75], "ref": "~itm/backpack_02"}]}, {"name": "item:fan_04", "keyframes": [{"loc": [1091.25, 708.5], "index": 0, "tweened": false, "duration": 1, "pivot": [47.25, 69], "ref": "~itm/fan_04"}]}, {"name": "item:cable_01", "keyframes": [{"loc": [976, 781], "index": 0, "tweened": false, "duration": 1, "pivot": [77, 68], "ref": "~itm/cable_01"}]}, {"name": "item:box_01", "keyframes": [{"loc": [848, 558.25], "index": 0, "tweened": false, "duration": 1, "pivot": [81.5, 54.25], "ref": "~itm/box_01"}]}, {"name": "item:box_02", "keyframes": [{"loc": [285.5, 762.5], "index": 0, "tweened": false, "duration": 1, "pivot": [106, 80], "ref": "~itm/box_02"}]}, {"name": "item:box_03", "keyframes": [{"loc": [1016.5, 623.5], "index": 0, "tweened": false, "duration": 1, "pivot": [87.5, 58.5], "ref": "~itm/box_03"}]}, {"name": "item:box_04", "keyframes": [{"loc": [678, 758.5], "index": 0, "tweened": false, "duration": 1, "pivot": [106, 80], "ref": "~itm/box_04"}]}], "id": "~bg/original"}, {"layers": [{"name": "shadow", "keyframes": [{"loc": [21.5, 30], "index": 0, "tweened": false, "duration": 1, "pivot": [20, 12], "ref": "apple1_s"}]}, {"name": "invisible", "keyframes": [{"loc": [31.5, 19], "index": 0, "tweened": false, "duration": 1, "pivot": [4, 15], "ref": "apple1_inv"}]}, {"name": "item", "keyframes": [{"loc": [15, 19], "index": 0, "tweened": false, "duration": 1, "pivot": [15, 19], "ref": "apple1_i"}]}], "id": "~itm/apple_01"}, {"layers": [{"name": "shadow", "keyframes": [{"loc": [19, 28], "index": 0, "tweened": false, "duration": 1, "pivot": [19, 13], "ref": "apple2_s"}]}, {"name": "item", "keyframes": [{"loc": [17.5, 15], "index": 0, "tweened": false, "duration": 1, "pivot": [15, 15], "ref": "apple2_i"}]}], "id": "~itm/apple_02"}, {"layers": [{"name": "invisible", "keyframes": [{"loc": [28.5, 29.5], "index": 0, "tweened": false, "duration": 1, "pivot": [12, 10], "ref": "apple3_inv"}]}, {"name": "item", "keyframes": [{"loc": [20, 20], "index": 0, "tweened": false, "duration": 1, "pivot": [20, 20], "ref": "apple3_i"}]}], "id": "~itm/apple_03"}, {"layers": [{"name": "invisible", "keyframes": [{"loc": [6, 21], "index": 0, "tweened": false, "duration": 1, "pivot": [6, 18], "ref": "apple4_inv"}]}, {"name": "item", "keyframes": [{"loc": [26, 21], "index": 0, "tweened": false, "duration": 1, "pivot": [18, 21], "ref": "apple4_i"}]}], "id": "~itm/apple_04"}, {"layers": [{"name": "shadow", "keyframes": [{"loc": [49, 63], "index": 0, "tweened": false, "duration": 1, "pivot": [49, 63], "ref": "backpack1_s"}]}, {"name": "invisible", "keyframes": [{"loc": [86.5, 58.5], "index": 0, "tweened": false, "duration": 1, "pivot": [9, 26], "ref": "backpack1_inv"}]}, {"name": "item", "keyframes": [{"loc": [62, 64], "index": 0, "tweened": false, "duration": 1, "pivot": [35, 45], "ref": "backpack1_i"}]}], "id": "~itm/backpack_01"}, {"layers": [{"name": "shadow", "keyframes": [{"loc": [101, 67.5], "index": 0, "tweened": false, "duration": 1, "pivot": [101, 38], "ref": "backpack2_s"}]}, {"name": "item", "keyframes": [{"loc": [88, 45], "index": 0, "tweened": false, "duration": 1, "pivot": [82, 45], "ref": "backpack2_i"}]}], "id": "~itm/backpack_02"}, {"layers": [{"name": "shadow", "keyframes": [{"loc": [73, 110], "index": 0, "tweened": false, "duration": 1, "pivot": [73, 25], "ref": "backpack3_s"}]}, {"name": "item", "keyframes": [{"loc": [81, 61], "index": 0, "tweened": false, "duration": 1, "pivot": [51, 61], "ref": "backpack3_i"}]}], "id": "~itm/backpack_03"}, {"layers": [{"name": "shadow", "keyframes": [{"loc": [82, 22], "index": 0, "tweened": false, "duration": 1, "pivot": [53, 22], "ref": "backpack4_s"}]}, {"name": "invisible", "keyframes": [{"loc": [62, 53.5], "index": 0, "tweened": false, "duration": 1, "pivot": [62, 18], "ref": "backpack4_inv"}]}, {"name": "item", "keyframes": [{"loc": [67, 27], "index": 0, "tweened": false, "duration": 1, "pivot": [65, 27], "ref": "backpack4_i"}]}], "id": "~itm/backpack_04"}, {"layers": [{"name": "shadow", "keyframes": [{"loc": [54, 60.5], "index": 0, "tweened": false, "duration": 1, "pivot": [51, 54], "ref": "baton1_s"}]}, {"name": "invisible", "keyframes": [{"loc": [9.5, 9], "index": 0, "tweened": false, "duration": 1, "pivot": [9, 9], "ref": "baton1_inv"}]}, {"name": "item", "keyframes": [{"loc": [52, 56.5], "index": 0, "tweened": false, "duration": 1, "pivot": [52, 56], "ref": "baton1_i"}]}], "id": "~itm/baton_01"}, {"layers": [{"name": "shadow", "keyframes": [{"loc": [23.5, 82.5], "index": 0, "tweened": false, "duration": 1, "pivot": [23, 78], "ref": "baton2_s"}]}, {"name": "invisible", "keyframes": [{"loc": [43, 7], "index": 0, "tweened": false, "duration": 1, "pivot": [2, 7], "ref": "baton2_inv"}]}, {"name": "item", "keyframes": [{"loc": [23, 79], "index": 0, "tweened": false, "duration": 1, "pivot": [23, 79], "ref": "baton2_i"}]}], "id": "~itm/baton_02"}, {"layers": [{"name": "shadow", "keyframes": [{"loc": [37, 95.5], "index": 0, "tweened": false, "duration": 1, "pivot": [37, 92], "ref": "baton3_s"}]}, {"name": "invisible", "keyframes": [{"loc": [72.5, 189.5], "index": 0, "tweened": false, "duration": 1, "pivot": [11, 14], "ref": "baton3_inv"}]}, {"name": "item", "keyframes": [{"loc": [40, 103], "index": 0, "tweened": false, "duration": 1, "pivot": [39, 103], "ref": "baton3_i"}]}], "id": "~itm/baton_03"}, {"layers": [{"name": "invisible", "keyframes": [{"loc": [10, 155.5], "index": 0, "tweened": false, "duration": 1, "pivot": [10, 54], "ref": "baton4_inv"}]}, {"name": "item", "keyframes": [{"loc": [46, 82], "index": 0, "tweened": false, "duration": 1, "pivot": [27, 82], "ref": "baton4_i"}]}], "id": "~itm/baton_04"}, {"layers": [{"name": "shadow", "keyframes": [{"loc": [65, 44.5], "index": 0, "tweened": false, "duration": 1, "pivot": [65, 26], "ref": "boots1_s"}]}, {"name": "item", "keyframes": [{"loc": [95.5, 29], "index": 0, "tweened": false, "duration": 1, "pivot": [37, 29], "ref": "boots1_i"}]}], "id": "~itm/boots_01"}, {"layers": [{"name": "invisible", "keyframes": [{"loc": [40.5, 56], "index": 0, "tweened": false, "duration": 1, "pivot": [40, 4], "ref": "boots2_inv"}]}, {"name": "item", "keyframes": [{"loc": [47, 28], "index": 0, "tweened": false, "duration": 1, "pivot": [47, 28], "ref": "boots2_i"}]}], "id": "~itm/boots_02"}, {"layers": [{"name": "shadow", "keyframes": [{"loc": [34, 39], "index": 0, "tweened": false, "duration": 1, "pivot": [32, 33], "ref": "boots3_s"}]}, {"name": "invisible", "keyframes": [{"loc": [72.5, 36], "index": 0, "tweened": false, "duration": 1, "pivot": [22, 22], "ref": "boots3_inv"}]}, {"name": "item", "keyframes": [{"loc": [33, 35], "index": 0, "tweened": false, "duration": 1, "pivot": [33, 35], "ref": "boots3_i"}]}], "id": "~itm/boots_03"}, {"layers": [{"name": "shadow", "keyframes": [{"loc": [83, 80], "index": 0, "tweened": false, "duration": 1, "pivot": [83, 29], "ref": "boots4_s"}]}, {"name": "item", "keyframes": [{"loc": [111, 42], "index": 0, "tweened": false, "duration": 1, "pivot": [59, 42], "ref": "boots4_i"}]}], "id": "~itm/boots_04"}, {"layers": [{"name": "shadow", "keyframes": [{"loc": [83, 73.5], "index": 0, "tweened": false, "duration": 1, "pivot": [80, 35], "ref": "box1_s"}]}, {"name": "invisible", "keyframes": [{"loc": [57, 36], "index": 0, "tweened": false, "duration": 1, "pivot": [57, 36], "ref": "box1_inv"}]}, {"name": "item", "keyframes": [{"loc": [54, 42.5], "index": 0, "tweened": false, "duration": 1, "pivot": [48, 36], "ref": "box1_i"}]}], "id": "~itm/box_01"}, {"layers": [{"name": "item", "keyframes": [{"loc": [106, 80], "index": 0, "tweened": false, "duration": 1, "pivot": [106, 80], "ref": "box2_i"}]}], "id": "~itm/box_02"}, {"layers": [{"name": "shadow", "keyframes": [{"loc": [89, 79], "index": 0, "tweened": false, "duration": 1, "pivot": [86, 38], "ref": "box3_s"}]}, {"name": "item", "keyframes": [{"loc": [62, 42], "index": 0, "tweened": false, "duration": 1, "pivot": [62, 42], "ref": "box3_i"}]}], "id": "~itm/box_03"}, {"layers": [{"name": "item", "keyframes": [{"loc": [106, 80], "index": 0, "tweened": false, "duration": 1, "pivot": [106, 80], "ref": "box4_i"}]}], "id": "~itm/box_04"}, {"layers": [{"name": "shadow", "keyframes": [{"loc": [75.5, 33], "index": 0, "tweened": false, "duration": 1, "pivot": [41, 25], "ref": "cable1_s"}]}, {"name": "item", "keyframes": [{"loc": [77, 68], "index": 0, "tweened": false, "duration": 1, "pivot": [77, 68], "ref": "cable1_i"}]}], "id": "~itm/cable_01"}, {"layers": [{"name": "invisible", "keyframes": [{"loc": [79.5, 48], "index": 0, "tweened": false, "duration": 1, "pivot": [51, 48], "ref": "cable2_inv"}]}, {"name": "item", "keyframes": [{"loc": [35, 54], "index": 0, "tweened": false, "duration": 1, "pivot": [35, 54], "ref": "cable2_i"}]}], "id": "~itm/cable_02"}, {"layers": [{"name": "shadow", "keyframes": [{"loc": [107, 75], "index": 0, "tweened": false, "duration": 1, "pivot": [107, 55], "ref": "cable3_s"}]}, {"name": "item", "keyframes": [{"loc": [138, 50], "index": 0, "tweened": false, "duration": 1, "pivot": [76, 50], "ref": "cable3_i"}]}], "id": "~itm/cable_03"}, {"layers": [{"name": "shadow", "keyframes": [{"loc": [57.5, 86.5], "index": 0, "tweened": false, "duration": 1, "pivot": [45, 65], "ref": "cable4_s"}]}, {"name": "invisible", "keyframes": [{"loc": [38, 59.5], "index": 0, "tweened": false, "duration": 1, "pivot": [38, 57], "ref": "cable4_inv"}]}, {"name": "item", "keyframes": [{"loc": [53.5, 58], "index": 0, "tweened": false, "duration": 1, "pivot": [30, 58], "ref": "cable4_i"}]}], "id": "~itm/cable_04"}, {"layers": [{"name": "item", "keyframes": [{"loc": [37, 47], "index": 0, "tweened": false, "duration": 1, "pivot": [37, 47], "ref": "cap1_i"}]}], "id": "~itm/cap_01"}, {"layers": [{"name": "shadow", "keyframes": [{"loc": [66, 60], "index": 0, "tweened": false, "duration": 1, "pivot": [66, 25], "ref": "cap2_s"}]}, {"name": "item", "keyframes": [{"loc": [85, 40], "index": 0, "tweened": false, "duration": 1, "pivot": [44, 40], "ref": "cap2_i"}]}], "id": "~itm/cap_02"}, {"layers": [{"name": "shadow", "keyframes": [{"loc": [17.5, 48.5], "index": 0, "tweened": false, "duration": 1, "pivot": [17, 39], "ref": "cap3_s"}]}, {"name": "item", "keyframes": [{"loc": [25, 39], "index": 0, "tweened": false, "duration": 1, "pivot": [25, 39], "ref": "cap3_i"}]}], "id": "~itm/cap_03"}, {"layers": [{"name": "shadow", "keyframes": [{"loc": [32, 41], "index": 0, "tweened": false, "duration": 1, "pivot": [32, 18], "ref": "cap4_s"}]}, {"name": "item", "keyframes": [{"loc": [32, 22], "index": 0, "tweened": false, "duration": 1, "pivot": [25, 22], "ref": "cap4_i"}]}], "id": "~itm/cap_04"}, {"layers": [{"name": "item", "keyframes": [{"loc": [28, 14], "index": 0, "tweened": false, "duration": 1, "pivot": [28, 14], "ref": "clock1_i"}]}], "id": "~itm/clock_01"}, {"layers": [{"name": "item", "keyframes": [{"loc": [26, 10], "index": 0, "tweened": false, "duration": 1, "pivot": [26, 10], "ref": "clock2_i"}]}], "id": "~itm/clock_02"}, {"layers": [{"name": "item", "keyframes": [{"loc": [25, 12], "index": 0, "tweened": false, "duration": 1, "pivot": [25, 12], "ref": "clock3_i"}]}], "id": "~itm/clock_03"}, {"layers": [{"name": "shadow", "keyframes": [{"loc": [18, 11], "index": 0, "tweened": false, "duration": 1, "pivot": [18, 11], "ref": "clock4_s"}]}, {"name": "item", "keyframes": [{"loc": [18, 9], "index": 0, "tweened": false, "duration": 1, "pivot": [17, 8], "ref": "clock4_i"}]}], "id": "~itm/clock_04"}, {"layers": [{"name": "shadow", "keyframes": [{"loc": [39, 27], "index": 0, "tweened": false, "duration": 1, "pivot": [39, 27], "ref": "coffeepot1_s"}]}, {"name": "invisible", "keyframes": [{"loc": [57.5, 51], "index": 0, "tweened": false, "duration": 1, "pivot": [20, 3], "ref": "coffeepot1_inv"}]}, {"name": "item", "keyframes": [{"loc": [48, 27.5], "index": 0, "tweened": false, "duration": 1, "pivot": [30, 23], "ref": "coffeepot1_i"}]}], "id": "~itm/coffeepot_01"}, {"layers": [{"name": "shadow", "keyframes": [{"loc": [29, 48.5], "index": 0, "tweened": false, "duration": 1, "pivot": [17, 13], "ref": "coffeepot2_s"}]}, {"name": "invisible", "keyframes": [{"loc": [9, 36.5], "index": 0, "tweened": false, "duration": 1, "pivot": [9, 15], "ref": "coffeepot2_inv"}]}, {"name": "item", "keyframes": [{"loc": [29.5, 27], "index": 0, "tweened": false, "duration": 1, "pivot": [27, 27], "ref": "coffeepot2_i"}]}], "id": "~itm/coffeepot_02"}, {"layers": [{"name": "shadow", "keyframes": [{"loc": [32, 59], "index": 0, "tweened": false, "duration": 1, "pivot": [28, 18], "ref": "coffeepot3_s"}]}, {"name": "invisible", "keyframes": [{"loc": [59.5, 30], "index": 0, "tweened": false, "duration": 1, "pivot": [12, 28], "ref": "coffeepot3_inv"}]}, {"name": "item", "keyframes": [{"loc": [25, 32], "index": 0, "tweened": false, "duration": 1, "pivot": [25, 32], "ref": "coffeepot3_i"}]}], "id": "~itm/coffeepot_03"}, {"layers": [{"name": "shadow", "keyframes": [{"loc": [54, 44], "index": 0, "tweened": false, "duration": 1, "pivot": [54, 44], "ref": "coffeepot4_s"}]}, {"name": "item", "keyframes": [{"loc": [56, 36], "index": 0, "tweened": false, "duration": 1, "pivot": [36, 35], "ref": "coffeepot4_i"}]}], "id": "~itm/coffeepot_04"}, {"layers": [{"name": "shadow", "keyframes": [{"loc": [60.5, 349.5], "index": 0, "tweened": false, "duration": 1, "pivot": [43, 13], "ref": "cooler1_s"}]}, {"name": "item", "keyframes": [{"loc": [52, 177], "index": 0, "tweened": false, "duration": 1, "pivot": [52, 177], "ref": "cooler1_i"}]}], "id": "~itm/cooler_01"}, {"layers": [{"name": "invisible", "keyframes": [{"loc": [27, 93], "index": 0, "tweened": false, "duration": 1, "pivot": [27, 93], "ref": "cooler2_inv"}]}, {"name": "item", "keyframes": [{"loc": [30.5, 29], "index": 0, "tweened": false, "duration": 1, "pivot": [19, 29], "ref": "cooler2_i"}]}], "id": "~itm/cooler_02"}, {"layers": [{"name": "shadow", "keyframes": [{"loc": [9, 47], "index": 0, "tweened": false, "duration": 1, "pivot": [9, 34], "ref": "cooler3_s"}]}, {"name": "invisible", "keyframes": [{"loc": [28.5, 90], "index": 0, "tweened": false, "duration": 1, "pivot": [16, 18], "ref": "cooler3_inv"}]}, {"name": "item", "keyframes": [{"loc": [28.5, 38], "index": 0, "tweened": false, "duration": 1, "pivot": [16, 38], "ref": "cooler3_i"}]}], "id": "~itm/cooler_03"}, {"layers": [{"name": "shadow", "keyframes": [{"loc": [10, 35.5], "index": 0, "tweened": false, "duration": 1, "pivot": [10, 29], "ref": "cooler4_s"}]}, {"name": "item", "keyframes": [{"loc": [19, 32], "index": 0, "tweened": false, "duration": 1, "pivot": [10, 32], "ref": "cooler4_i"}]}], "id": "~itm/cooler_04"}, {"layers": [{"name": "shadow", "keyframes": [{"loc": [20, 21], "index": 0, "tweened": false, "duration": 1, "pivot": [20, 16], "ref": "donut1_s"}]}, {"name": "invisible", "keyframes": [{"loc": [41, 15], "index": 0, "tweened": false, "duration": 1, "pivot": [6, 14], "ref": "donut1_inv"}]}, {"name": "item", "keyframes": [{"loc": [23, 15], "index": 0, "tweened": false, "duration": 1, "pivot": [18, 15], "ref": "donut1_i"}]}], "id": "~itm/donut_01"}, {"layers": [{"name": "shadow", "keyframes": [{"loc": [21, 16.5], "index": 0, "tweened": false, "duration": 1, "pivot": [21, 11], "ref": "donut2_s"}]}, {"name": "item", "keyframes": [{"loc": [22, 12], "index": 0, "tweened": false, "duration": 1, "pivot": [18, 12], "ref": "donut2_i"}]}], "id": "~itm/donut_02"}, {"layers": [{"name": "shadow", "keyframes": [{"loc": [26, 24.5], "index": 0, "tweened": false, "duration": 1, "pivot": [26, 17], "ref": "donut3_s"}]}, {"name": "item", "keyframes": [{"loc": [29, 17], "index": 0, "tweened": false, "duration": 1, "pivot": [23, 17], "ref": "donut3_i"}]}], "id": "~itm/donut_03"}, {"layers": [{"name": "shadow", "keyframes": [{"loc": [21, 18], "index": 0, "tweened": false, "duration": 1, "pivot": [21, 12], "ref": "donut4_s"}]}, {"name": "item", "keyframes": [{"loc": [22.5, 14], "index": 0, "tweened": false, "duration": 1, "pivot": [17, 14], "ref": "donut4_i"}]}], "id": "~itm/donut_04"}, {"layers": [{"name": "item", "keyframes": [{"loc": [48, 32], "index": 0, "tweened": false, "duration": 1, "pivot": [48, 32], "ref": "exit1_i"}]}], "id": "~itm/exit_01"}, {"layers": [{"name": "shadow", "keyframes": [{"loc": [50, 18.5], "index": 0, "tweened": false, "duration": 1, "pivot": [21, 18], "ref": "exit2_s"}]}, {"name": "invisible", "keyframes": [{"loc": [15, 17], "index": 0, "tweened": false, "duration": 1, "pivot": [15, 16], "ref": "exit2_inv"}]}, {"name": "item", "keyframes": [{"loc": [49, 16], "index": 0, "tweened": false, "duration": 1, "pivot": [20, 16], "ref": "exit2_i"}]}], "id": "~itm/exit_02"}, {"layers": [{"name": "item", "keyframes": [{"loc": [47, 19], "index": 0, "tweened": false, "duration": 1, "pivot": [47, 19], "ref": "exit3_i"}]}], "id": "~itm/exit_03"}, {"layers": [{"name": "invisible", "keyframes": [{"loc": [63, 40], "index": 0, "tweened": false, "duration": 1, "pivot": [63, 10], "ref": "exit4_inv"}]}, {"name": "item", "keyframes": [{"loc": [63, 20], "index": 0, "tweened": false, "duration": 1, "pivot": [63, 20], "ref": "exit4_i"}]}], "id": "~itm/exit_04"}, {"layers": [{"name": "invisible", "keyframes": [{"loc": [32.5, 85], "index": 0, "tweened": false, "duration": 1, "pivot": [24, 12], "ref": "fan1_inv"}]}, {"name": "item", "keyframes": [{"loc": [34, 39], "index": 0, "tweened": false, "duration": 1, "pivot": [34, 39], "ref": "fan1_i"}]}], "id": "~itm/fan_01"}, {"layers": [{"name": "shadow", "keyframes": [{"loc": [47, 114.5], "index": 0, "tweened": false, "duration": 1, "pivot": [47, 38], "ref": "fan2_s"}]}, {"name": "item", "keyframes": [{"loc": [63.5, 53], "index": 0, "tweened": false, "duration": 1, "pivot": [37, 53], "ref": "fan2_i"}]}], "id": "~itm/fan_02"}, {"layers": [{"name": "shadow", "keyframes": [{"loc": [49, 109.5], "index": 0, "tweened": false, "duration": 1, "pivot": [49, 24], "ref": "fan3_s"}]}, {"name": "item", "keyframes": [{"loc": [70.5, 59], "index": 0, "tweened": false, "duration": 1, "pivot": [41, 59], "ref": "fan3_i"}]}], "id": "~itm/fan_03"}, {"layers": [{"name": "shadow", "keyframes": [{"loc": [53.5, 114.5], "index": 0, "tweened": false, "duration": 1, "pivot": [41, 15], "ref": "fan4_s"}]}, {"name": "item", "keyframes": [{"loc": [45, 69], "index": 0, "tweened": false, "duration": 1, "pivot": [45, 69], "ref": "fan4_i"}]}], "id": "~itm/fan_04"}, {"layers": [{"name": "shadow", "keyframes": [{"loc": [46, 15.5], "index": 0, "tweened": false, "duration": 1, "pivot": [46, 14], "ref": "flashlight1_s"}]}, {"name": "item", "keyframes": [{"loc": [46.5, 12], "index": 0, "tweened": false, "duration": 1, "pivot": [45, 12], "ref": "flashlight1_i"}]}], "id": "~itm/flashlight_01"}, {"layers": [{"name": "shadow", "keyframes": [{"loc": [45, 23], "index": 0, "tweened": false, "duration": 1, "pivot": [45, 14], "ref": "flashlight2_s"}]}, {"name": "invisible", "keyframes": [{"loc": [6, 31.5], "index": 0, "tweened": false, "duration": 1, "pivot": [4, 6], "ref": "flashlight2_inv"}]}, {"name": "item", "keyframes": [{"loc": [46.5, 18], "index": 0, "tweened": false, "duration": 1, "pivot": [41, 18], "ref": "flashlight2_i"}]}], "id": "~itm/flashlight_02"}, {"layers": [{"name": "shadow", "keyframes": [{"loc": [66, 24], "index": 0, "tweened": false, "duration": 1, "pivot": [66, 23], "ref": "flashlight3_s"}]}, {"name": "item", "keyframes": [{"loc": [65, 19], "index": 0, "tweened": false, "duration": 1, "pivot": [63, 19], "ref": "flashlight3_i"}]}], "id": "~itm/flashlight_03"}, {"layers": [{"name": "shadow", "keyframes": [{"loc": [80, 24], "index": 0, "tweened": false, "duration": 1, "pivot": [47, 23], "ref": "flashlight4_s"}]}, {"name": "item", "keyframes": [{"loc": [63, 19], "index": 0, "tweened": false, "duration": 1, "pivot": [63, 19], "ref": "flashlight4_i"}]}], "id": "~itm/flashlight_04"}, {"layers": [{"name": "shadow", "keyframes": [{"loc": [42, 27.5], "index": 0, "tweened": false, "duration": 1, "pivot": [37, 18], "ref": "glove1_s"}]}, {"name": "item", "keyframes": [{"loc": [39, 22], "index": 0, "tweened": false, "duration": 1, "pivot": [39, 22], "ref": "glove1_i"}]}], "id": "~itm/glove_01"}, {"layers": [{"name": "shadow", "keyframes": [{"loc": [37.5, 31], "index": 0, "tweened": false, "duration": 1, "pivot": [37, 25], "ref": "glove2_s"}]}, {"name": "item", "keyframes": [{"loc": [37, 26], "index": 0, "tweened": false, "duration": 1, "pivot": [37, 26], "ref": "glove2_i"}]}], "id": "~itm/glove_02"}, {"layers": [{"name": "shadow", "keyframes": [{"loc": [22, 27], "index": 0, "tweened": false, "duration": 1, "pivot": [22, 14], "ref": "glove3_s"}]}, {"name": "item", "keyframes": [{"loc": [21, 18], "index": 0, "tweened": false, "duration": 1, "pivot": [21, 18], "ref": "glove3_i"}]}], "id": "~itm/glove_03"}, {"layers": [{"name": "shadow", "keyframes": [{"loc": [26, 36], "index": 0, "tweened": false, "duration": 1, "pivot": [19, 15], "ref": "glove4_s"}]}, {"name": "invisible", "keyframes": [{"loc": [6, 36], "index": 0, "tweened": false, "duration": 1, "pivot": [6, 12], "ref": "glove4_inv"}]}, {"name": "item", "keyframes": [{"loc": [26, 24], "index": 0, "tweened": false, "duration": 1, "pivot": [23, 24], "ref": "glove4_i"}]}], "id": "~itm/glove_04"}, {"layers": [{"name": "shadow", "keyframes": [{"loc": [39, 25.5], "index": 0, "tweened": false, "duration": 1, "pivot": [37, 8], "ref": "gun1_s"}]}, {"name": "item", "keyframes": [{"loc": [40, 17], "index": 0, "tweened": false, "duration": 1, "pivot": [40, 17], "ref": "gun1_i"}]}], "id": "~itm/gun_01"}, {"layers": [{"name": "shadow", "keyframes": [{"loc": [56, 26], "index": 0, "tweened": false, "duration": 1, "pivot": [56, 17], "ref": "gun2_s"}]}, {"name": "item", "keyframes": [{"loc": [57, 21], "index": 0, "tweened": false, "duration": 1, "pivot": [55, 21], "ref": "gun2_i"}]}], "id": "~itm/gun_02"}, {"layers": [{"name": "shadow", "keyframes": [{"loc": [53, 26.5], "index": 0, "tweened": false, "duration": 1, "pivot": [52, 16], "ref": "gun3_s"}]}, {"name": "item", "keyframes": [{"loc": [52, 20], "index": 0, "tweened": false, "duration": 1, "pivot": [52, 20], "ref": "gun3_i"}]}], "id": "~itm/gun_03"}, {"layers": [{"name": "shadow", "keyframes": [{"loc": [26, 45], "index": 0, "tweened": false, "duration": 1, "pivot": [26, 45], "ref": "gun4_s"}]}, {"name": "item", "keyframes": [{"loc": [29.5, 43.5], "index": 0, "tweened": false, "duration": 1, "pivot": [25, 43], "ref": "gun4_i"}]}], "id": "~itm/gun_04"}, {"layers": [{"name": "shadow", "keyframes": [{"loc": [16, 32.5], "index": 0, "tweened": false, "duration": 1, "pivot": [16, 29], "ref": "handcuff1_s"}]}, {"name": "invisible", "keyframes": [{"loc": [32, 17], "index": 0, "tweened": false, "duration": 1, "pivot": [15, 12], "ref": "handcuff1_inv"}]}, {"name": "item", "keyframes": [{"loc": [21.5, 28], "index": 0, "tweened": false, "duration": 1, "pivot": [21, 28], "ref": "handcuff1_i"}]}], "id": "~itm/handcuff_01"}, {"layers": [{"name": "shadow", "keyframes": [{"loc": [18, 33.5], "index": 0, "tweened": false, "duration": 1, "pivot": [18, 29], "ref": "handcuff2_s"}]}, {"name": "invisible", "keyframes": [{"loc": [33.5, 18], "index": 0, "tweened": false, "duration": 1, "pivot": [15, 11], "ref": "handcuff2_inv"}]}, {"name": "item", "keyframes": [{"loc": [23.5, 28], "index": 0, "tweened": false, "duration": 1, "pivot": [22, 28], "ref": "handcuff2_i"}]}], "id": "~itm/handcuff_02"}, {"layers": [{"name": "shadow", "keyframes": [{"loc": [52, 17], "index": 0, "tweened": false, "duration": 1, "pivot": [52, 17], "ref": "handcuff3_s"}]}, {"name": "item", "keyframes": [{"loc": [50, 15], "index": 0, "tweened": false, "duration": 1, "pivot": [46, 14], "ref": "handcuff3_i"}]}], "id": "~itm/handcuff_03"}, {"layers": [{"name": "shadow", "keyframes": [{"loc": [26, 31], "index": 0, "tweened": false, "duration": 1, "pivot": [26, 31], "ref": "handcuff4_s"}]}, {"name": "invisible", "keyframes": [{"loc": [33.5, 21.5], "index": 0, "tweened": false, "duration": 1, "pivot": [16, 12], "ref": "handcuff4_inv"}]}, {"name": "item", "keyframes": [{"loc": [25, 30], "index": 0, "tweened": false, "duration": 1, "pivot": [24, 30], "ref": "handcuff4_i"}]}], "id": "~itm/handcuff_04"}, {"layers": [{"name": "shadow", "keyframes": [{"loc": [20, 37], "index": 0, "tweened": false, "duration": 1, "pivot": [18, 31], "ref": "headphones1_s"}]}, {"name": "invisible", "keyframes": [{"loc": [22.5, 11.5], "index": 0, "tweened": false, "duration": 1, "pivot": [11, 4], "ref": "headphones1_inv"}]}, {"name": "item", "keyframes": [{"loc": [25, 32], "index": 0, "tweened": false, "duration": 1, "pivot": [25, 32], "ref": "headphones1_i"}]}], "id": "~itm/headphones_01"}, {"layers": [{"name": "shadow", "keyframes": [{"loc": [52, 39.5], "index": 0, "tweened": false, "duration": 1, "pivot": [52, 15], "ref": "headphones2_s"}]}, {"name": "item", "keyframes": [{"loc": [54.5, 37], "index": 0, "tweened": false, "duration": 1, "pivot": [52, 37], "ref": "headphones2_i"}]}], "id": "~itm/headphones_02"}, {"layers": [{"name": "shadow", "keyframes": [{"loc": [34, 40.5], "index": 0, "tweened": false, "duration": 1, "pivot": [34, 40], "ref": "headphones3_s"}]}, {"name": "invisible", "keyframes": [{"loc": [56.5, 34.5], "index": 0, "tweened": false, "duration": 1, "pivot": [13, 32], "ref": "headphones3_inv"}]}, {"name": "item", "keyframes": [{"loc": [41.5, 33], "index": 0, "tweened": false, "duration": 1, "pivot": [22, 33], "ref": "headphones3_i"}]}], "id": "~itm/headphones_03"}, {"layers": [{"name": "shadow", "keyframes": [{"loc": [41, 44.5], "index": 0, "tweened": false, "duration": 1, "pivot": [41, 42], "ref": "headphones4_s"}]}, {"name": "item", "keyframes": [{"loc": [45.5, 40], "index": 0, "tweened": false, "duration": 1, "pivot": [33, 40], "ref": "headphones4_i"}]}], "id": "~itm/headphones_04"}, {"layers": [{"name": "shadow", "keyframes": [{"loc": [63, 317], "index": 0, "tweened": false, "duration": 1, "pivot": [63, 296], "ref": "jacket1_s"}]}, {"name": "item", "keyframes": [{"loc": [67.5, 248], "index": 0, "tweened": false, "duration": 1, "pivot": [62, 248], "ref": "jacket1_i"}]}], "id": "~itm/jacket_01"}, {"layers": [{"name": "shadow", "keyframes": [{"loc": [40, 232.5], "index": 0, "tweened": false, "duration": 1, "pivot": [40, 65], "ref": "jacket2_s"}]}, {"name": "item", "keyframes": [{"loc": [54.5, 135], "index": 0, "tweened": false, "duration": 1, "pivot": [41, 135], "ref": "jacket2_i"}]}], "id": "~itm/jacket_02"}, {"layers": [{"name": "shadow", "keyframes": [{"loc": [74.5, 92], "index": 0, "tweened": false, "duration": 1, "pivot": [57, 58], "ref": "jacket3_s"}]}, {"name": "invisible", "keyframes": [{"loc": [77, 116], "index": 0, "tweened": false, "duration": 1, "pivot": [25, 8], "ref": "jacket3_inv"}]}, {"name": "item", "keyframes": [{"loc": [65, 62], "index": 0, "tweened": false, "duration": 1, "pivot": [65, 62], "ref": "jacket3_i"}]}], "id": "~itm/jacket_03"}, {"layers": [{"name": "shadow", "keyframes": [{"loc": [38.5, 313.5], "index": 0, "tweened": false, "duration": 1, "pivot": [21, 67], "ref": "jacket4_s"}]}, {"name": "item", "keyframes": [{"loc": [40, 162], "index": 0, "tweened": false, "duration": 1, "pivot": [40, 162], "ref": "jacket4_i"}]}], "id": "~itm/jacket_04"}, {"layers": [{"name": "shadow", "keyframes": [{"loc": [53, 36], "index": 0, "tweened": false, "duration": 1, "pivot": [53, 36], "ref": "magazine1_s"}]}, {"name": "item", "keyframes": [{"loc": [51.5, 33.5], "index": 0, "tweened": false, "duration": 1, "pivot": [50, 33], "ref": "magazine1_i"}]}], "id": "~itm/magazine_01"}, {"layers": [{"name": "shadow", "keyframes": [{"loc": [56, 34], "index": 0, "tweened": false, "duration": 1, "pivot": [56, 34], "ref": "magazine2_s"}]}, {"name": "item", "keyframes": [{"loc": [57, 31.5], "index": 0, "tweened": false, "duration": 1, "pivot": [54, 30], "ref": "magazine2_i"}]}], "id": "~itm/magazine_02"}, {"layers": [{"name": "shadow", "keyframes": [{"loc": [25, 54], "index": 0, "tweened": false, "duration": 1, "pivot": [25, 53], "ref": "magazine3_s"}]}, {"name": "item", "keyframes": [{"loc": [26, 52], "index": 0, "tweened": false, "duration": 1, "pivot": [24, 52], "ref": "magazine3_i"}]}], "id": "~itm/magazine_03"}, {"layers": [{"name": "shadow", "keyframes": [{"loc": [32, 34], "index": 0, "tweened": false, "duration": 1, "pivot": [32, 33], "ref": "magazine4_s"}]}, {"name": "invisible", "keyframes": [{"loc": [87, 32], "index": 0, "tweened": false, "duration": 1, "pivot": [37, 32], "ref": "magazine4_inv"}]}, {"name": "item", "keyframes": [{"loc": [37.5, 32], "index": 0, "tweened": false, "duration": 1, "pivot": [37, 32], "ref": "magazine4_i"}]}], "id": "~itm/magazine_04"}, {"layers": [{"name": "item", "keyframes": [{"loc": [16, 22], "index": 0, "tweened": false, "duration": 1, "pivot": [16, 22], "ref": "mug1_i"}]}], "id": "~itm/mug_01"}, {"layers": [{"name": "shadow", "keyframes": [{"loc": [22, 46.5], "index": 0, "tweened": false, "duration": 1, "pivot": [22, 7], "ref": "mug2_s"}]}, {"name": "item", "keyframes": [{"loc": [28.5, 23], "index": 0, "tweened": false, "duration": 1, "pivot": [16, 23], "ref": "mug2_i"}]}], "id": "~itm/mug_02"}, {"layers": [{"name": "shadow", "keyframes": [{"loc": [48, 86], "index": 0, "tweened": false, "duration": 1, "pivot": [48, 21], "ref": "mug3_s"}]}, {"name": "item", "keyframes": [{"loc": [42, 37], "index": 0, "tweened": false, "duration": 1, "pivot": [24, 37], "ref": "mug3_i"}]}], "id": "~itm/mug_03"}, {"layers": [{"name": "shadow", "keyframes": [{"loc": [19, 41], "index": 0, "tweened": false, "duration": 1, "pivot": [15, 5], "ref": "mug4_s"}]}, {"name": "item", "keyframes": [{"loc": [15, 21], "index": 0, "tweened": false, "duration": 1, "pivot": [15, 21], "ref": "mug4_i"}]}], "id": "~itm/mug_04"}, {"layers": [{"name": "shadow", "keyframes": [{"loc": [19, 31], "index": 0, "tweened": false, "duration": 1, "pivot": [18, 31], "ref": "nippers1_s"}]}, {"name": "item", "keyframes": [{"loc": [16, 30], "index": 0, "tweened": false, "duration": 1, "pivot": [16, 29], "ref": "nippers1_i"}]}], "id": "~itm/nippers_01"}, {"layers": [{"name": "shadow", "keyframes": [{"loc": [21, 32], "index": 0, "tweened": false, "duration": 1, "pivot": [17, 32], "ref": "nippers2_s"}]}, {"name": "invisible", "keyframes": [{"loc": [17, 59.5], "index": 0, "tweened": false, "duration": 1, "pivot": [16, 5], "ref": "nippers2_inv"}]}, {"name": "item", "keyframes": [{"loc": [17, 32], "index": 0, "tweened": false, "duration": 1, "pivot": [17, 32], "ref": "nippers2_i"}]}], "id": "~itm/nippers_02"}, {"layers": [{"name": "shadow", "keyframes": [{"loc": [59, 34], "index": 0, "tweened": false, "duration": 1, "pivot": [59, 32], "ref": "nippers3_s"}]}, {"name": "item", "keyframes": [{"loc": [65.5, 25], "index": 0, "tweened": false, "duration": 1, "pivot": [48, 25], "ref": "nippers3_i"}]}], "id": "~itm/nippers_03"}, {"layers": [{"name": "shadow", "keyframes": [{"loc": [57, 30.5], "index": 0, "tweened": false, "duration": 1, "pivot": [56, 25], "ref": "nippers4_s"}]}, {"name": "item", "keyframes": [{"loc": [53, 29], "index": 0, "tweened": false, "duration": 1, "pivot": [53, 29], "ref": "nippers4_i"}]}], "id": "~itm/nippers_04"}, {"layers": [{"name": "item", "keyframes": [{"loc": [27, 29], "index": 0, "tweened": false, "duration": 1, "pivot": [27, 29], "ref": "nosmoke1_i"}]}], "id": "~itm/nosmoke_01"}, {"layers": [{"name": "item", "keyframes": [{"loc": [20, 28], "index": 0, "tweened": false, "duration": 1, "pivot": [20, 28], "ref": "nosmoke2_i"}]}], "id": "~itm/nosmoke_02"}, {"layers": [{"name": "item", "keyframes": [{"loc": [25, 29], "index": 0, "tweened": false, "duration": 1, "pivot": [25, 29], "ref": "nosmoke3_i"}]}], "id": "~itm/nosmoke_03"}, {"layers": [{"name": "item", "keyframes": [{"loc": [27, 27], "index": 0, "tweened": false, "duration": 1, "pivot": [27, 27], "ref": "nosmoke4_i"}]}], "id": "~itm/nosmoke_04"}, {"layers": [{"name": "shadow", "keyframes": [{"loc": [7, 32.5], "index": 0, "tweened": false, "duration": 1, "pivot": [7, 30], "ref": "radio1_s"}]}, {"name": "invisible", "keyframes": [{"loc": [18, 54], "index": 0, "tweened": false, "duration": 1, "pivot": [17, 35], "ref": "radio1_inv"}]}, {"name": "item", "keyframes": [{"loc": [18, 35], "index": 0, "tweened": false, "duration": 1, "pivot": [17, 35], "ref": "radio1_i"}]}], "id": "~itm/radio_01"}, {"layers": [{"name": "shadow", "keyframes": [{"loc": [25, 75.5], "index": 0, "tweened": false, "duration": 1, "pivot": [22, 6], "ref": "radio2_s"}]}, {"name": "invisible", "keyframes": [{"loc": [19, 15], "index": 0, "tweened": false, "duration": 1, "pivot": [7, 15], "ref": "radio2_inv"}]}, {"name": "item", "keyframes": [{"loc": [15, 44.5], "index": 0, "tweened": false, "duration": 1, "pivot": [15, 34], "ref": "radio2_i"}]}], "id": "~itm/radio_02"}, {"layers": [{"name": "item", "keyframes": [{"loc": [12, 35], "index": 0, "tweened": false, "duration": 1, "pivot": [12, 35], "ref": "radio3_i"}]}], "id": "~itm/radio_03"}, {"layers": [{"name": "shadow", "keyframes": [{"loc": [15, 63.5], "index": 0, "tweened": false, "duration": 1, "pivot": [15, 8], "ref": "radio4_s"}]}, {"name": "item", "keyframes": [{"loc": [17.5, 31], "index": 0, "tweened": false, "duration": 1, "pivot": [12, 31], "ref": "radio4_i"}]}], "id": "~itm/radio_04"}, {"layers": [{"name": "item", "keyframes": [{"loc": [37, 34], "index": 0, "tweened": false, "duration": 1, "pivot": [37, 34], "ref": "receiver1_i"}]}], "id": "~itm/receiver_01"}, {"layers": [{"name": "item", "keyframes": [{"loc": [41, 38], "index": 0, "tweened": false, "duration": 1, "pivot": [41, 38], "ref": "receiver2_i"}]}], "id": "~itm/receiver_02"}, {"layers": [{"name": "shadow", "keyframes": [{"loc": [101, 129.5], "index": 0, "tweened": false, "duration": 1, "pivot": [101, 35], "ref": "receiver3_s"}]}, {"name": "item", "keyframes": [{"loc": [96.5, 61], "index": 0, "tweened": false, "duration": 1, "pivot": [51, 61], "ref": "receiver3_i"}]}], "id": "~itm/receiver_03"}, {"layers": [{"name": "shadow", "keyframes": [{"loc": [47, 25], "index": 0, "tweened": false, "duration": 1, "pivot": [47, 25], "ref": "receiver4_s"}]}, {"name": "invisible", "keyframes": [{"loc": [45, 54.5], "index": 0, "tweened": false, "duration": 1, "pivot": [37, 16], "ref": "receiver4_inv"}]}, {"name": "item", "keyframes": [{"loc": [42, 25], "index": 0, "tweened": false, "duration": 1, "pivot": [42, 25], "ref": "receiver4_i"}]}], "id": "~itm/receiver_04"}, {"layers": [{"name": "item", "keyframes": [{"loc": [41, 66], "index": 0, "tweened": false, "duration": 1, "pivot": [41, 66], "ref": "scarf1_i"}]}], "id": "~itm/scarf_01"}, {"layers": [{"name": "shadow", "keyframes": [{"loc": [52.5, 90], "index": 0, "tweened": false, "duration": 1, "pivot": [37, 55], "ref": "scarf2_s"}]}, {"name": "item", "keyframes": [{"loc": [48, 69], "index": 0, "tweened": false, "duration": 1, "pivot": [48, 69], "ref": "scarf2_i"}]}], "id": "~itm/scarf_02"}, {"layers": [{"name": "shadow", "keyframes": [{"loc": [52.5, 90], "index": 0, "tweened": false, "duration": 1, "pivot": [37, 55], "ref": "scarf3_s"}]}, {"name": "item", "keyframes": [{"loc": [48, 69], "index": 0, "tweened": false, "duration": 1, "pivot": [48, 69], "ref": "scarf3_i"}]}], "id": "~itm/scarf_03"}, {"layers": [{"name": "shadow", "keyframes": [{"loc": [49, 82.5], "index": 0, "tweened": false, "duration": 1, "pivot": [41, 62], "ref": "scarf4_s"}]}, {"name": "item", "keyframes": [{"loc": [48, 73], "index": 0, "tweened": false, "duration": 1, "pivot": [48, 73], "ref": "scarf4_i"}]}], "id": "~itm/scarf_04"}, {"layers": [{"name": "shadow", "keyframes": [{"loc": [38, 22.5], "index": 0, "tweened": false, "duration": 1, "pivot": [38, 12], "ref": "sunglasses1_s"}]}, {"name": "item", "keyframes": [{"loc": [43.5, 13], "index": 0, "tweened": false, "duration": 1, "pivot": [32, 13], "ref": "sunglasses1_i"}]}], "id": "~itm/sunglasses_01"}, {"layers": [{"name": "shadow", "keyframes": [{"loc": [30, 18], "index": 0, "tweened": false, "duration": 1, "pivot": [30, 8], "ref": "sunglasses2_s"}]}, {"name": "item", "keyframes": [{"loc": [32.5, 11], "index": 0, "tweened": false, "duration": 1, "pivot": [26, 11], "ref": "sunglasses2_i"}]}], "id": "~itm/sunglasses_02"}, {"layers": [{"name": "shadow", "keyframes": [{"loc": [24, 19], "index": 0, "tweened": false, "duration": 1, "pivot": [24, 13], "ref": "sunglasses3_s"}]}, {"name": "item", "keyframes": [{"loc": [22, 11], "index": 0, "tweened": false, "duration": 1, "pivot": [21, 11], "ref": "sunglasses3_i"}]}], "id": "~itm/sunglasses_03"}, {"layers": [{"name": "shadow", "keyframes": [{"loc": [51, 31.5], "index": 0, "tweened": false, "duration": 1, "pivot": [51, 29], "ref": "sunglasses4_s"}]}, {"name": "item", "keyframes": [{"loc": [63.5, 20], "index": 0, "tweened": false, "duration": 1, "pivot": [38, 20], "ref": "sunglasses4_i"}]}], "id": "~itm/sunglasses_04"}, {"layers": [{"name": "shadow", "keyframes": [{"loc": [8, 48.5], "index": 0, "tweened": false, "duration": 1, "pivot": [8, 28], "ref": "surveillance1_s"}]}, {"name": "item", "keyframes": [{"loc": [33.5, 22], "index": 0, "tweened": false, "duration": 1, "pivot": [24, 22], "ref": "surveillance1_i"}]}], "id": "~itm/surveillance_01"}, {"layers": [{"name": "item", "keyframes": [{"loc": [33, 21], "index": 0, "tweened": false, "duration": 1, "pivot": [33, 21], "ref": "surveillance2_i"}]}], "id": "~itm/surveillance_02"}, {"layers": [{"name": "shadow", "keyframes": [{"loc": [63.5, 27], "index": 0, "tweened": false, "duration": 1, "pivot": [5, 27], "ref": "surveillance3_s"}]}, {"name": "item", "keyframes": [{"loc": [33, 29.5], "index": 0, "tweened": false, "duration": 1, "pivot": [33, 23], "ref": "surveillance3_i"}]}], "id": "~itm/surveillance_03"}, {"layers": [{"name": "shadow", "keyframes": [{"loc": [77.5, 43], "index": 0, "tweened": false, "duration": 1, "pivot": [24, 43], "ref": "surveillance4_s"}]}, {"name": "item", "keyframes": [{"loc": [32, 61.5], "index": 0, "tweened": false, "duration": 1, "pivot": [32, 23], "ref": "surveillance4_i"}]}], "id": "~itm/surveillance_04"}, {"layers": [{"name": "shadow", "keyframes": [{"loc": [70, 51], "index": 0, "tweened": false, "duration": 1, "pivot": [70, 25], "ref": "tablet1_s"}]}, {"name": "item", "keyframes": [{"loc": [70, 38], "index": 0, "tweened": false, "duration": 1, "pivot": [70, 38], "ref": "tablet1_i"}]}], "id": "~itm/tablet_01"}, {"layers": [{"name": "shadow", "keyframes": [{"loc": [116, 55.5], "index": 0, "tweened": false, "duration": 1, "pivot": [23, 14], "ref": "tablet2_s"}]}, {"name": "item", "keyframes": [{"loc": [70, 48], "index": 0, "tweened": false, "duration": 1, "pivot": [70, 48], "ref": "tablet2_i"}]}], "id": "~itm/tablet_02"}, {"layers": [{"name": "invisible", "keyframes": [{"loc": [81.5, 25], "index": 0, "tweened": false, "duration": 1, "pivot": [9, 24], "ref": "tablet3_inv"}]}, {"name": "item", "keyframes": [{"loc": [37, 27], "index": 0, "tweened": false, "duration": 1, "pivot": [37, 27], "ref": "tablet3_i"}]}], "id": "~itm/tablet_03"}, {"layers": [{"name": "shadow", "keyframes": [{"loc": [90.5, 75], "index": 0, "tweened": false, "duration": 1, "pivot": [33, 53], "ref": "tablet4_s"}]}, {"name": "item", "keyframes": [{"loc": [51, 56], "index": 0, "tweened": false, "duration": 1, "pivot": [51, 56], "ref": "tablet4_i"}]}], "id": "~itm/tablet_04"}, {"layers": [{"name": "shadow", "keyframes": [{"loc": [13, 36.5], "index": 0, "tweened": false, "duration": 1, "pivot": [13, 32], "ref": "tree1_s"}]}, {"name": "item", "keyframes": [{"loc": [15, 34], "index": 0, "tweened": false, "duration": 1, "pivot": [15, 34], "ref": "tree1_i"}]}], "id": "~itm/tree_01"}, {"layers": [{"name": "shadow", "keyframes": [{"loc": [61, 116], "index": 0, "tweened": false, "duration": 1, "pivot": [61, 97], "ref": "tree2_s"}]}, {"name": "item", "keyframes": [{"loc": [91, 107], "index": 0, "tweened": false, "duration": 1, "pivot": [53, 107], "ref": "tree2_i"}]}], "id": "~itm/tree_02"}, {"layers": [{"name": "shadow", "keyframes": [{"loc": [56, 231], "index": 0, "tweened": false, "duration": 1, "pivot": [56, 42], "ref": "tree3_s"}]}, {"name": "item", "keyframes": [{"loc": [64.5, 105], "index": 0, "tweened": false, "duration": 1, "pivot": [53, 105], "ref": "tree3_i"}]}], "id": "~itm/tree_03"}, {"layers": [{"name": "shadow", "keyframes": [{"loc": [71, 290.5], "index": 0, "tweened": false, "duration": 1, "pivot": [71, 23], "ref": "tree4_s"}]}, {"name": "item", "keyframes": [{"loc": [89, 153], "index": 0, "tweened": false, "duration": 1, "pivot": [74, 153], "ref": "tree4_i"}]}], "id": "~itm/tree_04"}], "md5": "0b917f617c04afae3df8c6d20e284fdd", "textureGroups": [{"atlases": [{"textures": [{"origin": [0, 0], "symbol": "_bounds", "rect": [1, 1, 653, 491]}, {"origin": [0, 0], "symbol": "jacket1_s", "rect": [656, 1, 126, 592]}, {"origin": [0, 0], "symbol": "jacket1_i", "rect": [784, 1, 124, 496]}, {"origin": [0, 0], "symbol": "tree4_i", "rect": [784, 499, 148, 306]}, {"origin": [0, 0], "symbol": "cooler1_i", "rect": [910, 1, 104, 354]}, {"origin": [0, 0], "symbol": "box4_i", "rect": [1, 494, 212, 160]}, {"origin": [0, 0], "symbol": "box2_i", "rect": [215, 494, 212, 160]}, {"origin": [0, 0], "symbol": "jacket4_i", "rect": [934, 357, 80, 324]}, {"origin": [0, 0], "symbol": "tree2_s", "rect": [429, 494, 122, 194]}, {"origin": [0, 0], "symbol": "cable3_s", "rect": [553, 595, 214, 110]}, {"origin": [0, 0], "symbol": "tree2_i", "rect": [1, 656, 106, 214]}, {"origin": [0, 0], "symbol": "tree3_i", "rect": [109, 656, 106, 210]}, {"origin": [0, 0], "symbol": "jacket2_i", "rect": [934, 683, 82, 270]}, {"origin": [0, 0], "symbol": "cable1_i", "rect": [217, 656, 154, 136]}, {"origin": [0, 0], "symbol": "jacket3_i", "rect": [373, 690, 130, 124]}, {"origin": [0, 0], "symbol": "baton3_i", "rect": [217, 794, 78, 206]}, {"origin": [0, 0], "symbol": "backpack2_s", "rect": [1, 872, 202, 76]}, {"origin": [0, 0], "symbol": "cable3_i", "rect": [1, 950, 152, 100]}, {"origin": [0, 0], "symbol": "backpack2_i", "rect": [505, 707, 164, 90]}, {"origin": [0, 0], "symbol": "receiver3_s", "rect": [505, 799, 202, 70]}, {"origin": [0, 0], "symbol": "scarf4_i", "rect": [297, 816, 96, 146]}, {"origin": [0, 0], "symbol": "baton3_s", "rect": [395, 816, 74, 184]}, {"origin": [0, 0], "symbol": "tablet2_i", "rect": [709, 807, 140, 96]}, {"origin": [0, 0], "symbol": "scarf2_i", "rect": [297, 964, 96, 138]}, {"origin": [0, 0], "symbol": "scarf3_i", "rect": [155, 1002, 96, 138]}, {"origin": [0, 0], "symbol": "jacket3_s", "rect": [1, 1052, 114, 116]}, {"origin": [0, 0], "symbol": "box3_s", "rect": [471, 871, 172, 76]}, {"origin": [0, 0], "symbol": "backpack3_i", "rect": [645, 905, 102, 122]}, {"origin": [0, 0], "symbol": "receiver3_i", "rect": [471, 949, 102, 122]}, {"origin": [0, 0], "symbol": "fan4_i", "rect": [749, 905, 90, 138]}, {"origin": [0, 0], "symbol": "backpack1_s", "rect": [575, 1029, 98, 126]}, {"origin": [0, 0], "symbol": "cable4_s", "rect": [841, 905, 90, 130]}, {"origin": [0, 0], "symbol": "baton1_i", "rect": [395, 1073, 104, 112]}, {"origin": [0, 0], "symbol": "tablet4_i", "rect": [253, 1104, 102, 112]}, {"origin": [0, 0], "symbol": "box1_s", "rect": [841, 1037, 160, 70]}, {"origin": [0, 0], "symbol": "baton1_s", "rect": [117, 1142, 102, 108]}, {"origin": [0, 0], "symbol": "scarf1_i", "rect": [1, 1170, 82, 132]}, {"origin": [0, 0], "symbol": "tablet1_i", "rect": [675, 1045, 140, 76]}, {"origin": [0, 0], "symbol": "box3_i", "rect": [817, 1109, 124, 84]}, {"origin": [0, 0], "symbol": "jacket2_s", "rect": [943, 1109, 80, 130]}, {"origin": [0, 0], "symbol": "scarf4_s", "rect": [675, 1123, 82, 124]}, {"origin": [0, 0], "symbol": "cooler2_inv", "rect": [759, 1123, 54, 186]}, {"origin": [0, 0], "symbol": "boots4_i", "rect": [815, 1195, 118, 84]}, {"origin": [0, 0], "symbol": "cable2_inv", "rect": [501, 1157, 102, 96]}, {"origin": [0, 0], "symbol": "fan3_i", "rect": [935, 1241, 82, 118]}, {"origin": [0, 0], "symbol": "boots4_s", "rect": [221, 1218, 166, 58]}, {"origin": [0, 0], "symbol": "coffeepot4_s", "rect": [671, 707, 108, 88]}, {"origin": [0, 0], "symbol": "tree3_s", "rect": [815, 1281, 112, 84]}, {"origin": [0, 0], "symbol": "baton4_i", "rect": [605, 1157, 54, 164]}, {"origin": [0, 0], "symbol": "cable4_inv", "rect": [929, 1361, 76, 114]}, {"origin": [0, 0], "symbol": "box1_inv", "rect": [85, 1252, 114, 72]}, {"origin": [0, 0], "symbol": "scarf2_s", "rect": [1, 1304, 74, 110]}, {"origin": [0, 0], "symbol": "scarf3_s", "rect": [661, 1249, 74, 110]}, {"origin": [0, 0], "symbol": "fan2_i", "rect": [737, 1311, 74, 106]}, {"origin": [0, 0], "symbol": "headphones2_i", "rect": [813, 1367, 104, 74]}, {"origin": [0, 0], "symbol": "magazine1_s", "rect": [389, 1187, 106, 72]}, {"origin": [0, 0], "symbol": "magazine2_s", "rect": [389, 1261, 112, 68]}, {"origin": [0, 0], "symbol": "cable2_i", "rect": [503, 1255, 70, 108]}, {"origin": [0, 0], "symbol": "nippers3_s", "rect": [575, 1361, 118, 64]}, {"origin": [0, 0], "symbol": "backpack3_s", "rect": [201, 1278, 146, 50]}, {"origin": [0, 0], "symbol": "baton2_i", "rect": [695, 1419, 46, 158]}, {"origin": [0, 0], "symbol": "baton2_s", "rect": [743, 1419, 46, 156]}, {"origin": [0, 0], "symbol": "fan2_s", "rect": [553, 494, 94, 76]}, {"origin": [0, 0], "symbol": "cap2_i", "rect": [933, 955, 88, 80]}, {"origin": [0, 0], "symbol": "backpack4_i", "rect": [791, 1443, 130, 54]}, {"origin": [0, 0], "symbol": "tablet1_s", "rect": [791, 1499, 140, 50]}, {"origin": [0, 0], "symbol": "tablet4_s", "rect": [933, 1477, 66, 106]}, {"origin": [0, 0], "symbol": "cable4_i", "rect": [791, 1551, 60, 116]}, {"origin": [0, 0], "symbol": "cap1_i", "rect": [851, 807, 74, 94]}, {"origin": [0, 0], "symbol": "box1_i", "rect": [853, 1585, 96, 72]}, {"origin": [0, 0], "symbol": "headphones4_s", "rect": [853, 1659, 82, 84]}, {"origin": [0, 0], "symbol": "boots1_s", "rect": [77, 1330, 130, 52]}, {"origin": [0, 0], "symbol": "cap2_s", "rect": [209, 1330, 132, 50]}, {"origin": [0, 0], "symbol": "magazine1_i", "rect": [343, 1331, 100, 66]}, {"origin": [0, 0], "symbol": "tree4_s", "rect": [77, 1384, 142, 46]}, {"origin": [0, 0], "symbol": "magazine2_i", "rect": [221, 1382, 108, 60]}, {"origin": [0, 0], "symbol": "backpack1_i", "rect": [937, 1659, 70, 90]}, {"origin": [0, 0], "symbol": "receiver2_i", "rect": [445, 1365, 82, 76]}, {"origin": [0, 0], "symbol": "nippers4_i", "rect": [331, 1399, 106, 58]}, {"origin": [0, 0], "symbol": "exit1_i", "rect": [529, 1427, 96, 64]}, {"origin": [0, 0], "symbol": "flashlight3_s", "rect": [1, 1432, 132, 46]}, {"origin": [0, 0], "symbol": "sunglasses4_s", "rect": [135, 1444, 102, 58]}, {"origin": [0, 0], "symbol": "jacket4_s", "rect": [743, 1577, 42, 134]}, {"origin": [0, 0], "symbol": "nippers4_s", "rect": [1, 1480, 112, 50]}, {"origin": [0, 0], "symbol": "headphones3_s", "rect": [501, 1073, 68, 80]}, {"origin": [0, 0], "symbol": "fan1_i", "rect": [575, 949, 68, 78]}, {"origin": [0, 0], "symbol": "magazine3_s", "rect": [787, 1669, 50, 106]}, {"origin": [0, 0], "symbol": "headphones4_i", "rect": [839, 1745, 66, 80]}, {"origin": [0, 0], "symbol": "boots2_i", "rect": [907, 1751, 94, 56]}, {"origin": [0, 0], "symbol": "exit4_i", "rect": [239, 1459, 126, 40]}, {"origin": [0, 0], "symbol": "coffeepot4_i", "rect": [951, 1585, 72, 70]}, {"origin": [0, 0], "symbol": "receiver1_i", "rect": [395, 1002, 74, 68]}, {"origin": [0, 0], "symbol": "magazine3_i", "rect": [907, 1809, 48, 104]}, {"origin": [0, 0], "symbol": "nippers3_i", "rect": [367, 1459, 96, 50]}, {"origin": [0, 0], "symbol": "flashlight3_i", "rect": [239, 1501, 126, 38]}, {"origin": [0, 0], "symbol": "flashlight4_i", "rect": [1, 1532, 126, 38]}, {"origin": [0, 0], "symbol": "magazine4_i", "rect": [129, 1504, 74, 64]}, {"origin": [0, 0], "symbol": "fan3_s", "rect": [465, 1493, 98, 48]}, {"origin": [0, 0], "symbol": "receiver4_s", "rect": [367, 1511, 94, 50]}, {"origin": [0, 0], "symbol": "gun4_s", "rect": [957, 1809, 52, 90]}, {"origin": [0, 0], "symbol": "backpack4_s", "rect": [565, 1493, 106, 44]}, {"origin": [0, 0], "symbol": "gun2_i", "rect": [565, 1539, 110, 42]}, {"origin": [0, 0], "symbol": "boots3_i", "rect": [957, 1901, 66, 70]}, {"origin": [0, 0], "symbol": "backpack4_inv", "rect": [1, 1973, 124, 36]}, {"origin": [0, 0], "symbol": "flashlight4_s", "rect": [463, 1543, 94, 46]}, {"origin": [0, 0], "symbol": "gun4_i", "rect": [677, 1579, 50, 86]}, {"origin": [0, 0], "symbol": "boots1_i", "rect": [559, 1583, 74, 58]}, {"origin": [0, 0], "symbol": "magazine4_s", "rect": [127, 1973, 64, 66]}, {"origin": [0, 0], "symbol": "boots3_s", "rect": [193, 1973, 64, 66]}, {"origin": [0, 0], "symbol": "coffeepot1_s", "rect": [259, 1541, 78, 54]}, {"origin": [0, 0], "symbol": "receiver4_i", "rect": [129, 1570, 84, 50]}, {"origin": [0, 0], "symbol": "gun3_i", "rect": [1, 1572, 104, 40]}, {"origin": [0, 0], "symbol": "surveillance4_s", "rect": [1, 1614, 48, 86]}, {"origin": [0, 0], "symbol": "cable1_s", "rect": [1, 1915, 82, 50]}, {"origin": [0, 0], "symbol": "mug3_s", "rect": [85, 1915, 96, 42]}, {"origin": [0, 0], "symbol": "tablet3_i", "rect": [51, 1614, 74, 54]}, {"origin": [0, 0], "symbol": "cap3_i", "rect": [339, 1563, 50, 78]}, {"origin": [0, 0], "symbol": "glove2_i", "rect": [259, 1597, 74, 52]}, {"origin": [0, 0], "symbol": "gun2_s", "rect": [1, 2011, 112, 34]}, {"origin": [0, 0], "symbol": "glove2_s", "rect": [183, 1622, 74, 50]}, {"origin": [0, 0], "symbol": "exit3_i", "rect": [51, 1670, 94, 38]}, {"origin": [0, 0], "symbol": "mug3_i", "rect": [1, 1702, 48, 74]}, {"origin": [0, 0], "symbol": "handcuff3_s", "rect": [183, 1915, 104, 34]}, {"origin": [0, 0], "symbol": "glove1_i", "rect": [259, 1973, 78, 44]}, {"origin": [0, 0], "symbol": "gun3_s", "rect": [289, 1915, 104, 32]}, {"origin": [0, 0], "symbol": "handcuff4_s", "rect": [627, 1427, 52, 62]}, {"origin": [0, 0], "symbol": "headphones1_i", "rect": [391, 1563, 50, 64]}, {"origin": [0, 0], "symbol": "coffeepot3_i", "rect": [391, 1629, 50, 64]}, {"origin": [0, 0], "symbol": "nosmoke1_i", "rect": [335, 1643, 54, 58]}, {"origin": [0, 0], "symbol": "headphones2_s", "rect": [147, 1674, 104, 30]}, {"origin": [0, 0], "symbol": "sunglasses4_i", "rect": [253, 1674, 76, 40]}, {"origin": [0, 0], "symbol": "surveillance3_i", "rect": [147, 1706, 66, 46]}, {"origin": [0, 0], "symbol": "flashlight2_i", "rect": [575, 1323, 82, 36]}, {"origin": [0, 0], "symbol": "surveillance4_i", "rect": [51, 1710, 64, 46]}, {"origin": [0, 0], "symbol": "coffeepot2_i", "rect": [339, 1973, 54, 54]}, {"origin": [0, 0], "symbol": "nosmoke4_i", "rect": [395, 1973, 54, 54]}, {"origin": [0, 0], "symbol": "headphones3_i", "rect": [451, 1973, 44, 66]}, {"origin": [0, 0], "symbol": "nosmoke3_i", "rect": [497, 1591, 50, 58]}, {"origin": [0, 0], "symbol": "handcuff4_i", "rect": [443, 1591, 48, 60]}, {"origin": [0, 0], "symbol": "surveillance2_i", "rect": [395, 1915, 66, 42]}, {"origin": [0, 0], "symbol": "coffeepot1_i", "rect": [465, 1443, 60, 46]}, {"origin": [0, 0], "symbol": "gun1_i", "rect": [463, 1915, 80, 34]}, {"origin": [0, 0], "symbol": "glove1_s", "rect": [497, 1973, 74, 36]}, {"origin": [0, 0], "symbol": "cap3_s", "rect": [357, 1104, 34, 78]}, {"origin": [0, 0], "symbol": "handcuff3_i", "rect": [497, 2011, 92, 28]}, {"origin": [0, 0], "symbol": "flashlight1_s", "rect": [573, 1973, 92, 28]}, {"origin": [0, 0], "symbol": "exit4_inv", "rect": [183, 1951, 126, 20]}, {"origin": [0, 0], "symbol": "flashlight2_s", "rect": [591, 2003, 90, 28]}, {"origin": [0, 0], "symbol": "handcuff2_i", "rect": [529, 1365, 44, 56]}, {"origin": [0, 0], "symbol": "fan4_s", "rect": [545, 1915, 82, 30]}, {"origin": [0, 0], "symbol": "cooler3_i", "rect": [117, 1052, 32, 76]}, {"origin": [0, 0], "symbol": "radio1_i", "rect": [215, 1541, 34, 70]}, {"origin": [0, 0], "symbol": "receiver4_inv", "rect": [853, 1551, 74, 32]}, {"origin": [0, 0], "symbol": "handcuff1_i", "rect": [253, 1002, 42, 56]}, {"origin": [0, 0], "symbol": "cap4_s", "rect": [629, 1915, 64, 36]}, {"origin": [0, 0], "symbol": "nosmoke2_i", "rect": [695, 1361, 40, 56]}, {"origin": [0, 0], "symbol": "cooler1_s", "rect": [667, 1973, 86, 26]}, {"origin": [0, 0], "symbol": "headphones1_s", "rect": [215, 1706, 36, 62]}, {"origin": [0, 0], "symbol": "nippers1_s", "rect": [635, 1583, 36, 62]}, {"origin": [0, 0], "symbol": "glove4_i", "rect": [155, 950, 46, 48]}, {"origin": [0, 0], "symbol": "cooler2_i", "rect": [695, 1667, 38, 58]}, {"origin": [0, 0], "symbol": "cap4_i", "rect": [127, 1622, 50, 44]}, {"origin": [0, 0], "symbol": "nippers2_i", "rect": [735, 1713, 34, 64]}, {"origin": [0, 0], "symbol": "nippers2_s", "rect": [695, 1727, 34, 64]}, {"origin": [0, 0], "symbol": "flashlight1_i", "rect": [695, 1915, 90, 24]}, {"origin": [0, 0], "symbol": "baton4_inv", "rect": [910, 357, 20, 108]}, {"origin": [0, 0], "symbol": "surveillance1_i", "rect": [771, 1777, 48, 44]}, {"origin": [0, 0], "symbol": "handcuff2_s", "rect": [731, 1779, 36, 58]}, {"origin": [0, 0], "symbol": "radio2_i", "rect": [221, 1142, 30, 68]}, {"origin": [0, 0], "symbol": "tree1_i", "rect": [85, 1170, 30, 68]}, {"origin": [0, 0], "symbol": "coffeepot3_s", "rect": [769, 1823, 56, 36]}, {"origin": [0, 0], "symbol": "boots3_inv", "rect": [117, 1754, 44, 44]}, {"origin": [0, 0], "symbol": "handcuff1_s", "rect": [163, 1754, 32, 58]}, {"origin": [0, 0], "symbol": "nippers1_i", "rect": [51, 1758, 32, 58]}, {"origin": [0, 0], "symbol": "sunglasses1_s", "rect": [545, 1947, 76, 24]}, {"origin": [0, 0], "symbol": "donut3_s", "rect": [85, 1800, 52, 34]}, {"origin": [0, 0], "symbol": "radio3_i", "rect": [1, 1778, 24, 70]}, {"origin": [0, 0], "symbol": "sunglasses1_i", "rect": [259, 2019, 64, 26]}, {"origin": [0, 0], "symbol": "tree1_s", "rect": [575, 1255, 26, 64]}, {"origin": [0, 0], "symbol": "headphones3_inv", "rect": [27, 1818, 26, 64]}, {"origin": [0, 0], "symbol": "apple3_i", "rect": [253, 1060, 40, 40]}, {"origin": [0, 0], "symbol": "clock1_i", "rect": [445, 1331, 56, 28]}, {"origin": [0, 0], "symbol": "donut3_i", "rect": [683, 2001, 46, 34]}, {"origin": [0, 0], "symbol": "magazine4_inv", "rect": [55, 1818, 24, 64]}, {"origin": [0, 0], "symbol": "exit2_s", "rect": [731, 2001, 42, 36]}, {"origin": [0, 0], "symbol": "glove3_i", "rect": [755, 1941, 42, 36]}, {"origin": [0, 0], "symbol": "apple4_i", "rect": [349, 1278, 36, 42]}, {"origin": [0, 0], "symbol": "radio4_i", "rect": [1, 1850, 24, 62]}, {"origin": [0, 0], "symbol": "mug2_i", "rect": [471, 816, 32, 46]}, {"origin": [0, 0], "symbol": "mug1_i", "rect": [787, 1861, 32, 44]}, {"origin": [0, 0], "symbol": "coffeepot3_inv", "rect": [799, 1907, 24, 56]}, {"origin": [0, 0], "symbol": "tablet2_s", "rect": [373, 656, 46, 28]}, {"origin": [0, 0], "symbol": "exit2_i", "rect": [645, 871, 40, 32]}, {"origin": [0, 0], "symbol": "donut1_s", "rect": [821, 1861, 40, 32]}, {"origin": [0, 0], "symbol": "cooler4_i", "rect": [1003, 1037, 20, 64]}, {"origin": [0, 0], "symbol": "mug4_i", "rect": [863, 1827, 30, 42]}, {"origin": [0, 0], "symbol": "sunglasses3_s", "rect": [695, 1941, 48, 26]}, {"origin": [0, 0], "symbol": "glove3_s", "rect": [825, 1895, 44, 28]}, {"origin": [0, 0], "symbol": "cooler3_s", "rect": [1001, 1477, 18, 68]}, {"origin": [0, 0], "symbol": "clock3_i", "rect": [871, 1915, 50, 24]}, {"origin": [0, 0], "symbol": "gun1_s", "rect": [297, 794, 74, 16]}, {"origin": [0, 0], "symbol": "cooler4_s", "rect": [737, 1249, 20, 58]}, {"origin": [0, 0], "symbol": "fan1_inv", "rect": [799, 1965, 48, 24]}, {"origin": [0, 0], "symbol": "cooler3_inv", "rect": [871, 1871, 32, 36]}, {"origin": [0, 0], "symbol": "sunglasses2_i", "rect": [311, 1949, 52, 22]}, {"origin": [0, 0], "symbol": "glove4_s", "rect": [825, 1925, 38, 30]}, {"origin": [0, 0], "symbol": "apple1_i", "rect": [85, 1758, 30, 38]}, {"origin": [0, 0], "symbol": "donut1_i", "rect": [849, 1957, 36, 30]}, {"origin": [0, 0], "symbol": "clock2_i", "rect": [259, 1651, 52, 20]}, {"origin": [0, 0], "symbol": "donut4_s", "rect": [887, 1941, 42, 24]}, {"origin": [0, 0], "symbol": "apple2_s", "rect": [887, 1967, 38, 26]}, {"origin": [0, 0], "symbol": "sunglasses2_s", "rect": [623, 1953, 60, 16]}, {"origin": [0, 0], "symbol": "apple1_s", "rect": [775, 1991, 40, 24]}, {"origin": [0, 0], "symbol": "exit2_inv", "rect": [357, 1184, 30, 32]}, {"origin": [0, 0], "symbol": "donut4_i", "rect": [827, 1827, 34, 28]}, {"origin": [0, 0], "symbol": "backpack1_inv", "rect": [1003, 1751, 18, 52]}, {"origin": [0, 0], "symbol": "donut2_s", "rect": [817, 1991, 42, 22]}, {"origin": [0, 0], "symbol": "sunglasses3_i", "rect": [817, 2015, 42, 22]}, {"origin": [0, 0], "symbol": "apple2_i", "rect": [205, 1504, 30, 30]}, {"origin": [0, 0], "symbol": "surveillance1_s", "rect": [817, 1045, 16, 56]}, {"origin": [0, 0], "symbol": "coffeepot2_s", "rect": [775, 2017, 34, 26]}, {"origin": [0, 0], "symbol": "donut2_i", "rect": [927, 1973, 36, 24]}, {"origin": [0, 0], "symbol": "tablet3_inv", "rect": [931, 1915, 18, 48]}, {"origin": [0, 0], "symbol": "radio1_s", "rect": [771, 1713, 14, 60]}, {"origin": [0, 0], "symbol": "jacket3_inv", "rect": [463, 1951, 50, 16]}, {"origin": [0, 0], "symbol": "clock4_s", "rect": [861, 1995, 36, 22]}, {"origin": [0, 0], "symbol": "handcuff4_inv", "rect": [965, 1973, 32, 24]}, {"origin": [0, 0], "symbol": "handcuff1_inv", "rect": [861, 2019, 30, 24]}, {"origin": [0, 0], "symbol": "handcuff2_inv", "rect": [893, 2019, 30, 22]}, {"origin": [0, 0], "symbol": "boots2_inv", "rect": [135, 1432, 80, 8]}, {"origin": [0, 0], "symbol": "mug2_s", "rect": [505, 690, 44, 14]}, {"origin": [0, 0], "symbol": "baton3_inv", "rect": [910, 467, 22, 28]}, {"origin": [0, 0], "symbol": "clock4_i", "rect": [553, 572, 34, 16]}, {"origin": [0, 0], "symbol": "coffeepot2_inv", "rect": [687, 871, 18, 30]}, {"origin": [0, 0], "symbol": "surveillance3_s", "rect": [839, 1669, 10, 54]}, {"origin": [0, 0], "symbol": "radio2_s", "rect": [675, 1029, 44, 12]}, {"origin": [0, 0], "symbol": "radio4_s", "rect": [589, 572, 30, 16]}, {"origin": [0, 0], "symbol": "apple3_inv", "rect": [339, 1541, 24, 20]}, {"origin": [0, 0], "symbol": "apple4_inv", "rect": [115, 1480, 12, 36]}, {"origin": [0, 0], "symbol": "radio2_inv", "rect": [821, 1777, 14, 30]}, {"origin": [0, 0], "symbol": "donut1_inv", "rect": [325, 2019, 12, 28]}, {"origin": [0, 0], "symbol": "baton1_inv", "rect": [755, 1979, 18, 18]}, {"origin": [0, 0], "symbol": "nippers2_inv", "rect": [117, 1130, 32, 10]}, {"origin": [0, 0], "symbol": "radio1_inv", "rect": [439, 1443, 22, 14]}, {"origin": [0, 0], "symbol": "mug4_s", "rect": [85, 1240, 30, 10]}, {"origin": [0, 0], "symbol": "glove4_inv", "rect": [201, 1252, 12, 24]}, {"origin": [0, 0], "symbol": "coffeepot1_inv", "rect": [215, 1613, 40, 6]}, {"origin": [0, 0], "symbol": "apple1_inv", "rect": [745, 1941, 8, 30]}, {"origin": [0, 0], "symbol": "headphones1_inv", "rect": [775, 1979, 22, 8]}, {"origin": [0, 0], "symbol": "flashlight2_inv", "rect": [115, 1518, 8, 12]}, {"origin": [0, 0], "symbol": "baton2_inv", "rect": [129, 1480, 4, 14]}], "file": "atlas0.atf"}], "scaleFactor": 1}], "isNamespaced": false}