<xmlui modify="2016-04-05 15:40:08" scale="0.5"><libraryItem libraryName="_ASSETS" itemType="folder"><element type="instance" name="Layer 1" width="15.5" height="10" scaleX="0.25" scaleY="0.25" libraryItem="window"/></libraryItem><libraryItem libraryName="buttons" itemType="folder"><element type="instance" name="Layer 1" width="15.5" height="10" scaleX="0.25" scaleY="0.25" libraryItem="window"/></libraryItem><libraryItem libraryName="window" itemType="movie clip" linkageClassName="window"><element type="instance" name="bt_close" width="62" height="40" libraryItem="buttons/bt_close"><property name="ui_type"><![CDATA[button]]></property><property name="button_signal"><![CDATA[close]]></property></element><element type="shape" name="window_bounds" x="551.1" y="401.075" width="1102.2" height="802.15" layerType="guide"/></libraryItem><libraryItem libraryName="buttons/bt_close" itemType="movie clip" linkageClassName="bt_close"><element type="image" name="_out" width="62" height="40" libraryItem="buttons/bt close n"/><element type="image" name="_over" width="62" height="40" libraryItem="buttons/bt close h"/><element type="image" name="_down" width="62" height="40" libraryItem="buttons/bt close p"/></libraryItem><libraryItem libraryName="board bg" itemType="movie clip" linkageClassName="boardbg"><element type="instance" name="Layer 1" width="940" height="580" libraryItem="_ASSETS/board_bg.png"/></libraryItem><libraryItem libraryName="buttons/bt close h" itemType="movie clip" linkageClassName="btcloseh"><element type="instance" name="Layer 1" width="62" height="40" libraryItem="_ASSETS/bt_board_h.png"/></libraryItem><libraryItem libraryName="buttons/bt close n" itemType="movie clip" linkageClassName="btclosen"><element type="instance" name="Layer 1" width="62" height="40" libraryItem="_ASSETS/bt_board_n.png"/></libraryItem><libraryItem libraryName="buttons/bt close p" itemType="movie clip" linkageClassName="btclosep"><element type="instance" name="Layer 1" width="62" height="40" libraryItem="_ASSETS/bt_board_p.png"/></libraryItem><libraryItem libraryName="buttons/bt_scroll" itemType="movie clip" linkageClassName="bt_scroll"><element type="image" name="_out" width="16" height="16" libraryItem="buttons/scroll n"/><element type="image" name="_over" width="16" height="16" libraryItem="buttons/scroll h"/><element type="image" name="_down" width="16" height="16" libraryItem="buttons/scroll p"/></libraryItem><libraryItem libraryName="buttons/scroll n" itemType="movie clip" linkageClassName="scrolln"><element type="instance" name="Layer 1" width="16" height="16" libraryItem="_ASSETS/board_status_scroll.png"/></libraryItem><libraryItem libraryName="buttons/scroll h" itemType="movie clip" linkageClassName="scrollh"><element type="instance" name="Layer 1" width="16" height="16" libraryItem="_ASSETS/board_status_scroll.png"/></libraryItem><libraryItem libraryName="buttons/scroll p" itemType="movie clip" linkageClassName="scrollp"><element type="instance" name="Layer 1" width="16" height="16" libraryItem="_ASSETS/board_status_scroll.png"/></libraryItem><libraryItem libraryName="scroll" itemType="movie clip"><element type="instance" name="bt_scroll" y="-18" width="16" height="16" libraryItem="buttons/bt_scroll"/><element type="image" name="status" width="10" height="8" libraryItem="status"/></libraryItem><libraryItem libraryName="scroll_area" itemType="movie clip" linkageClassName="scroll_area"><element type="shape" name="rect:scroll_area_bounds" x="425" y="232.5" width="850" height="465" layerType="guide"/></libraryItem><libraryItem libraryName="status" itemType="movie clip" linkageClassName="status"><element type="instance" name="Layer 1" width="10" height="8" libraryItem="_ASSETS/board_status.png"/></libraryItem><libraryItem libraryName="status bg" itemType="movie clip" linkageClassName="statusbg"><element type="instance" name="Layer 1" width="412" height="8" libraryItem="_ASSETS/board_status_bg.png"/></libraryItem><libraryItem libraryName="_ASSETS/bg_task.png" itemType="bitmap" bitmapIndex="0.png"><element type="instance" name="Layer 1" width="15.5" height="10" scaleX="0.25" scaleY="0.25" libraryItem="window"/></libraryItem><libraryItem libraryName="_ASSETS/board_bg.png" itemType="bitmap" bitmapIndex="1.png"><element type="instance" name="Layer 1" width="15.5" height="10" scaleX="0.25" scaleY="0.25" libraryItem="window"/></libraryItem><libraryItem libraryName="_ASSETS/board_status.png" itemType="bitmap" bitmapIndex="2.png"><element type="instance" name="Layer 1" width="15.5" height="10" scaleX="0.25" scaleY="0.25" libraryItem="window"/></libraryItem><libraryItem libraryName="_ASSETS/board_status_bg.png" itemType="bitmap" bitmapIndex="3.png"><element type="instance" name="Layer 1" width="15.5" height="10" scaleX="0.25" scaleY="0.25" libraryItem="window"/></libraryItem><libraryItem libraryName="_ASSETS/board_status_scroll.png" itemType="bitmap" bitmapIndex="4.png"><element type="instance" name="Layer 1" width="15.5" height="10" scaleX="0.25" scaleY="0.25" libraryItem="window"/></libraryItem><libraryItem libraryName="_ASSETS/bt_board_h.png" itemType="bitmap" bitmapIndex="5.png"><element type="instance" name="Layer 1" width="15.5" height="10" scaleX="0.25" scaleY="0.25" libraryItem="window"/></libraryItem><libraryItem libraryName="_ASSETS/bt_board_n.png" itemType="bitmap" bitmapIndex="6.png"><element type="instance" name="Layer 1" width="15.5" height="10" scaleX="0.25" scaleY="0.25" libraryItem="window"/></libraryItem><libraryItem libraryName="_ASSETS/bt_board_p.png" itemType="bitmap" bitmapIndex="7.png"><element type="instance" name="Layer 1" width="15.5" height="10" scaleX="0.25" scaleY="0.25" libraryItem="window"/></libraryItem></xmlui>