<xmlui modify="2016-11-01 16:31:22" scale="0.5" textureType="png"><libraryItem libraryName="atlas" itemType="movie clip" folder="" linkageClassName="atlas"><element type="instance" name="Слой 1" width="50" height="50" libraryItem="atlas.png"/></libraryItem><libraryItem libraryName="badge" itemType="movie clip" folder="" linkageClassName="badge"><element type="instance" name="Слой 1" width="50" height="50" libraryItem="badge.png"/></libraryItem><libraryItem libraryName="bag" itemType="movie clip" folder="" linkageClassName="bag"><element type="instance" name="Слой 1" width="50" height="50" libraryItem="bag.png"/></libraryItem><libraryItem libraryName="bin" itemType="movie clip" folder="" linkageClassName="bin"><element type="instance" name="Слой 1" width="50" height="50" libraryItem="bin.png"/></libraryItem><libraryItem libraryName="caduceus" itemType="movie clip" folder="" linkageClassName="caduceus"><element type="instance" name="Слой 1" width="50" height="50" libraryItem="caduceus.png"/></libraryItem><libraryItem libraryName="calendar" itemType="movie clip" folder="" linkageClassName="calendar"><element type="instance" name="Слой 1" width="50" height="50" libraryItem="calendar.png"/></libraryItem><libraryItem libraryName="cookie" itemType="movie clip" folder="" linkageClassName="cookie"><element type="instance" name="Слой 1" width="50" height="50" libraryItem="cookie.png"/></libraryItem><libraryItem libraryName="crumpledpaper" itemType="movie clip" folder="" linkageClassName="crumpledpaper"><element type="instance" name="Слой 1" width="50" height="50" libraryItem="crumpledpaper.png"/></libraryItem><libraryItem libraryName="cup" itemType="movie clip" folder="" linkageClassName="cup"><element type="instance" name="Слой 1" width="50" height="50" libraryItem="cup.png"/></libraryItem><libraryItem libraryName="envelope" itemType="movie clip" folder="" linkageClassName="envelope"><element type="instance" name="Слой 1" width="50" height="50" libraryItem="envelope.png"/></libraryItem><libraryItem libraryName="firstaidkit" itemType="movie clip" folder="" linkageClassName="firstaidkit"><element type="instance" name="Слой 1" width="50" height="50" libraryItem="firstaidkit.png"/></libraryItem><libraryItem libraryName="flower" itemType="movie clip" folder="" linkageClassName="flower"><element type="instance" name="Слой 1" width="50" height="50" libraryItem="flower.png"/></libraryItem><libraryItem libraryName="folder" itemType="movie clip" folder="" linkageClassName="folder"><element type="instance" name="Слой 1" width="50" height="50" libraryItem="folder.png"/></libraryItem><libraryItem libraryName="frame" itemType="movie clip" folder="" linkageClassName="frame"><element type="instance" name="Слой 1" width="50" height="50" libraryItem="frame.png"/></libraryItem><libraryItem libraryName="glasses" itemType="movie clip" folder="" linkageClassName="glasses"><element type="instance" name="Слой 1" width="50" height="50" libraryItem="glasses.png"/></libraryItem><libraryItem libraryName="glove" itemType="movie clip" folder="" linkageClassName="glove"><element type="instance" name="Слой 1" width="50" height="50" libraryItem="glove.png"/></libraryItem><libraryItem libraryName="mask" itemType="movie clip" folder="" linkageClassName="mask"><element type="instance" name="Слой 1" width="50" height="50" libraryItem="mask.png"/></libraryItem><libraryItem libraryName="medicalcap" itemType="movie clip" folder="" linkageClassName="medicalcap"><element type="instance" name="Слой 1" width="50" height="50" libraryItem="medicalcap.png"/></libraryItem><libraryItem libraryName="memonotes" itemType="movie clip" folder="" linkageClassName="memonotes"><element type="instance" name="Слой 1" width="50" height="50" libraryItem="memonotes.png"/></libraryItem><libraryItem libraryName="newspaper" itemType="movie clip" folder="" linkageClassName="newspaper"><element type="instance" name="Слой 1" width="50" height="50" libraryItem="newspaper.png"/></libraryItem><libraryItem libraryName="pencil" itemType="movie clip" folder="" linkageClassName="pencil"><element type="instance" name="Слой 1" width="50" height="50" libraryItem="pencil.png"/></libraryItem><libraryItem libraryName="phone" itemType="movie clip" folder="" linkageClassName="phone"><element type="instance" name="Слой 1" width="50" height="50" libraryItem="phone.png"/></libraryItem><libraryItem libraryName="record" itemType="movie clip" folder="" linkageClassName="record"><element type="instance" name="Слой 1" width="50" height="50" libraryItem="record.png"/></libraryItem><libraryItem libraryName="scissors" itemType="movie clip" folder="" linkageClassName="scissors"><element type="instance" name="Слой 1" width="50" height="50" libraryItem="scissors.png"/></libraryItem><libraryItem libraryName="shadows" itemType="movie clip" folder="" linkageClassName="shadows"><element type="image" name="xray" x="200" y="250" width="50" height="50" libraryItem="xray"/><element type="image" name="watch" x="150" y="250" width="50" height="50" libraryItem="watch"/><element type="image" name="sticker" x="100" y="250" width="50" height="50" libraryItem="sticker"/><element type="image" name="stapler" x="50" y="250" width="50" height="50" libraryItem="stapler"/><element type="image" name="stamp" y="250" width="50" height="50" libraryItem="stamp"/><element type="image" name="shoe" x="200" y="200" width="50" height="50" libraryItem="shoe"/><element type="image" name="scissors" x="150" y="200" width="50" height="50" libraryItem="scissors"/><element type="image" name="record" x="100" y="200" width="50" height="50" libraryItem="record"/><element type="image" name="phone" x="50" y="200" width="50" height="50" libraryItem="phone"/><element type="image" name="pencil" y="200" width="50" height="50" libraryItem="pencil"/><element type="image" name="newspaper" x="200" y="150" width="50" height="50" libraryItem="newspaper"/><element type="image" name="memonotes" x="150" y="150" width="50" height="50" libraryItem="memonotes"/><element type="image" name="medicalcap" x="100" y="150" width="50" height="50" libraryItem="medicalcap"/><element type="image" name="mask" x="50" y="150" width="50" height="50" libraryItem="mask"/><element type="image" name="glove" y="150" width="50" height="50" libraryItem="glove"/><element type="image" name="glasses" x="200" y="100" width="50" height="50" libraryItem="glasses"/><element type="image" name="frame" x="150" y="100" width="50" height="50" libraryItem="frame"/><element type="image" name="folder" x="100" y="100" width="50" height="50" libraryItem="folder"/><element type="image" name="flower" x="50" y="100" width="50" height="50" libraryItem="flower"/><element type="image" name="firstaidkit" y="100" width="50" height="50" libraryItem="firstaidkit"/><element type="image" name="envelope" x="200" y="50" width="50" height="50" libraryItem="envelope"/><element type="image" name="cup" x="150" y="50" width="50" height="50" libraryItem="cup"/><element type="image" name="crumpledpaper" x="100" y="50" width="50" height="50" libraryItem="crumpledpaper"/><element type="image" name="cookie" x="50" y="50" width="50" height="50" libraryItem="cookie"/><element type="image" name="calendar" y="50" width="50" height="50" libraryItem="calendar"/><element type="image" name="caduceus" x="200" width="50" height="50" libraryItem="caduceus"/><element type="image" name="bin" x="150" width="50" height="50" libraryItem="bin"/><element type="image" name="bag" x="100" width="50" height="50" libraryItem="bag"/><element type="image" name="badge" x="50" width="50" height="50" libraryItem="badge"/><element type="image" name="atlas" width="50" height="50" libraryItem="atlas"/></libraryItem><libraryItem libraryName="xray" itemType="movie clip" folder="" linkageClassName="xray"><element type="instance" name="Слой 1" width="50" height="50" libraryItem="xray.png"/></libraryItem><libraryItem libraryName="watch" itemType="movie clip" folder="" linkageClassName="watch"><element type="instance" name="Слой 1" width="50" height="50" libraryItem="watch.png"/></libraryItem><libraryItem libraryName="sticker" itemType="movie clip" folder="" linkageClassName="sticker"><element type="instance" name="Слой 1" width="50" height="50" libraryItem="sticker.png"/></libraryItem><libraryItem libraryName="stapler" itemType="movie clip" folder="" linkageClassName="stapler"><element type="instance" name="Слой 1" width="50" height="50" libraryItem="stapler.png"/></libraryItem><libraryItem libraryName="stamp" itemType="movie clip" folder="" linkageClassName="stamp"><element type="instance" name="Слой 1" width="50" height="50" libraryItem="stamp.png"/></libraryItem><libraryItem libraryName="shoe" itemType="movie clip" folder="" linkageClassName="shoe"><element type="instance" name="Слой 1" width="50" height="50" libraryItem="shoe.png"/></libraryItem><libraryItem libraryName="atlas.png" itemType="bitmap" folder="" bitmapIndex="0.png"><element type="instance" name="shadows" width="250" height="300" libraryItem="shadows"/></libraryItem><libraryItem libraryName="badge.png" itemType="bitmap" folder="" bitmapIndex="1.png"><element type="instance" name="shadows" width="250" height="300" libraryItem="shadows"/></libraryItem><libraryItem libraryName="bag.png" itemType="bitmap" folder="" bitmapIndex="2.png"><element type="instance" name="shadows" width="250" height="300" libraryItem="shadows"/></libraryItem><libraryItem libraryName="bin.png" itemType="bitmap" folder="" bitmapIndex="3.png"><element type="instance" name="shadows" width="250" height="300" libraryItem="shadows"/></libraryItem><libraryItem libraryName="caduceus.png" itemType="bitmap" folder="" bitmapIndex="4.png"><element type="instance" name="shadows" width="250" height="300" libraryItem="shadows"/></libraryItem><libraryItem libraryName="calendar.png" itemType="bitmap" folder="" bitmapIndex="5.png"><element type="instance" name="shadows" width="250" height="300" libraryItem="shadows"/></libraryItem><libraryItem libraryName="cookie.png" itemType="bitmap" folder="" bitmapIndex="6.png"><element type="instance" name="shadows" width="250" height="300" libraryItem="shadows"/></libraryItem><libraryItem libraryName="crumpledpaper.png" itemType="bitmap" folder="" bitmapIndex="7.png"><element type="instance" name="shadows" width="250" height="300" libraryItem="shadows"/></libraryItem><libraryItem libraryName="cup.png" itemType="bitmap" folder="" bitmapIndex="8.png"><element type="instance" name="shadows" width="250" height="300" libraryItem="shadows"/></libraryItem><libraryItem libraryName="envelope.png" itemType="bitmap" folder="" bitmapIndex="9.png"><element type="instance" name="shadows" width="250" height="300" libraryItem="shadows"/></libraryItem><libraryItem libraryName="firstaidkit.png" itemType="bitmap" folder="" bitmapIndex="10.png"><element type="instance" name="shadows" width="250" height="300" libraryItem="shadows"/></libraryItem><libraryItem libraryName="flower.png" itemType="bitmap" folder="" bitmapIndex="11.png"><element type="instance" name="shadows" width="250" height="300" libraryItem="shadows"/></libraryItem><libraryItem libraryName="folder.png" itemType="bitmap" folder="" bitmapIndex="12.png"><element type="instance" name="shadows" width="250" height="300" libraryItem="shadows"/></libraryItem><libraryItem libraryName="frame.png" itemType="bitmap" folder="" bitmapIndex="13.png"><element type="instance" name="shadows" width="250" height="300" libraryItem="shadows"/></libraryItem><libraryItem libraryName="glasses.png" itemType="bitmap" folder="" bitmapIndex="14.png"><element type="instance" name="shadows" width="250" height="300" libraryItem="shadows"/></libraryItem><libraryItem libraryName="glove.png" itemType="bitmap" folder="" bitmapIndex="15.png"><element type="instance" name="shadows" width="250" height="300" libraryItem="shadows"/></libraryItem><libraryItem libraryName="mask.png" itemType="bitmap" folder="" bitmapIndex="16.png"><element type="instance" name="shadows" width="250" height="300" libraryItem="shadows"/></libraryItem><libraryItem libraryName="medicalcap.png" itemType="bitmap" folder="" bitmapIndex="17.png"><element type="instance" name="shadows" width="250" height="300" libraryItem="shadows"/></libraryItem><libraryItem libraryName="memonotes.png" itemType="bitmap" folder="" bitmapIndex="18.png"><element type="instance" name="shadows" width="250" height="300" libraryItem="shadows"/></libraryItem><libraryItem libraryName="newspaper.png" itemType="bitmap" folder="" bitmapIndex="19.png"><element type="instance" name="shadows" width="250" height="300" libraryItem="shadows"/></libraryItem><libraryItem libraryName="pencil.png" itemType="bitmap" folder="" bitmapIndex="20.png"><element type="instance" name="shadows" width="250" height="300" libraryItem="shadows"/></libraryItem><libraryItem libraryName="phone.png" itemType="bitmap" folder="" bitmapIndex="21.png"><element type="instance" name="shadows" width="250" height="300" libraryItem="shadows"/></libraryItem><libraryItem libraryName="record.png" itemType="bitmap" folder="" bitmapIndex="22.png"><element type="instance" name="shadows" width="250" height="300" libraryItem="shadows"/></libraryItem><libraryItem libraryName="scissors.png" itemType="bitmap" folder="" bitmapIndex="23.png"><element type="instance" name="shadows" width="250" height="300" libraryItem="shadows"/></libraryItem><libraryItem libraryName="shoe.png" itemType="bitmap" folder="" bitmapIndex="24.png"><element type="instance" name="shadows" width="250" height="300" libraryItem="shadows"/></libraryItem><libraryItem libraryName="stamp.png" itemType="bitmap" folder="" bitmapIndex="25.png"><element type="instance" name="shadows" width="250" height="300" libraryItem="shadows"/></libraryItem><libraryItem libraryName="stapler.png" itemType="bitmap" folder="" bitmapIndex="26.png"><element type="instance" name="shadows" width="250" height="300" libraryItem="shadows"/></libraryItem><libraryItem libraryName="sticker.png" itemType="bitmap" folder="" bitmapIndex="27.png"><element type="instance" name="shadows" width="250" height="300" libraryItem="shadows"/></libraryItem><libraryItem libraryName="watch.png" itemType="bitmap" folder="" bitmapIndex="28.png"><element type="instance" name="shadows" width="250" height="300" libraryItem="shadows"/></libraryItem><libraryItem libraryName="xray.png" itemType="bitmap" folder="" bitmapIndex="29.png"><element type="instance" name="shadows" width="250" height="300" libraryItem="shadows"/></libraryItem></xmlui>