{"textureFormat": "atf", "frameRate": 24, "movies": [{"layers": [{"name": "origin", "keyframes": [{"loc": [640, 384], "index": 0, "tweened": false, "duration": 1, "pivot": [640, 384], "ref": "~original"}]}], "id": "Room_back"}, {"layers": [{"name": "light", "keyframes": [{"loc": [1, -1], "index": 0, "pivot": [640, 79.5], "duration": 29, "alpha": 0.3008, "ref": "light"}, {"duration": 30, "index": 29, "pivot": [640, 79.5], "ref": "light", "loc": [1, -1]}, {"loc": [1, -1], "index": 59, "pivot": [640, 79.5], "duration": 1, "alpha": 0.3008, "ref": "light"}]}], "id": "~light_a"}, {"layers": [{"name": "noise", "keyframes": [{"loc": [1.175, -0.5], "index": 0, "pivot": [91, 15.25], "duration": 9, "alpha": 0, "ref": "~noise3_a"}, {"duration": 10, "index": 9, "pivot": [91, 15.25], "ref": "~noise3_a", "loc": [1.175, -0.5]}, {"loc": [1.175, -0.5], "index": 19, "pivot": [91, 15.25], "duration": 29, "alpha": 0, "ref": "~noise3_a"}, {"duration": 10, "index": 48, "pivot": [91, 15.25], "ref": "~noise3_a", "loc": [1.175, -0.5]}, {"loc": [1.175, -0.5], "index": 58, "pivot": [91, 15.25], "duration": 4, "alpha": 0, "ref": "~noise3_a"}, {"duration": 4, "index": 62, "pivot": [91, 15.25], "ref": "~noise3_a", "loc": [1.175, -0.5]}, {"loc": [1.175, -0.5], "index": 66, "pivot": [91, 15.25], "duration": 15, "alpha": 0, "ref": "~noise3_a"}, {"duration": 17, "index": 81, "pivot": [91, 15.25], "ref": "~noise3_a", "loc": [1.175, -0.5]}, {"loc": [1.175, -0.5], "index": 98, "pivot": [91, 15.25], "duration": 1, "alpha": 0, "ref": "~noise3_a"}]}], "id": "~monitor1_a"}, {"layers": [{"name": "monitor", "keyframes": [{"loc": [331.75, 98.25], "index": 0, "pivot": [331.75, 98.25], "duration": 53, "alpha": 0.2305, "ref": "monitor2"}, {"duration": 64, "index": 53, "pivot": [331.75, 98.25], "ref": "monitor2", "loc": [331.75, 98.25]}, {"loc": [331.75, 98.25], "index": 117, "pivot": [331.75, 98.25], "duration": 1, "alpha": 0.2305, "ref": "monitor2"}]}], "id": "~monitor2_a"}, {"layers": [{"name": "monitor", "keyframes": [{"loc": [59.25, 39], "index": 0, "pivot": [59.25, 39], "duration": 39, "alpha": 0.2305, "ref": "monitor3"}, {"loc": [59.25, 39], "index": 39, "pivot": [59.25, 39], "duration": 2, "alpha": 0.2305, "ref": "monitor3"}, {"duration": 2, "index": 41, "pivot": [59.25, 39], "ref": "monitor3", "loc": [59.25, 39]}, {"loc": [59.25, 39], "index": 43, "pivot": [59.25, 39], "duration": 6, "alpha": 0.2305, "ref": "monitor3"}, {"loc": [59.25, 39], "index": 49, "pivot": [59.25, 39], "duration": 2, "alpha": 0.2305, "ref": "monitor3"}, {"duration": 2, "index": 51, "pivot": [59.25, 39], "ref": "monitor3", "loc": [59.25, 39]}, {"loc": [59.25, 39], "index": 53, "pivot": [59.25, 39], "duration": 24, "alpha": 0.2305, "ref": "monitor3"}, {"loc": [59.25, 39], "index": 77, "pivot": [59.25, 39], "duration": 2, "alpha": 0.2305, "ref": "monitor3"}, {"duration": 2, "index": 79, "pivot": [59.25, 39], "ref": "monitor3", "loc": [59.25, 39]}, {"loc": [59.25, 39], "index": 81, "pivot": [59.25, 39], "duration": 46, "alpha": 0.2305, "ref": "monitor3"}, {"loc": [59.25, 39], "index": 127, "pivot": [59.25, 39], "duration": 1, "alpha": 0.2305, "ref": "monitor3"}]}], "id": "~monitor3_a"}, {"layers": [{"name": "monitor2", "keyframes": [{"duration": 56, "index": 0}, {"duration": 4, "index": 56, "pivot": [51, 34.25], "ref": "monitor4_2", "loc": [50, 33.25]}, {"loc": [50, 33.25], "index": 60, "tweened": false, "pivot": [51, 34.25], "duration": 1, "alpha": 0, "ref": "monitor4_2"}, {"duration": 74, "index": 61}, {"duration": 2, "index": 135, "pivot": [51, 34.25], "ref": "monitor4_2", "loc": [50, 33.25]}, {"loc": [50, 33.25], "index": 137, "pivot": [51, 34.25], "duration": 1, "alpha": 0, "ref": "monitor4_2"}, {"duration": 1, "index": 138}]}, {"name": "monitor1", "keyframes": [{"duration": 48, "index": 0}, {"loc": [50, 33.25], "index": 48, "pivot": [51, 34.25], "duration": 4, "alpha": 0, "ref": "monitor4_1"}, {"duration": 4, "index": 52, "pivot": [51, 34.25], "ref": "monitor4_1", "loc": [50, 33.25]}, {"duration": 1, "index": 56, "pivot": [51, 34.25], "ref": "monitor4_1", "loc": [50, 33.25]}, {"duration": 67, "index": 57}, {"duration": 6, "index": 124}, {"duration": 1, "index": 130}, {"loc": [50, 33.25], "index": 131, "pivot": [51, 34.25], "duration": 2, "alpha": 0, "ref": "monitor4_1"}, {"duration": 2, "index": 133, "pivot": [51, 34.25], "ref": "monitor4_1", "loc": [50, 33.25]}, {"duration": 1, "index": 135, "pivot": [51, 34.25], "ref": "monitor4_1", "loc": [50, 33.25]}, {"duration": 38, "index": 136}, {"duration": 1, "index": 174}]}], "id": "~monitor4_a"}, {"layers": [{"name": "noise2", "keyframes": [{"duration": 4, "index": 0, "pivot": [85, 57.75], "ref": "noise2", "loc": [-0.075, 0]}, {"loc": [-0.075, 0], "index": 4, "pivot": [85, 57.75], "duration": 1, "alpha": 0, "ref": "noise2"}, {"loc": [-0.075, 0], "index": 5, "pivot": [85, 57.75], "duration": 4, "alpha": 0, "ref": "noise2"}, {"duration": 1, "index": 9, "pivot": [85, 57.75], "ref": "noise2", "loc": [-0.075, 0]}]}, {"name": "noise1", "keyframes": [{"loc": [-0.075, 0], "index": 0, "pivot": [85, 57.75], "duration": 4, "alpha": 0, "ref": "noise1"}, {"duration": 5, "index": 4, "pivot": [85, 57.75], "ref": "noise1", "loc": [-0.075, 0]}, {"loc": [-0.075, 0], "index": 9, "pivot": [85, 57.75], "duration": 1, "alpha": 0, "ref": "noise1"}]}], "id": "~monitor5_a"}, {"layers": [{"name": "monitor", "keyframes": [{"duration": 249, "index": 0}, {"loc": [81.5, 53.5], "index": 249, "tweened": false, "duration": 120, "pivot": [81.5, 53.5], "ref": "monitor6"}, {"loc": [81.5, 53.5], "index": 369, "tweened": false, "duration": 1, "pivot": [81.5, 53.5], "ref": "monitor6"}]}], "id": "~monitor6_a"}, {"layers": [{"name": "noise", "keyframes": [{"loc": [91, -7.25], "index": 0, "pivot": [92.525, 21.75], "duration": 5, "alpha": 0, "ref": "noise3"}, {"loc": [92.075, 6.4], "scale": [0.9972, 1], "index": 5, "skew": [0.0047, 0.0047], "duration": 23, "pivot": [92.525, 21.75], "ref": "noise3"}, {"loc": [97, 69.175], "scale": [0.9843, 0.9999], "index": 28, "skew": [0.0308, 0.0308], "duration": 6, "pivot": [92.525, 21.75], "ref": "noise3"}, {"loc": [98.25, 85.525], "scale": [0.9811, 1], "index": 34, "skew": [0.0387, 0.0387], "pivot": [92.525, 21.75], "duration": 1, "alpha": 0, "ref": "noise3"}]}], "id": "~noise3_a"}, {"layers": [{"name": "background", "keyframes": [{"loc": [640, 384], "index": 0, "tweened": false, "duration": 1, "pivot": [640, 384], "ref": "background"}]}, {"name": "light", "keyframes": [{"loc": [640, 79.5], "index": 0, "tweened": false, "duration": 1, "pivot": [1, -1], "ref": "~light_a"}]}, {"name": "monitor2", "keyframes": [{"loc": [744.35, 166.05], "index": 0, "tweened": false, "duration": 1, "pivot": [331.75, 98.25], "ref": "~monitor2_a"}]}, {"name": "monitor5", "keyframes": [{"loc": [820.875, 239.8], "index": 0, "tweened": false, "pivot": [85, 57.75], "duration": 1, "alpha": 0.3008, "ref": "~monitor5_a"}]}, {"name": "monitor3", "keyframes": [{"loc": [937.35, 376.35], "index": 0, "tweened": false, "duration": 1, "pivot": [59.25, 39], "ref": "~monitor3_a"}]}, {"name": "monitor4", "keyframes": [{"duration": 1, "index": 0, "ref": "~monitor4_a", "tweened": false, "loc": [544.15, 335.575]}]}, {"name": "monitor1", "keyframes": [{"loc": [934.9, 144.025], "index": 0, "tweened": false, "pivot": [1.175, -0.5], "duration": 1, "alpha": 0.2305, "ref": "~monitor1_a"}]}, {"name": "server", "keyframes": [{"loc": [378.725, 303.8], "index": 0, "tweened": false, "duration": 1, "pivot": [8.25, 32.5], "ref": "~server_a"}]}, {"name": "monitor6", "keyframes": [{"duration": 1, "index": 0, "ref": "~monitor6_a", "tweened": false, "loc": [465.6, 135.525]}]}], "id": "~original"}, {"layers": [{"name": "server", "keyframes": [{"loc": [8.25, 32.5], "index": 0, "pivot": [8.25, 32.5], "duration": 17, "alpha": 0, "ref": "server"}, {"duration": 17, "index": 17, "pivot": [8.25, 32.5], "ref": "server", "loc": [8.25, 32.5]}, {"loc": [8.25, 32.5], "index": 34, "pivot": [8.25, 32.5], "duration": 8, "alpha": 0, "ref": "server"}, {"duration": 11, "index": 42, "pivot": [8.25, 32.5], "ref": "server", "loc": [8.25, 32.5]}, {"loc": [8.25, 32.5], "index": 53, "pivot": [8.25, 32.5], "duration": 84, "alpha": 0, "ref": "server"}, {"loc": [8.25, 32.5], "index": 137, "pivot": [8.25, 32.5], "duration": 1, "alpha": 0, "ref": "server"}]}], "id": "~server_a"}], "md5": "36a824a7f10980da35f3c464305239f0", "textureGroups": [{"atlases": [{"textures": [{"origin": [0, 0], "symbol": "background", "rect": [1, 1, 1280, 768]}, {"origin": [640, 79.5], "symbol": "light", "rect": [1, 771, 1280, 159]}, {"origin": [331.75, 98.25], "symbol": "monitor2", "rect": [1283, 1, 664, 197]}, {"origin": [85, 57.75], "symbol": "noise1", "rect": [1283, 200, 170, 116]}, {"origin": [85, 57.75], "symbol": "noise2", "rect": [1455, 200, 170, 116]}, {"origin": [0, 0], "symbol": "monitor6", "rect": [1627, 200, 163, 107]}, {"origin": [59.25, 39], "symbol": "monitor3", "rect": [1, 932, 119, 78]}, {"origin": [92.5, 21.75], "symbol": "noise3", "rect": [122, 932, 185, 44]}, {"origin": [51, 34.25], "symbol": "monitor4_1", "rect": [309, 932, 102, 69]}, {"origin": [51, 34.25], "symbol": "monitor4_2", "rect": [413, 932, 102, 69]}, {"origin": [8.25, 32.5], "symbol": "server", "rect": [1949, 1, 17, 65]}], "file": "atlas0.atf"}], "scaleFactor": 1}], "isNamespaced": false}