<xmlui modify="2016-10-10 18:04:43" scale="0.5" textureType="png"><libraryItem libraryName="_ASSETS" itemType="folder" folder=""><element type="instance" name="window" y="-0.025" width="2051.625" height="1225.025" scaleY="0.9999847412109375" libraryItem="window"/></libraryItem><libraryItem libraryName="buttons" itemType="folder" folder=""><element type="instance" name="window" y="-0.025" width="2051.625" height="1225.025" scaleY="0.9999847412109375" libraryItem="window"/></libraryItem><libraryItem libraryName="bg" itemType="movie clip" folder="" linkageClassName="bg"><scalingGrid left="22.75" right="68.25" top="42" bottom="97"/><element type="instance" name="Layer 1" width="2048" height="1225" libraryItem="_ASSETS/bg.png"/></libraryItem><libraryItem libraryName="buttons/bt close h" itemType="movie clip" folder="buttons" linkageClassName="btcloseh"><element type="instance" name="Layer 1" width="450" height="124" libraryItem="_ASSETS/bt_board_h.png"/></libraryItem><libraryItem libraryName="buttons/bt close n" itemType="movie clip" folder="buttons" linkageClassName="btclosen"><element type="instance" name="Layer 1" width="450" height="124" libraryItem="_ASSETS/bt_board_n.png"/></libraryItem><libraryItem libraryName="buttons/bt close p" itemType="movie clip" folder="buttons" linkageClassName="btclosep"><element type="instance" name="Layer 1" width="450" height="124" libraryItem="_ASSETS/bt_board_p.png"/></libraryItem><libraryItem libraryName="buttons/bt_close" itemType="movie clip" folder="buttons" linkageClassName="bt_close"><element type="image" name="_out" width="450" height="124" libraryItem="buttons/bt close n"/><element type="image" name="_over" width="450" height="124" libraryItem="buttons/bt close h"/><element type="image" name="_down" width="450" height="124" libraryItem="buttons/bt close p"/></libraryItem><libraryItem libraryName="container" itemType="movie clip" folder="" linkageClassName="bounds"><element type="shape" name="panel_bounds" x="174.9" y="35" width="350" height="70"/></libraryItem><libraryItem libraryName="listboxPanel" itemType="movie clip" folder="" linkageClassName="listboxPanel"><element type="shape" name="listbox_bounds" x="175" y="70" width="350" height="140"/></libraryItem><libraryItem libraryName="window" itemType="movie clip" folder="" linkageClassName="window"><element type="text" name="window_title" x="833.775" y="16" width="618.925" height="210.875" lineType="multiline" orientation="horizontal"><textFormat size="0.5" face="BebasNeue" fillColor="#ffffff" alignment="center" bold="false" italic="false"/><textString><![CDATA[WELL DONE!]]></textString><property name="source"><![CDATA[window_title]]></property></element><element type="text" name="time_label" x="691.675" y="16" width="385.925" height="69.025" lineType="multiline" orientation="horizontal"><textFormat size="0.5" face="BebasNeue" fillColor="#ffffff" alignment="center" bold="false" italic="false"/><textString><![CDATA[Time     00:00:00]]></textString><property name="source"><![CDATA[time_label]]></property></element><element type="text" name="score_label" x="582.35" y="19.3" width="218.65" height="62.425" lineType="multiline" orientation="horizontal"><textFormat size="0.5" face="BebasNeue" fillColor="#ffffff" alignment="center" bold="false" italic="false"/><textString><![CDATA[Score       1000]]></textString><property name="source"><![CDATA[score_label]]></property></element><element type="instance" name="drop_list" x="2" y="85.025" width="350" height="140" libraryItem="listboxPanel"><property name="ui_type"><![CDATA[listbox]]></property></element><element type="instance" name="bt_close" x="1601.625" y="1101.05" width="450" height="124" libraryItem="buttons/bt_close"><property name="ui_type"><![CDATA[button]]></property><property name="button_signal"><![CDATA[close]]></property></element><element type="instance" name="buttons_panel" x="816.175" y="1125.7" width="350" height="70" libraryItem="container"><property name="ui_type"><![CDATA[scalable_panel]]></property><property name="h_align"><![CDATA[center]]></property></element><element type="image" name="window_background" width="2048" height="1225.025" scaleY="1.000030517578125" libraryItem="bg"/><element type="shape" name="window_bounds" x="1024" y="612.5" width="2048" height="1225.025"/></libraryItem><libraryItem libraryName="_ASSETS/bg.png" itemType="bitmap" folder="_ASSETS" bitmapIndex="0.png"><element type="instance" name="window" y="-0.025" width="2051.625" height="1225.025" scaleY="0.9999847412109375" libraryItem="window"/></libraryItem><libraryItem libraryName="_ASSETS/bt_board_h.png" itemType="bitmap" folder="_ASSETS" bitmapIndex="1.png"><element type="instance" name="window" y="-0.025" width="2051.625" height="1225.025" scaleY="0.9999847412109375" libraryItem="window"/></libraryItem><libraryItem libraryName="_ASSETS/bt_board_n.png" itemType="bitmap" folder="_ASSETS" bitmapIndex="2.png"><element type="instance" name="window" y="-0.025" width="2051.625" height="1225.025" scaleY="0.9999847412109375" libraryItem="window"/></libraryItem><libraryItem libraryName="_ASSETS/bt_board_p.png" itemType="bitmap" folder="_ASSETS" bitmapIndex="3.png"><element type="instance" name="window" y="-0.025" width="2051.625" height="1225.025" scaleY="0.9999847412109375" libraryItem="window"/></libraryItem></xmlui>