<xmlui><libraryItem libraryName="_ASSETS" itemType="folder"><element type="instance" name="Layer 1" width="0" height="0" scaleX="0.999969482421875" scaleY="0.9998016357421875" libraryItem="control"/></libraryItem><libraryItem libraryName="buttons" itemType="folder"><element type="instance" name="Layer 1" width="0" height="0" scaleX="0.999969482421875" scaleY="0.9998016357421875" libraryItem="control"/></libraryItem><libraryItem libraryName="asd" itemType="movie clip" linkageClassName="asd"><element type="shape" name="Слой 1" x="9.3125" y="9.3125" width="18.625" height="18.625"/></libraryItem><libraryItem libraryName="back" itemType="movie clip" linkageClassName="back"><scalingGrid left="9" right="474.9375" top="51.0125" bottom="117.0375"/><element type="instance" name="Слой 2" y="-1.9125" width="633.25" height="124.5" libraryItem="Растровое изображение 2"/></libraryItem><libraryItem libraryName="back_panel" itemType="movie clip" linkageClassName="back_panel"><scalingGrid left="81.3125" right="243.975" top="11.4" bottom="34.225"/><element type="shape" name="Layer 1" x="162.6375" y="22.8125" width="325.2875" height="45.625"/></libraryItem><libraryItem libraryName="bg" itemType="movie clip" linkageClassName="bg"><element type="image" name="Layer 1" width="633.25" height="124.5" libraryItem="back"/></libraryItem><libraryItem libraryName="Board" itemType="movie clip" linkageClassName="window1"><element type="instance" name="bt_close" width="31" height="20" libraryItem="buttons/bt_close"><property name="ui_type"><![CDATA[button]]></property><property name="button_signal"><![CDATA[close]]></property></element><element type="shape" name="rect:window_bounds" x="15.5" y="10" width="31" height="20"/></libraryItem><libraryItem libraryName="buttons/bt_close" itemType="movie clip" linkageClassName="bt_close"><element type="image" name="_out" width="31" height="20" libraryItem="buttons/bt close n"/><element type="image" name="_over" width="31" height="20" libraryItem="buttons/bt close h"/><element type="image" name="_down" width="31" height="20" libraryItem="buttons/bt close p"/></libraryItem><libraryItem libraryName="board bg" itemType="movie clip" linkageClassName="boardbg"><element type="instance" name="Layer 1" width="470" height="290" libraryItem="_ASSETS/board_bg.png"/></libraryItem><libraryItem libraryName="bounds" itemType="movie clip" linkageClassName="bounds"><element type="instance" name="Слой 1" x="-0.125" y="-0.125" width="210.5875" height="151.75" scaleX="1.0516204833984375" libraryItem="Растровое изображение 3"/></libraryItem><libraryItem libraryName="buttonPanel" itemType="movie clip" linkageClassName="buttonPanel"><element type="instance" name="bt_next" width="22" height="22" libraryItem="buttons/bt_add"><property name="ui_type"><![CDATA[button]]></property></element></libraryItem><libraryItem libraryName="buttons/bt_add" itemType="movie clip" linkageClassName="bt_add"><element type="image" name="_out" width="22" height="22" libraryItem="buttons/add n"/><element type="image" name="_over" width="22" height="22" libraryItem="buttons/add h"/><element type="image" name="_down" width="22" height="22" libraryItem="buttons/add p"/></libraryItem><libraryItem libraryName="buttons/add h" itemType="movie clip" linkageClassName="addh"><element type="instance" name="Layer 1" width="22" height="22" libraryItem="_ASSETS/bt_add_h.png"/></libraryItem><libraryItem libraryName="buttons/add n" itemType="movie clip" linkageClassName="addn"><element type="instance" name="Layer 1" width="22" height="22" libraryItem="_ASSETS/bt_add_n.png"/></libraryItem><libraryItem libraryName="buttons/add p" itemType="movie clip" linkageClassName="addp"><element type="instance" name="Layer 1" width="22" height="22" libraryItem="_ASSETS/bt_add_p.png"/></libraryItem><libraryItem libraryName="buttons/bt close h" itemType="movie clip" linkageClassName="btcloseh"><element type="instance" name="Layer 1" width="31" height="20" libraryItem="_ASSETS/bt_board_h.png"/></libraryItem><libraryItem libraryName="buttons/bt close n" itemType="movie clip" linkageClassName="btclosen"><element type="instance" name="Layer 1" width="31" height="20" libraryItem="_ASSETS/bt_board_n.png"/></libraryItem><libraryItem libraryName="buttons/bt close p" itemType="movie clip" linkageClassName="btclosep"><element type="instance" name="Layer 1" width="31" height="20" libraryItem="_ASSETS/bt_board_p.png"/></libraryItem><libraryItem libraryName="buttons/bt_scroll" itemType="movie clip" linkageClassName="bt_scroll"><element type="image" name="_out" width="8" height="8" libraryItem="buttons/scroll n"/><element type="image" name="_over" width="8" height="8" libraryItem="buttons/scroll h"/><element type="image" name="_down" width="8" height="8" libraryItem="buttons/scroll p"/></libraryItem><libraryItem libraryName="buttons/scroll n" itemType="movie clip" linkageClassName="scrolln"><element type="instance" name="Layer 1" width="8" height="8" libraryItem="_ASSETS/board_status_scroll.png"/></libraryItem><libraryItem libraryName="buttons/scroll h" itemType="movie clip" linkageClassName="scrollh"><element type="instance" name="Layer 1" width="8" height="8" libraryItem="_ASSETS/board_status_scroll.png"/></libraryItem><libraryItem libraryName="buttons/scroll p" itemType="movie clip" linkageClassName="scrollp"><element type="instance" name="Layer 1" width="8" height="8" libraryItem="_ASSETS/board_status_scroll.png"/></libraryItem><libraryItem libraryName="buttons/bt_set" itemType="movie clip" linkageClassName="bt_set"><element type="image" name="_out" width="22" height="22" libraryItem="buttons/set n"/><element type="image" name="_over" width="22" height="22" libraryItem="buttons/set h"/><element type="image" name="_down" width="22" height="22" libraryItem="buttons/set p"/></libraryItem><libraryItem libraryName="buttons/set n" itemType="movie clip" linkageClassName="setn"><element type="instance" name="Layer 1" width="22" height="22" libraryItem="_ASSETS/icon_settings.png"/></libraryItem><libraryItem libraryName="buttons/set h" itemType="movie clip" linkageClassName="seth"><element type="instance" name="Layer 1" width="22" height="22" libraryItem="_ASSETS/icon_settings.png"/></libraryItem><libraryItem libraryName="buttons/set p" itemType="movie clip" linkageClassName="setp"><element type="instance" name="Layer 1" width="22" height="22" libraryItem="_ASSETS/icon_settings.png"/></libraryItem><libraryItem libraryName="control" itemType="movie clip" linkageClassName="control"><element type="instance" name="listbox-panel" width="0" height="0" libraryItem="listboxPanel"><property name="ui_type"><![CDATA[scalable_panel]]></property><property name="ui_panel_horizontal_align"><![CDATA[center]]></property></element></libraryItem><libraryItem libraryName="main" itemType="movie clip" linkageClassName="main"/><libraryItem libraryName="character_name" itemType="movie clip" linkageClassName="character_name"/><libraryItem libraryName="character_place" itemType="movie clip" linkageClassName="character_place"><element type="image" name="Слой 1" width="138.25" height="144.25" libraryItem="place"/></libraryItem><libraryItem libraryName="place" itemType="movie clip" linkageClassName="place"><element type="instance" name="Слой 1" width="138.25" height="144.25" libraryItem="Растровое изображение 1"/></libraryItem><libraryItem libraryName="closePanel" itemType="movie clip" linkageClassName="closePanel"><element type="instance" name="bt_close" width="31" height="20" libraryItem="buttons/bt_close"><property name="ui_type"><![CDATA[button]]></property><property name="button_signal"><![CDATA[close]]></property></element></libraryItem><libraryItem libraryName="coins" itemType="movie clip" linkageClassName="coins"><element type="image" name="coins_icon" width="22" height="22" libraryItem="coins_icon"/></libraryItem><libraryItem libraryName="coins_icon" itemType="movie clip" linkageClassName="coins_icon"><element type="instance" name="Layer 1" width="22" height="22" libraryItem="_ASSETS/icon_coin.png"/></libraryItem><libraryItem libraryName="listboxPanel" itemType="movie clip" linkageClassName="listboxPanel"><element type="instance" name="listBox" width="0" height="0" libraryItem="UIListBox"><property name="ui_type"><![CDATA[listbox]]></property><property name="listbox_layout_type"><![CDATA[horizontal]]></property><property name="listbox_layout_gap"><![CDATA[10]]></property><property name="listbox_item_renderer"><![CDATA[inventory_item]]></property></element></libraryItem><libraryItem libraryName="energy" itemType="movie clip" linkageClassName="energy"><element type="image" name="energy_icon" x="11" y="11" width="22" height="22" libraryItem="energy_icon"/><element type="instance" name="energy_bt_add" x="84" width="22" height="22" libraryItem="buttons/bt_add"><property name="ui_type"><![CDATA[button]]></property></element><element type="instance" name="energy_progress" x="22" width="62" height="22" libraryItem="progress"><property name="ui_type"><![CDATA[progress_bar]]></property><property name="progress_bar_fill"><![CDATA[stat_bg]]></property><property name="progress_bar_background"><![CDATA[stat]]></property><property name="progress_bar_minimum"><![CDATA[0]]></property><property name="progress_bar_maximum"><![CDATA[1]]></property></element></libraryItem><libraryItem libraryName="energy_icon" itemType="movie clip" linkageClassName="energy_icon"><element type="instance" name="energy_icon" x="-11" y="-11" width="22" height="22" libraryItem="_ASSETS/icon_energy.png"/></libraryItem><libraryItem libraryName="progress" itemType="movie clip" linkageClassName="progress"><element type="text" name="100/100" x="3.75" y="2.5" width="54" height="16.3125" lineType="single line" orientation="horizontal"><textFormat size="12.5" face="Arial" fillColor="#ffffff" alignment="center" bold="false" italic="false"/><textString><![CDATA[100/100]]></textString></element><element type="image" name="stat_bg" x="1.5" width="16" height="22" libraryItem="energy_stat_bg"/><element type="image" name="stat" width="62" height="22" libraryItem="energy_stat"/></libraryItem><libraryItem libraryName="energy_stat" itemType="movie clip" linkageClassName="energy_stat"><scalingGrid left="15.5" right="46.5" top="5.5" bottom="16.5"/><element type="instance" name="Layer 1" width="62" height="22" libraryItem="_ASSETS/energy_status.png"/></libraryItem><libraryItem libraryName="energy_stat_bg" itemType="movie clip" linkageClassName="energy_stat_bg"><scalingGrid left="7.5" right="8.5" top="10.2375" bottom="11.2375"/><element type="instance" name="Layer 1" width="16" height="22" libraryItem="_ASSETS/energy_status2.png"/></libraryItem><libraryItem libraryName="gold" itemType="movie clip" linkageClassName="gold"><element type="instance" name="gold_bt_add" x="76" width="22" height="22" libraryItem="buttons/bt_add"><property name="ui_type"><![CDATA[button]]></property></element><element type="text" name="gold_label" x="22" y="2.7625" width="54" height="16.3125" lineType="single line" orientation="horizontal"><textFormat size="12.5" face="Arial" fillColor="#ffffff" alignment="center" bold="false" italic="false"/><textString><![CDATA[1234]]></textString></element><element type="image" name="gold_icon" width="22" height="22" libraryItem="gold_icon"/></libraryItem><libraryItem libraryName="gold_icon" itemType="movie clip" linkageClassName="gold_icon"><element type="instance" name="Layer 1" width="22" height="22" libraryItem="_ASSETS/icon_gold.png"/></libraryItem><libraryItem libraryName="labels_bar" itemType="movie clip" linkageClassName="labels_bar"/><libraryItem libraryName="level" itemType="movie clip" linkageClassName="level"><element type="instance" name="level_progress" x="41" width="62" height="22" libraryItem="progress"><property name="ui_type"><![CDATA[progress_bar]]></property><property name="progress_bar_fill"><![CDATA[stat_bg]]></property><property name="progress_bar_background"><![CDATA[stat]]></property><property name="progress_bar_minimum"><![CDATA[0]]></property><property name="progress_bar_maximum"><![CDATA[1]]></property></element><element type="image" name="level_icon" width="22" height="22" libraryItem="score_icon"/><element type="text" name="level_label" x="19.5" y="2.7625" width="19.2625" height="16.3125" lineType="single line" orientation="horizontal"><textFormat size="12.5" face="Arial" fillColor="#ffffff" alignment="center" bold="false" italic="false"/><textString><![CDATA[99]]></textString></element></libraryItem><libraryItem libraryName="score_icon" itemType="movie clip" linkageClassName="score_icon"><element type="instance" name="Layer 1" width="22" height="22" libraryItem="_ASSETS/icon_score.png"/></libraryItem><libraryItem libraryName="listBox" itemType="movie clip" linkageClassName="listBox"><element type="instance" name="Слой 1" width="549" height="269.5" libraryItem="Растровое изображение 5"/></libraryItem><libraryItem libraryName="UIListBox" itemType="movie clip" linkageClassName="UIListBox"><element type="shape" name="rect:listbox_bounds" x="274.5" y="134.75" width="549" height="269.5125"/></libraryItem><libraryItem libraryName="name_label" itemType="movie clip" linkageClassName="name_label"/><libraryItem libraryName="name_panel" itemType="movie clip" linkageClassName="name_panel"><element type="image" name="back" width="632.8" height="45.625" scaleX="1.9453582763671875" libraryItem="back_panel"/></libraryItem><libraryItem libraryName="panelback" itemType="movie clip" linkageClassName="panelback"><element type="instance" name="Слой 1" width="549.525" height="268.2625" scaleX="1.175445556640625" scaleY="1.24627685546875" libraryItem="Растровое изображение 6"/></libraryItem><libraryItem libraryName="progress_panel" itemType="movie clip" linkageClassName="progress_panel"><element type="instance" name="level-bar" width="103" height="22" libraryItem="level"><property name="ui_type"><![CDATA[scalable_panel]]></property><property name="ui_cut_on_resize"><![CDATA[true]]></property></element><element type="instance" name="energy-bar" x="103" width="106" height="22" libraryItem="energy"><property name="ui_type"><![CDATA[scalable_panel]]></property></element></libraryItem><libraryItem libraryName="puzzle" itemType="movie clip" linkageClassName="puzzle"><element type="instance" name="Layer 1" width="22" height="22" libraryItem="_ASSETS/icon_puzzle.png"/></libraryItem><libraryItem libraryName="replic_panel" itemType="movie clip" linkageClassName="replic_panel"><element type="text" name="message_text" x="5.0125" y="45.0125" width="625" height="28.6875" lineType="single line" orientation="horizontal"><textFormat size="18.75" face="Times New Roman" fillColor="#ffffff" alignment="center" bold="false" italic="false"/><textString><![CDATA[TEST]]></textString></element><element type="image" name="bg" width="633.25" height="124.5" libraryItem="bg"/></libraryItem><libraryItem libraryName="scroll" itemType="movie clip"><element type="instance" name="bt_scroll" y="-9" width="8" height="8" libraryItem="buttons/bt_scroll"/><element type="image" name="status" width="5" height="4" libraryItem="status"/></libraryItem><libraryItem libraryName="scroll_area" itemType="movie clip" linkageClassName="scroll_area"><element type="shape" name="rect:scroll_area_bounds" x="212.5" y="116.25" width="425" height="232.5"/></libraryItem><libraryItem libraryName="status" itemType="movie clip" linkageClassName="status"><element type="instance" name="Layer 1" width="5" height="4" libraryItem="_ASSETS/board_status.png"/></libraryItem><libraryItem libraryName="status bg" itemType="movie clip" linkageClassName="statusbg"><element type="instance" name="Layer 1" width="206" height="4" libraryItem="_ASSETS/board_status_bg.png"/></libraryItem><libraryItem libraryName="textPanel" itemType="movie clip" linkageClassName="textPanel"/><libraryItem libraryName="back.png" itemType="bitmap" bitmapIndex="0.png"><element type="instance" name="Layer 1" width="0" height="0" scaleX="0.999969482421875" scaleY="0.9998016357421875" libraryItem="control"/></libraryItem><libraryItem libraryName="_ASSETS/bg_menu_puzzles.png" itemType="bitmap" bitmapIndex="1.png"><element type="instance" name="Layer 1" width="0" height="0" scaleX="0.999969482421875" scaleY="0.9998016357421875" libraryItem="control"/></libraryItem><libraryItem libraryName="_ASSETS/bg_menu_top.png" itemType="bitmap" bitmapIndex="2.png"><element type="instance" name="Layer 1" width="0" height="0" scaleX="0.999969482421875" scaleY="0.9998016357421875" libraryItem="control"/></libraryItem><libraryItem libraryName="_ASSETS/bg_task.png" itemType="bitmap" bitmapIndex="3.png"><element type="instance" name="Layer 1" width="0" height="0" scaleX="0.999969482421875" scaleY="0.9998016357421875" libraryItem="control"/></libraryItem><libraryItem libraryName="_ASSETS/board_bg.png" itemType="bitmap" bitmapIndex="4.png"><element type="instance" name="Layer 1" width="0" height="0" scaleX="0.999969482421875" scaleY="0.9998016357421875" libraryItem="control"/></libraryItem><libraryItem libraryName="_ASSETS/board_status.png" itemType="bitmap" bitmapIndex="5.png"><element type="instance" name="Layer 1" width="0" height="0" scaleX="0.999969482421875" scaleY="0.9998016357421875" libraryItem="control"/></libraryItem><libraryItem libraryName="_ASSETS/board_status_bg.png" itemType="bitmap" bitmapIndex="6.png"><element type="instance" name="Layer 1" width="0" height="0" scaleX="0.999969482421875" scaleY="0.9998016357421875" libraryItem="control"/></libraryItem><libraryItem libraryName="_ASSETS/board_status_scroll.png" itemType="bitmap" bitmapIndex="7.png"><element type="instance" name="Layer 1" width="0" height="0" scaleX="0.999969482421875" scaleY="0.9998016357421875" libraryItem="control"/></libraryItem><libraryItem libraryName="_ASSETS/bt_add_h.png" itemType="bitmap" bitmapIndex="8.png"><element type="instance" name="Layer 1" width="0" height="0" scaleX="0.999969482421875" scaleY="0.9998016357421875" libraryItem="control"/></libraryItem><libraryItem libraryName="_ASSETS/bt_add_n.png" itemType="bitmap" bitmapIndex="9.png"><element type="instance" name="Layer 1" width="0" height="0" scaleX="0.999969482421875" scaleY="0.9998016357421875" libraryItem="control"/></libraryItem><libraryItem libraryName="_ASSETS/bt_add_p.png" itemType="bitmap" bitmapIndex="10.png"><element type="instance" name="Layer 1" width="0" height="0" scaleX="0.999969482421875" scaleY="0.9998016357421875" libraryItem="control"/></libraryItem><libraryItem libraryName="_ASSETS/bt_board_h.png" itemType="bitmap" bitmapIndex="11.png"><element type="instance" name="Layer 1" width="0" height="0" scaleX="0.999969482421875" scaleY="0.9998016357421875" libraryItem="control"/></libraryItem><libraryItem libraryName="_ASSETS/bt_board_n.png" itemType="bitmap" bitmapIndex="12.png"><element type="instance" name="Layer 1" width="0" height="0" scaleX="0.999969482421875" scaleY="0.9998016357421875" libraryItem="control"/></libraryItem><libraryItem libraryName="_ASSETS/bt_board_p.png" itemType="bitmap" bitmapIndex="13.png"><element type="instance" name="Layer 1" width="0" height="0" scaleX="0.999969482421875" scaleY="0.9998016357421875" libraryItem="control"/></libraryItem><libraryItem libraryName="_ASSETS/energy_status.png" itemType="bitmap" bitmapIndex="14.png"><element type="instance" name="Layer 1" width="0" height="0" scaleX="0.999969482421875" scaleY="0.9998016357421875" libraryItem="control"/></libraryItem><libraryItem libraryName="_ASSETS/energy_status2.png" itemType="bitmap" bitmapIndex="15.png"><element type="instance" name="Layer 1" width="0" height="0" scaleX="0.999969482421875" scaleY="0.9998016357421875" libraryItem="control"/></libraryItem><libraryItem libraryName="_ASSETS/icon_coin.png" itemType="bitmap" bitmapIndex="16.png"><element type="instance" name="Layer 1" width="0" height="0" scaleX="0.999969482421875" scaleY="0.9998016357421875" libraryItem="control"/></libraryItem><libraryItem libraryName="_ASSETS/icon_energy.png" itemType="bitmap" bitmapIndex="17.png"><element type="instance" name="Layer 1" width="0" height="0" scaleX="0.999969482421875" scaleY="0.9998016357421875" libraryItem="control"/></libraryItem><libraryItem libraryName="_ASSETS/icon_gold.png" itemType="bitmap" bitmapIndex="18.png"><element type="instance" name="Layer 1" width="0" height="0" scaleX="0.999969482421875" scaleY="0.9998016357421875" libraryItem="control"/></libraryItem><libraryItem libraryName="_ASSETS/icon_puzzle.png" itemType="bitmap" bitmapIndex="19.png"><element type="instance" name="Layer 1" width="0" height="0" scaleX="0.999969482421875" scaleY="0.9998016357421875" libraryItem="control"/></libraryItem><libraryItem libraryName="_ASSETS/icon_score.png" itemType="bitmap" bitmapIndex="20.png"><element type="instance" name="Layer 1" width="0" height="0" scaleX="0.999969482421875" scaleY="0.9998016357421875" libraryItem="control"/></libraryItem><libraryItem libraryName="_ASSETS/icon_settings.png" itemType="bitmap" bitmapIndex="21.png"><element type="instance" name="Layer 1" width="0" height="0" scaleX="0.999969482421875" scaleY="0.9998016357421875" libraryItem="control"/></libraryItem><libraryItem libraryName="Растровое изображение 1" itemType="bitmap" bitmapIndex="22.png"><element type="instance" name="Layer 1" width="0" height="0" scaleX="0.999969482421875" scaleY="0.9998016357421875" libraryItem="control"/></libraryItem><libraryItem libraryName="Растровое изображение 2" itemType="bitmap" bitmapIndex="23.png"><element type="instance" name="Layer 1" width="0" height="0" scaleX="0.999969482421875" scaleY="0.9998016357421875" libraryItem="control"/></libraryItem><libraryItem libraryName="Растровое изображение 3" itemType="bitmap" bitmapIndex="24.png"><element type="instance" name="Layer 1" width="0" height="0" scaleX="0.999969482421875" scaleY="0.9998016357421875" libraryItem="control"/></libraryItem><libraryItem libraryName="Растровое изображение 4" itemType="bitmap" bitmapIndex="25.png"><element type="instance" name="Layer 1" width="0" height="0" scaleX="0.999969482421875" scaleY="0.9998016357421875" libraryItem="control"/></libraryItem><libraryItem libraryName="Растровое изображение 5" itemType="bitmap" bitmapIndex="26.png"><element type="instance" name="Layer 1" width="0" height="0" scaleX="0.999969482421875" scaleY="0.9998016357421875" libraryItem="control"/></libraryItem><libraryItem libraryName="Растровое изображение 6" itemType="bitmap" bitmapIndex="27.png"><element type="instance" name="Layer 1" width="0" height="0" scaleX="0.999969482421875" scaleY="0.9998016357421875" libraryItem="control"/></libraryItem></xmlui>