<?xml version="1.0" encoding="UTF-8"?>
<!-- Created with TexturePacker http://www.codeandweb.com/texturepacker-->
<!-- $TexturePacker:SmartUpdate:4142152ebb4ae14e8291ae8e2974d090:373e961aaf265be98535a1df97129eca:b0270681d1bcf35d65fbbab6eeddf13f$ -->
<TextureAtlas imagePath="out.png" width="1089" height="910">
    <SubTexture name="6" x="0" y="0" width="206" height="4"/>
    <SubTexture name="5" x="210" y="0" width="5" height="4"/>
    <SubTexture name="7" x="219" y="0" width="8" height="8"/>
    <SubTexture name="12" x="231" y="0" width="31" height="20"/>
    <SubTexture name="11" x="266" y="0" width="31" height="20"/>
    <SubTexture name="13" x="301" y="0" width="31" height="20"/>
    <SubTexture name="19" x="336" y="0" width="22" height="22"/>
    <SubTexture name="8" x="362" y="0" width="22" height="22"/>
    <SubTexture name="18" x="388" y="0" width="22" height="22"/>
    <SubTexture name="20" x="414" y="0" width="22" height="22"/>
    <SubTexture name="21" x="440" y="0" width="22" height="22"/>
    <SubTexture name="9" x="466" y="0" width="22" height="22"/>
    <SubTexture name="10" x="492" y="0" width="22" height="22"/>
    <SubTexture name="14" x="518" y="0" width="62" height="22"/>
    <SubTexture name="17" x="584" y="0" width="22" height="22"/>
    <SubTexture name="15" x="610" y="0" width="16" height="22"/>
    <SubTexture name="16" x="630" y="0" width="22" height="22"/>
    <SubTexture name="1" x="656" y="0" width="64" height="40"/>
    <SubTexture name="2" x="0" y="44" width="640" height="46"/>
    <SubTexture name="3" x="644" y="44" width="72" height="72"/>
    <SubTexture name="0" x="0" y="120" width="633" height="121"/>
    <SubTexture name="23" x="0" y="245" width="633" height="125"/>
    <SubTexture name="22" x="637" y="245" width="138" height="144"/>
    <SubTexture name="24" x="779" y="245" width="200" height="152"/>
    <SubTexture name="25" x="0" y="401" width="613" height="186"/>
    <SubTexture name="27" x="617" y="401" width="468" height="215"/>
    <SubTexture name="26" x="0" y="620" width="549" height="270"/>
    <SubTexture name="4" x="553" y="620" width="470" height="290"/>
</TextureAtlas>
