<xmlui modify="2016-04-05 17:41:42" scale="0.5"><libraryItem libraryName="_fonts" itemType="folder"><element type="instance" name="top-panel" width="100" height="67.275" scaleX="0.999969482421875" scaleY="0.9998016357421875" libraryItem="control"/></libraryItem><libraryItem libraryName="buttons" itemType="folder"><element type="instance" name="top-panel" width="100" height="67.275" scaleX="0.999969482421875" scaleY="0.9998016357421875" libraryItem="control"/></libraryItem><libraryItem libraryName="icons" itemType="folder"><element type="instance" name="top-panel" width="100" height="67.275" scaleX="0.999969482421875" scaleY="0.9998016357421875" libraryItem="control"/></libraryItem><libraryItem libraryName="progressbar" itemType="folder"><element type="instance" name="top-panel" width="100" height="67.275" scaleX="0.999969482421875" scaleY="0.9998016357421875" libraryItem="control"/></libraryItem><libraryItem libraryName="bg" itemType="movie clip" linkageClassName="bg"><scalingGrid left="17.925" right="53.85" top="18.125" bottom="54.375"/><element type="instance" name="Layer 1" width="71.775" height="72.5" scaleX="0.989990234375" libraryItem="icons/bg_menu_top.png"/></libraryItem><libraryItem libraryName="blank" itemType="movie clip"/><libraryItem libraryName="buttons/btn_en" itemType="movie clip"><element type="image" name="_out" width="60" height="60" libraryItem="buttons/btn_en_out"/><element type="image" name="_over" width="60" height="60" libraryItem="buttons/btn_en_over"/><element type="image" name="_down" width="60" height="60" libraryItem="buttons/btn_en_down"/></libraryItem><libraryItem libraryName="buttons/btn_en_down" itemType="movie clip" linkageClassName="btn_en_down"><element type="instance" name="Layer 1" width="60" height="60" libraryItem="buttons/bt_en_over_down"/></libraryItem><libraryItem libraryName="buttons/btn_en_out" itemType="movie clip" linkageClassName="btn_en_out"><element type="instance" name="Layer 1" width="60" height="60" libraryItem="buttons/bt_en_out"/></libraryItem><libraryItem libraryName="buttons/btn_en_over" itemType="movie clip" linkageClassName="btn_en_over"><element type="instance" name="Layer 1" width="60" height="60" libraryItem="buttons/bt_en_over"/></libraryItem><libraryItem libraryName="buttons/btn_exp" itemType="movie clip" linkageClassName="bt_add"><element type="image" name="_out" width="60" height="60" libraryItem="buttons/btn_exp_out"/><element type="image" name="_over" width="60" height="60" libraryItem="buttons/btn_exp_over"/><element type="image" name="_down" width="60" height="60" libraryItem="buttons/btn_exp_down"/></libraryItem><libraryItem libraryName="buttons/btn_exp_out" itemType="movie clip" linkageClassName="addn"><element type="instance" name="Layer 1" width="60" height="60" libraryItem="buttons/bt_exp_out"/></libraryItem><libraryItem libraryName="buttons/btn_exp_over" itemType="movie clip" linkageClassName="addh"><element type="instance" name="Layer 1" width="60" height="60" libraryItem="buttons/bt_exp_over"/></libraryItem><libraryItem libraryName="buttons/btn_exp_down" itemType="movie clip" linkageClassName="addp"><element type="instance" name="Layer 1" width="60" height="60" libraryItem="buttons/bt_exp_down"/></libraryItem><libraryItem libraryName="coins" itemType="movie clip" linkageClassName="coins"><element type="instance" name="coins_bt_add" x="176" width="60" height="60" libraryItem="buttons/btn_exp"><property name="ui_type"><![CDATA[button]]></property></element><element type="text" name="coins_label" x="72" y="14" width="115.05" height="38.7" lineType="single line" orientation="horizontal"><textFormat size="32" face="MyriadProBold*" fillColor="#ffffff" alignment="center" bold="false" italic="false"/><textString><![CDATA[123456]]></textString></element><element type="image" name="coins_icon" width="76" height="62.5" libraryItem="coins_icon"/><element type="shape" name="panel_bounds" x="118" y="30" width="236" height="60"/></libraryItem><libraryItem libraryName="coins_icon" itemType="movie clip" linkageClassName="coins_icon"><element type="instance" name="Layer 1" width="76" height="62.5" libraryItem="icons/icon_coin.png"/></libraryItem><libraryItem libraryName="control" itemType="movie clip" linkageClassName="control"><element type="instance" name="top-panel" width="100" height="67.3" libraryItem="top_panel"/><element type="shape" name="bounds" x="50" y="33.675" width="100" height="66.8"/></libraryItem><libraryItem libraryName="top_panel" itemType="movie clip" linkageClassName="top_panel"><element type="text" name="score_text" y="26.2" width="100" height="41.1" lineType="single line" orientation="horizontal"><textFormat size="25" face="Mult*" fillColor="#ffffff" alignment="right" bold="false" italic="false"/><textString><![CDATA[3,000]]></textString></element><element type="text" name="mult_text" width="100" height="41.1" lineType="single line" orientation="horizontal"><textFormat size="25" face="Mult*" fillColor="#ff0000" alignment="right" bold="false" italic="false"/><textString><![CDATA[x2]]></textString></element></libraryItem><libraryItem libraryName="energy" itemType="movie clip" linkageClassName="energy"><element type="image" name="energy_icon" width="40" height="70" libraryItem="energy_icon"><property name="ui_type"><![CDATA[static_image]]></property></element><element type="instance" name="energy_bt_add" x="246" y="2" width="60" height="60" libraryItem="buttons/btn_en"><property name="ui_type"><![CDATA[button]]></property></element><element type="instance" name="energy_progress" x="42" y="12" width="230.5" height="40.7" libraryItem="progressbar/progress_exp"><property name="ui_type"><![CDATA[progress_bar]]></property><property name="progress_format"><![CDATA[{='%d', $value}/{='%d', $maximum}]]></property></element><element type="shape" name="panel_bounds" x="150" y="30" width="300" height="60"/></libraryItem><libraryItem libraryName="energy_icon" itemType="movie clip" linkageClassName="energy_icon"><element type="instance" name="energy_icon" width="40" height="70" libraryItem="icons/icon_energy.png"/></libraryItem><libraryItem libraryName="progressbar/progress_exp" itemType="movie clip"><element type="image" name="left_marker" x="-2" width="11" height="40" libraryItem="progressbar/left_marker"/><element type="image" name="right_marker" x="210" width="18.5" height="40" libraryItem="progressbar/right_marker"/><element type="text" name="progress_text" x="8" y="2" width="201.05" height="38.7" lineType="single line" orientation="horizontal"><textFormat size="32" face="MyriadProBold*" fillColor="#ffffff" alignment="center" bold="false" italic="false"/><textString><![CDATA[100/100]]></textString></element><element type="image" name="progress_mask" x="2" y="0.5" width="220" height="39" layerType="mask" libraryItem="progressbar/exp_stat_bg"/><element type="image" name="progress_marker" y="0.5" width="220" height="39" layerType="masked" parentLayer="progress_mask" libraryItem="progressbar/exp_stat_bg"/><element type="instance" name="progress_background" width="220" height="40" libraryItem="progressbar/progressbar_background"/></libraryItem><libraryItem libraryName="gold" itemType="movie clip" linkageClassName="gold"><element type="instance" name="gold_bt_add" x="162" width="60" height="60" libraryItem="buttons/btn_exp"><property name="ui_type"><![CDATA[button]]></property></element><element type="text" name="gold_label" x="61" y="14" width="108" height="38.7" lineType="single line" orientation="horizontal"><textFormat size="32" face="MyriadProBold*" fillColor="#ffffff" alignment="center" bold="false" italic="false"/><textString><![CDATA[1234]]></textString></element><element type="image" name="gold_icon" y="4" width="65" height="54.5" libraryItem="gold_icon"/><element type="shape" name="panel_bounds" x="109" y="30" width="218" height="60"/></libraryItem><libraryItem libraryName="gold_icon" itemType="movie clip" linkageClassName="gold_icon"><element type="instance" name="Layer 1" width="65" height="54.5" libraryItem="icons/icon_gold.png"/></libraryItem><libraryItem libraryName="icons/score_icon" itemType="movie clip" linkageClassName="score_icon"><element type="instance" name="Layer 1" width="60" height="64" libraryItem="icons/icon_score.png"/></libraryItem><libraryItem libraryName="labels_bar" itemType="movie clip" linkageClassName="labels_bar"><element type="shape" name="panel_bounds" x="228" y="30" width="456" height="60"/></libraryItem><libraryItem libraryName="level" itemType="movie clip" linkageClassName="level"><element type="instance" name="level_progress" x="120" y="12" width="230.5" height="40.7" libraryItem="progressbar/progress_energy"><property name="ui_type"><![CDATA[progress_bar]]></property><property name="progress_format"><![CDATA[{='%d', $value}/{='%d', $maximum}]]></property></element><element type="image" name="level_icon" width="60" height="64" libraryItem="icons/score_icon"><property name="ui_type"><![CDATA[static_image]]></property></element><element type="text" name="level_label" x="50" y="4" width="68.525" height="57" lineType="single line" orientation="horizontal"><textFormat size="45" face="MyriadProBold*" fillColor="#ffffff" alignment="center" bold="false" italic="false"/><textString><![CDATA[99]]></textString></element><element type="shape" name="panel_bounds" x="175" y="30" width="350" height="60"/></libraryItem><libraryItem libraryName="progressbar/progress_energy" itemType="movie clip"><element type="image" name="left_marker" x="-2" width="11" height="40" libraryItem="progressbar/left_marker"/><element type="image" name="right_marker" x="210" width="18.5" height="40" libraryItem="progressbar/right_marker"/><element type="text" name="progress_text" x="8" y="2" width="201.05" height="38.7" lineType="single line" orientation="horizontal"><textFormat size="32" face="MyriadProBold*" fillColor="#ffffff" alignment="center" bold="false" italic="false"/><textString><![CDATA[100/100]]></textString></element><element type="image" name="progress_mask" x="2" width="220" height="40" layerType="mask" libraryItem="progressbar/energy_stat_bg"/><element type="image" name="progress_marker" x="0.5" width="220" height="40" layerType="masked" parentLayer="progress_mask" libraryItem="progressbar/energy_stat_bg"/><element type="instance" name="progress_background" width="220" height="40" libraryItem="progressbar/progressbar_background"/></libraryItem><libraryItem libraryName="main_panel" itemType="movie clip" linkageClassName="main_panel"><element type="instance" name="level-bar" width="350" height="64" libraryItem="level"><property name="ui_type"><![CDATA[panel]]></property><property name="scale_cut_order"><![CDATA[1]]></property></element><element type="instance" name="energy-bar" x="356.325" width="306" height="70" libraryItem="energy"><property name="ui_type"><![CDATA[panel]]></property></element><element type="instance" name="space" x="701.45" y="20.325" width="0" height="0" libraryItem="blank"><property name="ui_type"><![CDATA[panel]]></property><property name="scale_fit"><![CDATA[100]]></property></element><element type="instance" name="coins-bar" x="768.5" width="236" height="62.5" libraryItem="coins"><property name="ui_type"><![CDATA[panel]]></property><property name="scale_cut_order"><![CDATA[3]]></property></element><element type="instance" name="gold-bar" x="1017" width="222" height="60" libraryItem="gold"><property name="ui_type"><![CDATA[panel]]></property><property name="scale_cut_order"><![CDATA[2]]></property></element><element type="image" name="bg" width="71.775" height="72.5" libraryItem="bg"/></libraryItem><libraryItem libraryName="progressbar/energy_stat_bg" itemType="movie clip" linkageClassName="energy_stat_bg"><element type="instance" name="Layer 1" width="220" height="40" libraryItem="progressbar/energy_status2.png"/></libraryItem><libraryItem libraryName="progressbar/exp_stat_bg" itemType="movie clip" linkageClassName="exp_stat_bg"><element type="instance" name="Слой 1" width="220" height="39" libraryItem="progressbar/exp_status.png"/></libraryItem><libraryItem libraryName="progressbar/left_marker" itemType="movie clip" linkageClassName="left_marker"><element type="instance" name="Слой 1" width="11" height="40" libraryItem="progressbar/progress_mask1.png"/></libraryItem><libraryItem libraryName="progressbar/right_marker" itemType="movie clip" linkageClassName="right_marker"><element type="instance" name="Слой 1" width="18.5" height="40" libraryItem="progressbar/progress_mask2.png"/></libraryItem><libraryItem libraryName="progressbar/progressbar_background" itemType="movie clip"><element type="instance" name="Layer 1" width="220" height="40" libraryItem="progressbar/progressbar_background.png"/></libraryItem><libraryItem libraryName="icons/bg_menu_top.png" itemType="bitmap" bitmapIndex="0.png"><element type="instance" name="top-panel" width="100" height="67.275" scaleX="0.999969482421875" scaleY="0.9998016357421875" libraryItem="control"/></libraryItem><libraryItem libraryName="buttons/bt_en_out" itemType="bitmap" bitmapIndex="1.png"><element type="instance" name="top-panel" width="100" height="67.275" scaleX="0.999969482421875" scaleY="0.9998016357421875" libraryItem="control"/></libraryItem><libraryItem libraryName="buttons/bt_en_over" itemType="bitmap" bitmapIndex="2.png"><element type="instance" name="top-panel" width="100" height="67.275" scaleX="0.999969482421875" scaleY="0.9998016357421875" libraryItem="control"/></libraryItem><libraryItem libraryName="buttons/bt_en_over_down" itemType="bitmap" bitmapIndex="3.png"><element type="instance" name="top-panel" width="100" height="67.275" scaleX="0.999969482421875" scaleY="0.9998016357421875" libraryItem="control"/></libraryItem><libraryItem libraryName="buttons/bt_exp_down" itemType="bitmap" bitmapIndex="4.png"><element type="instance" name="top-panel" width="100" height="67.275" scaleX="0.999969482421875" scaleY="0.9998016357421875" libraryItem="control"/></libraryItem><libraryItem libraryName="buttons/bt_exp_out" itemType="bitmap" bitmapIndex="5.png"><element type="instance" name="top-panel" width="100" height="67.275" scaleX="0.999969482421875" scaleY="0.9998016357421875" libraryItem="control"/></libraryItem><libraryItem libraryName="buttons/bt_exp_over" itemType="bitmap" bitmapIndex="6.png"><element type="instance" name="top-panel" width="100" height="67.275" scaleX="0.999969482421875" scaleY="0.9998016357421875" libraryItem="control"/></libraryItem><libraryItem libraryName="progressbar/energy_status2.png" itemType="bitmap" bitmapIndex="7.png"><element type="instance" name="top-panel" width="100" height="67.275" scaleX="0.999969482421875" scaleY="0.9998016357421875" libraryItem="control"/></libraryItem><libraryItem libraryName="progressbar/exp_status.png" itemType="bitmap" bitmapIndex="8.png"><element type="instance" name="top-panel" width="100" height="67.275" scaleX="0.999969482421875" scaleY="0.9998016357421875" libraryItem="control"/></libraryItem><libraryItem libraryName="icons/icon_coin.png" itemType="bitmap" bitmapIndex="9.png"><element type="instance" name="top-panel" width="100" height="67.275" scaleX="0.999969482421875" scaleY="0.9998016357421875" libraryItem="control"/></libraryItem><libraryItem libraryName="icons/icon_energy.png" itemType="bitmap" bitmapIndex="10.png"><element type="instance" name="top-panel" width="100" height="67.275" scaleX="0.999969482421875" scaleY="0.9998016357421875" libraryItem="control"/></libraryItem><libraryItem libraryName="icons/icon_gold.png" itemType="bitmap" bitmapIndex="11.png"><element type="instance" name="top-panel" width="100" height="67.275" scaleX="0.999969482421875" scaleY="0.9998016357421875" libraryItem="control"/></libraryItem><libraryItem libraryName="icons/icon_score.png" itemType="bitmap" bitmapIndex="12.png"><element type="instance" name="top-panel" width="100" height="67.275" scaleX="0.999969482421875" scaleY="0.9998016357421875" libraryItem="control"/></libraryItem><libraryItem libraryName="progressbar/progress_mask1.png" itemType="bitmap" bitmapIndex="13.png"><element type="instance" name="top-panel" width="100" height="67.275" scaleX="0.999969482421875" scaleY="0.9998016357421875" libraryItem="control"/></libraryItem><libraryItem libraryName="progressbar/progress_mask2.png" itemType="bitmap" bitmapIndex="14.png"><element type="instance" name="top-panel" width="100" height="67.275" scaleX="0.999969482421875" scaleY="0.9998016357421875" libraryItem="control"/></libraryItem><libraryItem libraryName="progressbar/progressbar_background.png" itemType="bitmap" bitmapIndex="15.png"><element type="instance" name="top-panel" width="100" height="67.275" scaleX="0.999969482421875" scaleY="0.9998016357421875" libraryItem="control"/></libraryItem><libraryItem libraryName="_fonts/MyriadProBold" itemType="font"><element type="instance" name="top-panel" width="100" height="67.275" scaleX="0.999969482421875" scaleY="0.9998016357421875" libraryItem="control"/></libraryItem><libraryItem libraryName="_fonts/VerdanaItalic" itemType="font"><element type="instance" name="top-panel" width="100" height="67.275" scaleX="0.999969482421875" scaleY="0.9998016357421875" libraryItem="control"/></libraryItem><libraryItem libraryName="_fonts/Verdana" itemType="font"><element type="instance" name="top-panel" width="100" height="67.275" scaleX="0.999969482421875" scaleY="0.9998016357421875" libraryItem="control"/></libraryItem><libraryItem libraryName="_fonts/mult" itemType="font"><element type="instance" name="top-panel" width="100" height="67.275" scaleX="0.999969482421875" scaleY="0.9998016357421875" libraryItem="control"/></libraryItem><libraryItem libraryName="Bitmap 1" itemType="font"><element type="instance" name="top-panel" width="100" height="67.275" scaleX="0.999969482421875" scaleY="0.9998016357421875" libraryItem="control"/></libraryItem></xmlui>