<?xml version="1.0" encoding="UTF-8"?>
<!-- Created with TexturePacker http://www.codeandweb.com/texturepacker-->
<!-- $TexturePacker:SmartUpdate:9869c4f09b152601a5a264ef6156bd24:ea755702f56be2fa5f548303e848e18a:b0270681d1bcf35d65fbbab6eeddf13f$ -->
<TextureAtlas imagePath="out.png" width="508" height="181">
    <SubTexture name="8" x="0" y="0" width="220" height="39"/>
    <SubTexture name="15" x="224" y="0" width="220" height="40"/>
    <SubTexture name="13" x="448" y="0" width="11" height="40"/>
    <SubTexture name="7" x="0" y="44" width="220" height="40"/>
    <SubTexture name="14" x="224" y="44" width="19" height="40"/>
    <SubTexture name="11" x="247" y="44" width="65" height="55"/>
    <SubTexture name="3" x="316" y="44" width="60" height="60"/>
    <SubTexture name="4" x="380" y="44" width="60" height="60"/>
    <SubTexture name="2" x="444" y="44" width="60" height="60"/>
    <SubTexture name="5" x="0" y="108" width="60" height="60"/>
    <SubTexture name="1" x="64" y="108" width="60" height="60"/>
    <SubTexture name="6" x="128" y="108" width="60" height="60"/>
    <SubTexture name="9" x="192" y="108" width="76" height="63"/>
    <SubTexture name="12" x="272" y="108" width="60" height="64"/>
    <SubTexture name="10" x="336" y="108" width="40" height="70"/>
    <SubTexture name="0" x="380" y="108" width="73" height="73"/>
</TextureAtlas>
