<xmlui modify="2016-10-25 14:25:08" scale="0.5" textureType="png"><libraryItem libraryName="assets" itemType="folder" folder=""><element type="instance" name="shadow" width="250" height="150" libraryItem="Shadows"/></libraryItem><libraryItem libraryName="Shadows" itemType="movie clip" folder="" linkageClassName="Shadows"><element type="image" name="pillow" x="150" y="100" width="50" height="50" libraryItem="pillow"/><element type="image" name="surgicalsmock" x="100" y="100" width="50" height="50" libraryItem="surgicalsmock"/><element type="image" name="juice" x="50" y="100" width="50" height="50" libraryItem="juice"/><element type="image" name="tray" y="100" width="50" height="50" libraryItem="tray"/><element type="image" name="laptop" x="200" y="50" width="50" height="50" libraryItem="laptop"/><element type="image" name="clock" x="150" y="50" width="50" height="50" libraryItem="clock"/><element type="image" name="pajama" x="100" y="50" width="50" height="50" libraryItem="pajama"/><element type="image" name="slippers" x="50" y="50" width="50" height="50" libraryItem="slippers"/><element type="image" name="handbag" y="50" width="50" height="50" libraryItem="handbag"/><element type="image" name="dropcounter" x="200" width="50" height="50" libraryItem="dropcounter"/><element type="image" name="umbrella" x="150" width="50" height="50" libraryItem="umbrella"/><element type="image" name="magazine" x="100" width="50" height="50" libraryItem="magazine"/><element type="image" name="vase" x="50" width="50" height="50" libraryItem="vase"/><element type="image" name="jacket" width="50" height="50" libraryItem="jacket"/></libraryItem><libraryItem libraryName="clock" itemType="movie clip" folder="" linkageClassName="clock"><element type="instance" name="Слой 1" width="50" height="50" libraryItem="Часы.png"/></libraryItem><libraryItem libraryName="dropcounter" itemType="movie clip" folder="" linkageClassName="dropcounter"><element type="instance" name="Слой 1" width="50" height="50" libraryItem="Капельница.png"/></libraryItem><libraryItem libraryName="handbag" itemType="movie clip" folder="" linkageClassName="handbag"><element type="instance" name="Слой 1" width="50" height="50" libraryItem="Сумочка.png"/></libraryItem><libraryItem libraryName="jacket" itemType="movie clip" folder="" linkageClassName="Символ1"><element type="instance" name="Слой 1" width="50" height="50" libraryItem="Куртка.png"/></libraryItem><libraryItem libraryName="juice" itemType="movie clip" folder="" linkageClassName="juice"><element type="instance" name="Слой 1" width="50" height="50" libraryItem="Сок.png"/></libraryItem><libraryItem libraryName="laptop" itemType="movie clip" folder="" linkageClassName="laptop"><element type="instance" name="Слой 1" width="50" height="50" libraryItem="Ноут.png"/></libraryItem><libraryItem libraryName="magazine" itemType="movie clip" folder="" linkageClassName="magazine"><element type="instance" name="Слой 1" width="50" height="50" libraryItem="Журнал.png"/></libraryItem><libraryItem libraryName="pajama" itemType="movie clip" folder="" linkageClassName="pajama"><element type="instance" name="Слой 1" width="50" height="50" libraryItem="Пижама.png"/></libraryItem><libraryItem libraryName="pillow" itemType="movie clip" folder="" linkageClassName="pillow"><element type="instance" name="Слой 1" width="50" height="50" libraryItem="Подушка.png"/></libraryItem><libraryItem libraryName="slippers" itemType="movie clip" folder="" linkageClassName="slippers"><element type="instance" name="Слой 1" width="50" height="50" libraryItem="Тапочки.png"/></libraryItem><libraryItem libraryName="surgicalsmock" itemType="movie clip" folder="" linkageClassName="surgicalsmock"><element type="instance" name="Слой 1" width="50" height="50" libraryItem="Халат.png"/></libraryItem><libraryItem libraryName="tray" itemType="movie clip" folder="" linkageClassName="tray"><element type="instance" name="Слой 1" width="50" height="50" libraryItem="Поднос.png"/></libraryItem><libraryItem libraryName="umbrella" itemType="movie clip" folder="" linkageClassName="umbrella"><element type="instance" name="Слой 1" width="50" height="50" libraryItem="Зонт.png"/></libraryItem><libraryItem libraryName="vase" itemType="movie clip" folder="" linkageClassName="vase"><element type="instance" name="Слой 1" width="50" height="50" libraryItem="Ваза.png"/></libraryItem><libraryItem libraryName="Ваза.png" itemType="bitmap" folder="" bitmapIndex="0.png"><element type="instance" name="shadow" width="250" height="150" libraryItem="Shadows"/></libraryItem><libraryItem libraryName="Журнал.png" itemType="bitmap" folder="" bitmapIndex="1.png"><element type="instance" name="shadow" width="250" height="150" libraryItem="Shadows"/></libraryItem><libraryItem libraryName="Зонт.png" itemType="bitmap" folder="" bitmapIndex="2.png"><element type="instance" name="shadow" width="250" height="150" libraryItem="Shadows"/></libraryItem><libraryItem libraryName="Капельница.png" itemType="bitmap" folder="" bitmapIndex="3.png"><element type="instance" name="shadow" width="250" height="150" libraryItem="Shadows"/></libraryItem><libraryItem libraryName="Куртка.png" itemType="bitmap" folder="" bitmapIndex="4.png"><element type="instance" name="shadow" width="250" height="150" libraryItem="Shadows"/></libraryItem><libraryItem libraryName="Ноут.png" itemType="bitmap" folder="" bitmapIndex="5.png"><element type="instance" name="shadow" width="250" height="150" libraryItem="Shadows"/></libraryItem><libraryItem libraryName="Пижама.png" itemType="bitmap" folder="" bitmapIndex="6.png"><element type="instance" name="shadow" width="250" height="150" libraryItem="Shadows"/></libraryItem><libraryItem libraryName="Поднос.png" itemType="bitmap" folder="" bitmapIndex="7.png"><element type="instance" name="shadow" width="250" height="150" libraryItem="Shadows"/></libraryItem><libraryItem libraryName="Подушка.png" itemType="bitmap" folder="" bitmapIndex="8.png"><element type="instance" name="shadow" width="250" height="150" libraryItem="Shadows"/></libraryItem><libraryItem libraryName="Сок.png" itemType="bitmap" folder="" bitmapIndex="9.png"><element type="instance" name="shadow" width="250" height="150" libraryItem="Shadows"/></libraryItem><libraryItem libraryName="Сумочка.png" itemType="bitmap" folder="" bitmapIndex="10.png"><element type="instance" name="shadow" width="250" height="150" libraryItem="Shadows"/></libraryItem><libraryItem libraryName="Тапочки.png" itemType="bitmap" folder="" bitmapIndex="11.png"><element type="instance" name="shadow" width="250" height="150" libraryItem="Shadows"/></libraryItem><libraryItem libraryName="Халат.png" itemType="bitmap" folder="" bitmapIndex="12.png"><element type="instance" name="shadow" width="250" height="150" libraryItem="Shadows"/></libraryItem><libraryItem libraryName="Часы.png" itemType="bitmap" folder="" bitmapIndex="13.png"><element type="instance" name="shadow" width="250" height="150" libraryItem="Shadows"/></libraryItem></xmlui>