<?xml version="1.0" encoding="UTF-8"?>
<!-- Created with TexturePacker http://www.codeandweb.com/texturepacker-->
<!-- $TexturePacker:SmartUpdate:b8ebb6ea5dae11ef357d4ab4fbc11abe:6616751b7d4e014b898bf8a5a62175d7:b0270681d1bcf35d65fbbab6eeddf13f$ -->
<TextureAtlas imagePath="out.png" width="256" height="256">
    <SubTexture name="0" x="0" y="0" width="50" height="50"/>
    <SubTexture name="1" x="0" y="54" width="50" height="50"/>
    <SubTexture name="10" x="0" y="108" width="50" height="50"/>
    <SubTexture name="11" x="0" y="162" width="50" height="50"/>
    <SubTexture name="12" x="54" y="0" width="50" height="50"/>
    <SubTexture name="13" x="108" y="0" width="50" height="50"/>
    <SubTexture name="2" x="162" y="0" width="50" height="50"/>
    <SubTexture name="3" x="54" y="54" width="50" height="50"/>
    <SubTexture name="4" x="54" y="108" width="50" height="50"/>
    <SubTexture name="5" x="54" y="162" width="50" height="50"/>
    <SubTexture name="6" x="108" y="54" width="50" height="50"/>
    <SubTexture name="7" x="162" y="54" width="50" height="50"/>
    <SubTexture name="8" x="108" y="108" width="50" height="50"/>
    <SubTexture name="9" x="108" y="162" width="50" height="50"/>
</TextureAtlas>
