{"textureFormat": "atf", "frameRate": 24, "movies": [{"layers": [{"name": "origin", "keyframes": [{"loc": [640, 384], "index": 0, "tweened": false, "duration": 1, "pivot": [640, 384], "ref": "~original"}]}], "id": "Room_back"}, {"layers": [{"name": "blue_light", "keyframes": [{"duration": 19, "index": 0, "pivot": [59.5, 105.5], "ref": "blue_shine1", "loc": [59.5, 105.5]}, {"loc": [59.5, 105.5], "index": 19, "pivot": [59.5, 105.5], "duration": 20, "alpha": 0, "ref": "blue_shine1"}, {"loc": [59.5, 105.5], "index": 39, "pivot": [59.5, 105.5], "duration": 60, "alpha": 0, "ref": "blue_shine1"}, {"duration": 1, "index": 99, "pivot": [59.5, 105.5], "ref": "blue_shine1", "loc": [59.5, 105.5]}]}], "id": "~blue_shine1_animation"}, {"layers": [{"name": "blue_light", "keyframes": [{"duration": 39, "index": 0, "pivot": [146.75, 227], "ref": "blue_shine2", "loc": [146.75, 227]}, {"loc": [146.75, 227], "index": 39, "pivot": [146.75, 227], "duration": 80, "alpha": 0, "ref": "blue_shine2"}, {"duration": 1, "index": 119, "pivot": [146.75, 227], "ref": "blue_shine2", "loc": [146.75, 227]}]}], "id": "~blue_shine2_animation"}, {"layers": [{"name": "leaf2", "keyframes": [{"duration": 44, "index": 0, "pivot": [6.25, 6.75], "ref": "leaf2", "loc": [6.25, 6.75]}, {"loc": [-2.6114, 64.5468], "index": 44, "skew": [2.0944, 2.0944], "duration": 35, "pivot": [6.275, 6.725], "ref": "leaf2"}, {"loc": [0.2554, 115.4021], "scale": [1, 0.2], "index": 79, "skew": [0.2618, 0.2618], "duration": 1, "pivot": [6.275, 6.875], "ref": "leaf2"}, {"loc": [0.2554, 115.4021], "scale": [1, 0.2], "index": 80, "skew": [0.2618, 0.2618], "tweened": false, "pivot": [6.275, 6.875], "duration": 84, "alpha": 0, "ref": "leaf2"}, {"loc": [0.2554, 115.4021], "scale": [1, 0.2], "index": 164, "skew": [0.2618, 0.2618], "tweened": false, "pivot": [6.275, 6.875], "duration": 1, "alpha": 0, "ref": "leaf2"}]}], "id": "~leaf2_animation"}, {"layers": [{"name": "background", "keyframes": [{"loc": [640, 384], "index": 0, "tweened": false, "duration": 1, "pivot": [640, 384], "ref": "background"}]}, {"name": "blue_light2", "keyframes": [{"loc": [351.5, 365.525], "index": 0, "tweened": false, "duration": 1, "pivot": [59.5, 105.5], "ref": "~blue_shine1_animation"}]}, {"name": "blue_light1", "keyframes": [{"loc": [1133.25, 450.65], "index": 0, "tweened": false, "duration": 1, "pivot": [146.75, 227], "ref": "~blue_shine2_animation"}]}, {"name": "pnone_screen", "keyframes": [{"loc": [221.25, 245.75], "index": 0, "tweened": false, "duration": 1, "pivot": [10.25, 10.75], "ref": "~pnone_screen_animation"}]}, {"name": "red_light2", "keyframes": [{"loc": [1022, 76.85], "index": 0, "tweened": false, "duration": 1, "pivot": [7.5, 7.5], "ref": "~red_light_animation"}]}, {"name": "red_light1", "keyframes": [{"loc": [407.1001, 150.9501], "scale": [0.6667, 0.6667], "index": 0, "tweened": false, "duration": 1, "pivot": [7.5, 7.5], "ref": "~red_light_animation"}]}, {"name": "leaf2", "keyframes": [{"loc": [1082.6, 489.45], "index": 0, "tweened": false, "duration": 1, "pivot": [6.25, 6.75], "ref": "~leaf2_animation"}]}], "id": "~original"}, {"layers": [{"name": "pnone_screen", "keyframes": [{"loc": [10.25, 10.75], "index": 0, "pivot": [10.25, 10.75], "duration": 39, "alpha": 0, "ref": "phone_screen"}, {"loc": [10.25, 10.75], "index": 39, "tweened": false, "duration": 50, "pivot": [10.25, 10.75], "ref": "phone_screen"}, {"duration": 35, "index": 89, "pivot": [10.25, 10.75], "ref": "phone_screen", "loc": [10.25, 10.75]}, {"loc": [10.25, 10.75], "index": 124, "tweened": false, "pivot": [10.25, 10.75], "duration": 45, "alpha": 0, "ref": "phone_screen"}, {"loc": [10.25, 10.75], "index": 169, "tweened": false, "pivot": [10.25, 10.75], "duration": 1, "alpha": 0, "ref": "phone_screen"}]}], "id": "~pnone_screen_animation"}, {"layers": [{"name": "red_light", "keyframes": [{"loc": [7.5, 7.5], "index": 0, "tweened": false, "pivot": [7.5, 7.5], "duration": 69, "alpha": 0, "ref": "red_light"}, {"loc": [7.5, 7.5], "index": 69, "pivot": [7.5, 7.5], "duration": 10, "alpha": 0, "ref": "red_light"}, {"duration": 11, "index": 79, "pivot": [7.5, 7.5], "ref": "red_light", "loc": [7.5, 7.5]}, {"loc": [7.5, 7.5], "index": 90, "pivot": [7.5, 7.5], "duration": 1, "alpha": 0, "ref": "red_light"}]}], "id": "~red_light_animation"}], "md5": "9dc22b326b7d353c7879db4c808f1fd1", "textureGroups": [{"atlases": [{"textures": [{"origin": [0, 0], "symbol": "background", "rect": [1, 1, 1280, 768]}, {"origin": [0, 0], "symbol": "blue_shine2", "rect": [1283, 1, 294, 454]}, {"origin": [0, 0], "symbol": "blue_shine1", "rect": [1283, 457, 119, 211]}, {"origin": [10.25, 10.75], "symbol": "phone_screen", "rect": [1283, 670, 21, 22]}, {"origin": [0, 0], "symbol": "red_light", "rect": [1283, 694, 15, 15]}, {"origin": [0, 0], "symbol": "leaf2", "rect": [1283, 711, 13, 14]}], "file": "atlas0.atf"}], "scaleFactor": 1}], "isNamespaced": false}