<xmlui modify="2016-10-24 11:50:43" scale="0.5" textureType="png"><libraryItem libraryName="_ASSETS" itemType="folder" folder=""><element type="instance" name="up" x="-540.15" y="-290.075" width="2047.95" height="114" scaleX="0.999969482421875" libraryItem="collections_up_panel"><property name="ui_type"><![CDATA[panel]]></property></element><element type="instance" name="bottom" x="-540.2" y="1026.125" width="2048" height="216.025" libraryItem="collections_bottom_panel"/><element type="instance" name="screen" x="-542.15" y="-290.075" width="2048" height="1572.475" scaleY="0.9999847412109375" libraryItem="window"/></libraryItem><libraryItem libraryName="_fonts" itemType="folder" folder=""><element type="instance" name="up" x="-540.15" y="-290.075" width="2047.95" height="114" scaleX="0.999969482421875" libraryItem="collections_up_panel"><property name="ui_type"><![CDATA[panel]]></property></element><element type="instance" name="bottom" x="-540.2" y="1026.125" width="2048" height="216.025" libraryItem="collections_bottom_panel"/><element type="instance" name="screen" x="-542.15" y="-290.075" width="2048" height="1572.475" scaleY="0.9999847412109375" libraryItem="window"/></libraryItem><libraryItem libraryName="bmpFonts" itemType="folder" folder=""><element type="instance" name="up" x="-540.15" y="-290.075" width="2047.95" height="114" scaleX="0.999969482421875" libraryItem="collections_up_panel"><property name="ui_type"><![CDATA[panel]]></property></element><element type="instance" name="bottom" x="-540.2" y="1026.125" width="2048" height="216.025" libraryItem="collections_bottom_panel"/><element type="instance" name="screen" x="-542.15" y="-290.075" width="2048" height="1572.475" scaleY="0.9999847412109375" libraryItem="window"/></libraryItem><libraryItem libraryName="buttons" itemType="folder" folder=""><element type="instance" name="up" x="-540.15" y="-290.075" width="2047.95" height="114" scaleX="0.999969482421875" libraryItem="collections_up_panel"><property name="ui_type"><![CDATA[panel]]></property></element><element type="instance" name="bottom" x="-540.2" y="1026.125" width="2048" height="216.025" libraryItem="collections_bottom_panel"/><element type="instance" name="screen" x="-542.15" y="-290.075" width="2048" height="1572.475" scaleY="0.9999847412109375" libraryItem="window"/></libraryItem><libraryItem libraryName="buttons/analyze" itemType="folder" folder="buttons"><element type="instance" name="up" x="-540.15" y="-290.075" width="2047.95" height="114" scaleX="0.999969482421875" libraryItem="collections_up_panel"><property name="ui_type"><![CDATA[panel]]></property></element><element type="instance" name="bottom" x="-540.2" y="1026.125" width="2048" height="216.025" libraryItem="collections_bottom_panel"/><element type="instance" name="screen" x="-542.15" y="-290.075" width="2048" height="1572.475" scaleY="0.9999847412109375" libraryItem="window"/></libraryItem><libraryItem libraryName="buttons/realMoney" itemType="folder" folder="buttons"><element type="instance" name="up" x="-540.15" y="-290.075" width="2047.95" height="114" scaleX="0.999969482421875" libraryItem="collections_up_panel"><property name="ui_type"><![CDATA[panel]]></property></element><element type="instance" name="bottom" x="-540.2" y="1026.125" width="2048" height="216.025" libraryItem="collections_bottom_panel"/><element type="instance" name="screen" x="-542.15" y="-290.075" width="2048" height="1572.475" scaleY="0.9999847412109375" libraryItem="window"/></libraryItem><libraryItem libraryName="back.BlackBack" itemType="movie clip" folder="" linkageClassName="back.BlackBack"><element type="instance" name="blackbg" width="2040.925" height="1229.325" scaleX="4081.859573364258" scaleY="2458.65234375" libraryItem="_ASSETS/dark_back.png"/></libraryItem><libraryItem libraryName="buttons/analyze/bt_analyze" itemType="movie clip" folder="buttons" linkageClassName="bt_analyze"><element type="text" name="_label" x="-20" y="66.025" width="224.05" height="103.5" lineType="multiline" orientation="horizontal"><textFormat size="25" face="TopPanel*" fillColor="#ffffff" alignment="center" bold="false" italic="false"/><textString><![CDATA[EXAMINE]]></textString></element><element type="image" name="_out" x="26" width="172" height="172" libraryItem="buttons/analyze/bt_analyze n"/><element type="image" name="_over" x="26" width="172" height="172" libraryItem="buttons/analyze/bt_analyze h"/><element type="image" name="_down" x="26" width="172" height="172" libraryItem="buttons/analyze/bt_analyze p"/></libraryItem><libraryItem libraryName="buttons/analyze/bt_analyze n" itemType="movie clip" folder="buttons" linkageClassName="bt_analyzen"><element type="instance" name="Слой 3" width="172" height="172" libraryItem="_ASSETS/Green_arrows.png"/></libraryItem><libraryItem libraryName="buttons/analyze/bt_analyze h" itemType="movie clip" folder="buttons" linkageClassName="bt_analyzeh"><element type="instance" name="Layer 1" width="172" height="172" libraryItem="_ASSETS/Green_arrows.png"/></libraryItem><libraryItem libraryName="buttons/analyze/bt_analyze p" itemType="movie clip" folder="buttons" linkageClassName="bt_analyzep"><element type="instance" name="Layer 1" width="172" height="172" libraryItem="_ASSETS/Green_arrows.png"/></libraryItem><libraryItem libraryName="buttons/bt close h" itemType="movie clip" folder="buttons" linkageClassName="btcloseh"><element type="instance" name="Layer 1" width="45" height="45" libraryItem="_ASSETS/BACK_arrow.png"/></libraryItem><libraryItem libraryName="buttons/bt close n" itemType="movie clip" folder="buttons" linkageClassName="btclosen"><element type="instance" name="Layer 1" width="45" height="45" libraryItem="_ASSETS/BACK_arrow.png"/></libraryItem><libraryItem libraryName="buttons/bt close p" itemType="movie clip" folder="buttons" linkageClassName="btclosep"><element type="instance" name="Layer 1" width="45" height="45" libraryItem="_ASSETS/BACK_arrow.png"/></libraryItem><libraryItem libraryName="buttons/bt_close" itemType="movie clip" folder="buttons" linkageClassName="bt_close"><element type="text" name="_label" y="-16" width="253.575" height="86.05" lineType="multiline" orientation="horizontal"><textFormat size="25" face="TopPanel*" fillColor="#ffffff" alignment="left" bold="false" italic="false"/><textString><![CDATA[BACK]]></textString></element><element type="image" name="_out" x="179.55" y="3.525" width="45" height="45" libraryItem="buttons/bt close n"/><element type="image" name="_over" x="179.55" y="3.525" width="45" height="45" libraryItem="buttons/bt close h"/><element type="image" name="_down" x="179.55" y="3.525" width="45" height="45" libraryItem="buttons/bt close p"/></libraryItem><libraryItem libraryName="buttons/realMoney/bt_real_money" itemType="movie clip" folder="buttons"><element type="text" name="_label" x="17.925" y="25.975" width="750" height="94.025" lineType="multiline" orientation="horizontal"><textFormat size="50" face="speed50*" fillColor="#ffffff" alignment="center" bold="true" italic="true"/><textString><![CDATA[10 000]]></textString></element><element type="image" name="_out" width="782" height="178" libraryItem="buttons/realMoney/bt_speed n"/><element type="image" name="_over" width="782" height="178" libraryItem="buttons/realMoney/bt_speed h"/><element type="image" name="_down" width="782" height="178" libraryItem="buttons/realMoney/bt_speed p"/></libraryItem><libraryItem libraryName="buttons/realMoney/bt_speed h" itemType="movie clip" folder="buttons" linkageClassName="btcloseh"><element type="instance" name="Layer 1" width="782" height="178" libraryItem="_ASSETS/Green_button.png"/></libraryItem><libraryItem libraryName="buttons/realMoney/bt_speed n" itemType="movie clip" folder="buttons" linkageClassName="btclosen"><element type="instance" name="Layer 1" width="782" height="178" libraryItem="_ASSETS/Green_button.png"/></libraryItem><libraryItem libraryName="buttons/realMoney/bt_speed p" itemType="movie clip" folder="buttons" linkageClassName="btclosep"><element type="instance" name="Layer 1" width="782" height="178" libraryItem="_ASSETS/Green_button.png"/></libraryItem><libraryItem libraryName="collection.EmptyContainer" itemType="movie clip" folder="" linkageClassName="collection.EmptyContainer"><element type="shape" name="bounds" x="128.675" y="6.85" width="257.35" height="13.7"/></libraryItem><libraryItem libraryName="collection_bottom_panel_content" itemType="movie clip" folder="" linkageClassName="collection_bottom_panel_content"><element type="instance" name="bg" width="2048" height="216.025" libraryItem="collections_bottom_panel_content_background"/></libraryItem><libraryItem libraryName="collections_bottom_panel_content_background" itemType="movie clip" folder="" linkageClassName="collections_bottom_panel_content_background"><element type="instance" name="item_cell1" x="982.45" y="15.5" width="254" height="99" libraryItem="panels.bottom.ItemQuest"><property name="ui_type"><![CDATA[panel]]></property></element><element type="instance" name="item_cell2" x="1241.725" y="15.5" width="254" height="99" libraryItem="panels.bottom.ItemQuest"><property name="ui_type"><![CDATA[panel]]></property></element><element type="instance" name="item_cell3" x="1501" y="15.5" width="254" height="99" libraryItem="panels.bottom.ItemQuest"><property name="ui_type"><![CDATA[panel]]></property></element><element type="instance" name="item_cell4" x="723.175" y="15.5" width="254" height="99" libraryItem="panels.bottom.ItemQuest"><property name="ui_type"><![CDATA[panel]]></property></element><element type="instance" name="item_cell5" x="463.9" y="15.5" width="254" height="99" libraryItem="panels.bottom.ItemQuest"><property name="ui_type"><![CDATA[panel]]></property></element><element type="instance" name="bt_analyze" x="1839.825" y="15" width="224.05" height="172" libraryItem="buttons/analyze/bt_analyze"><property name="ui_type"><![CDATA[button]]></property><property name="button_signal"><![CDATA[analyze]]></property></element><element type="instance" name="bt_close" x="27.975" y="145.975" width="253.575" height="86.05" libraryItem="buttons/bt_close"><property name="ui_type"><![CDATA[button]]></property><property name="button_signal"><![CDATA[close]]></property></element><element type="instance" name="bottomBackground" width="2048" height="212" libraryItem="Символ 1"/></libraryItem><libraryItem libraryName="collection_top_panel_content_main" itemType="movie clip" folder="" linkageClassName="collection_top_panel_content_main"><element type="instance" name="right_arrow" x="1309.075" y="14.725" width="137" height="57" libraryItem="RightArrow"/><element type="instance" name="left_arrow" x="641.625" y="14.725" width="137" height="57" libraryItem="LeftArrow"/><element type="instance" name="bg" width="2048" height="114" libraryItem="panels.top.Background"/></libraryItem><libraryItem libraryName="RightArrow" itemType="movie clip" folder=""><element type="instance" name="Слой 1" x="137" y="57" width="137" height="57" rotation="180" libraryItem="_ASSETS/right_arrow.png"/></libraryItem><libraryItem libraryName="LeftArrow" itemType="movie clip" folder=""><element type="instance" name="Слой 1" width="137" height="57" libraryItem="_ASSETS/right_arrow.png"/></libraryItem><libraryItem libraryName="panels.top.Background" itemType="movie clip" folder=""><element type="instance" name="Слой 1" width="2048" height="114" libraryItem="_ASSETS/top_bar.png"/></libraryItem><libraryItem libraryName="collections.ManBlackFigure" itemType="movie clip" folder="" linkageClassName="collections.ManBlackFigure"><element type="instance" name="Слой 1" width="415" height="692" libraryItem="_ASSETS/figure.png"/></libraryItem><libraryItem libraryName="collections.ManBlackFigureBackground" itemType="movie clip" folder="" linkageClassName="collections.ManBlackFigureBackground"><element type="instance" name="Слой 1" width="582" height="782" libraryItem="_ASSETS/back.png"/></libraryItem><libraryItem libraryName="collections.UnknowItem" itemType="movie clip" folder="" linkageClassName="collections.UnknowItem"><element type="instance" name="Слой 1" width="464" height="389" libraryItem="_ASSETS/EvidenceTileUnknow.png"/></libraryItem><libraryItem libraryName="collections_bottom_panel" itemType="movie clip" folder="" linkageClassName="collections_bottom_panel"><element type="instance" name="collection_bottom_panel_content" width="2048" height="216.025" libraryItem="collection_bottom_panel_content"><property name="ui_type"><![CDATA[panel]]></property><property name="ui_panel_background_skin"><![CDATA[bg]]></property></element><element type="shape" name="bounds" x="1024" y="107" width="2048" height="214"/></libraryItem><libraryItem libraryName="panels.bottom.ItemQuest" itemType="movie clip" folder="" linkageClassName="panels.bottom.ItemQuest"><element type="instance" name="Слой 1" width="254" height="99" libraryItem="_ASSETS/item_cell.png"/></libraryItem><libraryItem libraryName="Символ 1" itemType="movie clip" folder=""><element type="instance" name="Слой 1" width="2048" height="212" libraryItem="_ASSETS/mid_bar.png"/></libraryItem><libraryItem libraryName="collections_up_panel" itemType="movie clip" folder="" linkageClassName="collections_up_panel"><element type="instance" name="collections_up_panel_content" width="2048" height="114" libraryItem="collections_up_panel_content"><property name="ui_type"><![CDATA[panel]]></property></element><element type="shape" name="bounds" x="1024" y="51.025" width="2048" height="102.05"/></libraryItem><libraryItem libraryName="collections_up_panel_content" itemType="movie clip" folder="" linkageClassName="collections_up_panel_content"><element type="text" name="panel_name_txt" x="782.1" y="15.5" width="522.975" height="73" lineType="multiline" orientation="horizontal"><textFormat size="30" face="TopPanel*" fillColor="#e1e2e9" alignment="center" bold="false" italic="false"/><textString><![CDATA[COLLECTION]]></textString><property name="source"><![CDATA[panel_name_txt]]></property></element><element type="instance" name="main_panel" width="2048" height="114" libraryItem="collection_top_panel_content_main"><property name="ui_type"><![CDATA[panel]]></property><property name="ui_panel_background_skin"><![CDATA[bg]]></property></element></libraryItem><libraryItem libraryName="container" itemType="movie clip" folder="" linkageClassName="bounds"><element type="shape" name="panel_bounds" x="174.9" y="35" width="350" height="70"/></libraryItem><libraryItem libraryName="coolections.screen.ItemContainer" itemType="movie clip" folder="" linkageClassName="coolections.screen.ItemContainer"><element type="shape" name="bounds" x="55.175" y="65.75" width="110.375" height="131.5"/></libraryItem><libraryItem libraryName="evidence.Back" itemType="movie clip" folder="" linkageClassName="evidence.Back"><element type="instance" name="Слой 1" width="464" height="389" libraryItem="_ASSETS/back2.png"/></libraryItem><libraryItem libraryName="listboxPanel" itemType="movie clip" folder="" linkageClassName="listboxPanel"><element type="shape" name="bounds" x="232" y="194.5" width="464" height="389"/><element type="instance" name="item" x="173.3" y="117.45" width="110.375" height="131.5" libraryItem="coolections.screen.ItemContainer"><property name="ui_type"><![CDATA[panel]]></property></element><element type="image" name="bg" width="464" height="389" libraryItem="evidence.Back"/></libraryItem><libraryItem libraryName="money" itemType="movie clip" folder=""><element type="instance" name="Слой 1" width="64.5" height="50" libraryItem="_ASSETS/$.png"/></libraryItem><libraryItem libraryName="panels.bottom.BottomBackground" itemType="movie clip" folder="" linkageClassName="panels.bottom.BottomBackground"/><libraryItem libraryName="panels.bottom.ButtonBackground" itemType="movie clip" folder="" linkageClassName="panels.bottom.ButtonBackground"/><libraryItem libraryName="panels.bottom.UpBacground" itemType="movie clip" folder="" linkageClassName="panels.bottom.UpBacground"/><libraryItem libraryName="screen.BlackBackground" itemType="movie clip" folder="" linkageClassName="listboxPanel"><element type="shape" name="bounds" x="1024" y="607.925" width="2048" height="1215.425"/><element type="image" name="cont" width="2040.925" height="1229.325" libraryItem="back.BlackBack"/></libraryItem><libraryItem libraryName="screen.CharacterPanel" itemType="movie clip" folder="" linkageClassName="listboxPanel"><element type="shape" name="bounds" x="201.075" y="-311.8" width="402.075" height="623.575"/></libraryItem><libraryItem libraryName="timer.time.Background" itemType="movie clip" folder=""><element type="instance" name="Слой 1" width="115.5" height="177" libraryItem="_ASSETS/Score_slot.png"/></libraryItem><libraryItem libraryName="window" itemType="movie clip" folder="" linkageClassName="window"><element type="instance" name="slot1" x="42" y="227.55" width="426.6" height="389" scaleX="0.9194183349609375" libraryItem="listboxPanel"><property name="ui_type"><![CDATA[panel]]></property></element><element type="instance" name="slot2" x="473.05" y="227.55" width="426.6" height="389" scaleX="0.9194183349609375" libraryItem="listboxPanel"><property name="ui_type"><![CDATA[panel]]></property></element><element type="instance" name="slot3" x="904.125" y="227.55" width="426.6" height="389" scaleX="0.9194183349609375" libraryItem="listboxPanel"><property name="ui_type"><![CDATA[panel]]></property></element><element type="instance" name="slot4" x="34.925" y="629.9" width="426.6" height="389" scaleX="0.9194183349609375" libraryItem="listboxPanel"><property name="ui_type"><![CDATA[panel]]></property></element><element type="instance" name="slot5" x="468.825" y="629.9" width="426.6" height="389" scaleX="0.9194183349609375" libraryItem="listboxPanel"><property name="ui_type"><![CDATA[panel]]></property></element><element type="instance" name="slot6" x="904.125" y="623.7" width="426.6" height="389" scaleX="0.9194183349609375" libraryItem="listboxPanel"><property name="ui_type"><![CDATA[panel]]></property></element><element type="instance" name="unknowItem1" x="13.775" y="403.65" width="596.325" height="568.875" rotation="-29.998565673828125" libraryItem="collections.UnknowItem"><property name="ui_type"><![CDATA[panel]]></property></element><element type="instance" name="unknowItem2" x="578.25" y="171.65" width="586.15" height="550.65" rotation="25.45220947265625" scaleX="1.0000152587890625" scaleY="1.0000152587890625" libraryItem="collections.UnknowItem"><property name="ui_type"><![CDATA[panel]]></property></element><element type="instance" name="unknowItem3" x="1051.425" y="176.45" width="566.225" height="520.125" rotation="19.230361938476562" scaleX="1.0000152587890625" scaleY="1.0000152587890625" libraryItem="collections.UnknowItem"><property name="ui_type"><![CDATA[panel]]></property></element><element type="instance" name="unknowItem4" x="502.075" y="657.3" width="426.175" height="494.7" rotation="85.23838806152344" libraryItem="collections.UnknowItem"><property name="ui_type"><![CDATA[panel]]></property></element><element type="instance" name="unknowItem5" x="655.625" y="522.825" width="603.15" height="603.175" rotation="44.99913024902344" scaleX="0.9999847412109375" scaleY="0.9999847412109375" libraryItem="collections.UnknowItem"><property name="ui_type"><![CDATA[panel]]></property></element><element type="instance" name="unknowItem6" x="783.8" y="881.65" width="568.875" height="596.325" rotation="-60.0001220703125" libraryItem="collections.UnknowItem"><property name="ui_type"><![CDATA[panel]]></property></element><element type="instance" name="character" x="1515.9" y="979.65" width="369.675" height="623.575" scaleX="0.9194183349609375" libraryItem="screen.CharacterPanel"><property name="ui_type"><![CDATA[panel]]></property></element><element type="shape" name="window_bounds" x="1023.975" y="765.925" width="2047.975" height="1531.675"/><element type="image" name="manBlackFigure" x="1475.3" y="365.8" width="415" height="692" libraryItem="collections.ManBlackFigure"/><element type="image" name="ManBlackFigureBackground" x="1372.925" y="310.4" width="582" height="782" libraryItem="collections.ManBlackFigureBackground"/><element type="instance" name="black" width="2048" height="1572.5" scaleY="1.2791595458984375" libraryItem="screen.BlackBackground"><property name="ui_type"><![CDATA[panel]]></property></element><element type="instance" name="[bg]" width="2048" height="1535" scaleX="2" scaleY="2" libraryItem="_ASSETS/Back_image.png"/></libraryItem><libraryItem libraryName="_ASSETS/$.png" itemType="bitmap" folder="_ASSETS" bitmapIndex="0.png"><element type="instance" name="up" x="-540.15" y="-290.075" width="2047.95" height="114" scaleX="0.999969482421875" libraryItem="collections_up_panel"><property name="ui_type"><![CDATA[panel]]></property></element><element type="instance" name="bottom" x="-540.2" y="1026.125" width="2048" height="216.025" libraryItem="collections_bottom_panel"/><element type="instance" name="screen" x="-542.15" y="-290.075" width="2048" height="1572.475" scaleY="0.9999847412109375" libraryItem="window"/></libraryItem><libraryItem libraryName="_ASSETS/back.png" itemType="bitmap" folder="_ASSETS" bitmapIndex="1.png"><element type="instance" name="up" x="-540.15" y="-290.075" width="2047.95" height="114" scaleX="0.999969482421875" libraryItem="collections_up_panel"><property name="ui_type"><![CDATA[panel]]></property></element><element type="instance" name="bottom" x="-540.2" y="1026.125" width="2048" height="216.025" libraryItem="collections_bottom_panel"/><element type="instance" name="screen" x="-542.15" y="-290.075" width="2048" height="1572.475" scaleY="0.9999847412109375" libraryItem="window"/></libraryItem><libraryItem libraryName="_ASSETS/BACK_arrow.png" itemType="bitmap" folder="_ASSETS" bitmapIndex="2.png"><element type="instance" name="up" x="-540.15" y="-290.075" width="2047.95" height="114" scaleX="0.999969482421875" libraryItem="collections_up_panel"><property name="ui_type"><![CDATA[panel]]></property></element><element type="instance" name="bottom" x="-540.2" y="1026.125" width="2048" height="216.025" libraryItem="collections_bottom_panel"/><element type="instance" name="screen" x="-542.15" y="-290.075" width="2048" height="1572.475" scaleY="0.9999847412109375" libraryItem="window"/></libraryItem><libraryItem libraryName="_ASSETS/Back_image.png" itemType="bitmap" folder="_ASSETS" bitmapIndex="3.png"><element type="instance" name="up" x="-540.15" y="-290.075" width="2047.95" height="114" scaleX="0.999969482421875" libraryItem="collections_up_panel"><property name="ui_type"><![CDATA[panel]]></property></element><element type="instance" name="bottom" x="-540.2" y="1026.125" width="2048" height="216.025" libraryItem="collections_bottom_panel"/><element type="instance" name="screen" x="-542.15" y="-290.075" width="2048" height="1572.475" scaleY="0.9999847412109375" libraryItem="window"/></libraryItem><libraryItem libraryName="_ASSETS/back2.png" itemType="bitmap" folder="_ASSETS" bitmapIndex="4.png"><element type="instance" name="up" x="-540.15" y="-290.075" width="2047.95" height="114" scaleX="0.999969482421875" libraryItem="collections_up_panel"><property name="ui_type"><![CDATA[panel]]></property></element><element type="instance" name="bottom" x="-540.2" y="1026.125" width="2048" height="216.025" libraryItem="collections_bottom_panel"/><element type="instance" name="screen" x="-542.15" y="-290.075" width="2048" height="1572.475" scaleY="0.9999847412109375" libraryItem="window"/></libraryItem><libraryItem libraryName="_ASSETS/dark_back.png" itemType="bitmap" folder="_ASSETS" bitmapIndex="5.png"><element type="instance" name="up" x="-540.15" y="-290.075" width="2047.95" height="114" scaleX="0.999969482421875" libraryItem="collections_up_panel"><property name="ui_type"><![CDATA[panel]]></property></element><element type="instance" name="bottom" x="-540.2" y="1026.125" width="2048" height="216.025" libraryItem="collections_bottom_panel"/><element type="instance" name="screen" x="-542.15" y="-290.075" width="2048" height="1572.475" scaleY="0.9999847412109375" libraryItem="window"/></libraryItem><libraryItem libraryName="_ASSETS/EvidenceTileUnknow.png" itemType="bitmap" folder="_ASSETS" bitmapIndex="6.png"><element type="instance" name="up" x="-540.15" y="-290.075" width="2047.95" height="114" scaleX="0.999969482421875" libraryItem="collections_up_panel"><property name="ui_type"><![CDATA[panel]]></property></element><element type="instance" name="bottom" x="-540.2" y="1026.125" width="2048" height="216.025" libraryItem="collections_bottom_panel"/><element type="instance" name="screen" x="-542.15" y="-290.075" width="2048" height="1572.475" scaleY="0.9999847412109375" libraryItem="window"/></libraryItem><libraryItem libraryName="_ASSETS/figure.png" itemType="bitmap" folder="_ASSETS" bitmapIndex="7.png"><element type="instance" name="up" x="-540.15" y="-290.075" width="2047.95" height="114" scaleX="0.999969482421875" libraryItem="collections_up_panel"><property name="ui_type"><![CDATA[panel]]></property></element><element type="instance" name="bottom" x="-540.2" y="1026.125" width="2048" height="216.025" libraryItem="collections_bottom_panel"/><element type="instance" name="screen" x="-542.15" y="-290.075" width="2048" height="1572.475" scaleY="0.9999847412109375" libraryItem="window"/></libraryItem><libraryItem libraryName="_ASSETS/Green_arrows.png" itemType="bitmap" folder="_ASSETS" bitmapIndex="8.png"><element type="instance" name="up" x="-540.15" y="-290.075" width="2047.95" height="114" scaleX="0.999969482421875" libraryItem="collections_up_panel"><property name="ui_type"><![CDATA[panel]]></property></element><element type="instance" name="bottom" x="-540.2" y="1026.125" width="2048" height="216.025" libraryItem="collections_bottom_panel"/><element type="instance" name="screen" x="-542.15" y="-290.075" width="2048" height="1572.475" scaleY="0.9999847412109375" libraryItem="window"/></libraryItem><libraryItem libraryName="_ASSETS/Green_button.png" itemType="bitmap" folder="_ASSETS" bitmapIndex="9.png"><element type="instance" name="up" x="-540.15" y="-290.075" width="2047.95" height="114" scaleX="0.999969482421875" libraryItem="collections_up_panel"><property name="ui_type"><![CDATA[panel]]></property></element><element type="instance" name="bottom" x="-540.2" y="1026.125" width="2048" height="216.025" libraryItem="collections_bottom_panel"/><element type="instance" name="screen" x="-542.15" y="-290.075" width="2048" height="1572.475" scaleY="0.9999847412109375" libraryItem="window"/></libraryItem><libraryItem libraryName="_ASSETS/item_cell.png" itemType="bitmap" folder="_ASSETS" bitmapIndex="10.png"><element type="instance" name="up" x="-540.15" y="-290.075" width="2047.95" height="114" scaleX="0.999969482421875" libraryItem="collections_up_panel"><property name="ui_type"><![CDATA[panel]]></property></element><element type="instance" name="bottom" x="-540.2" y="1026.125" width="2048" height="216.025" libraryItem="collections_bottom_panel"/><element type="instance" name="screen" x="-542.15" y="-290.075" width="2048" height="1572.475" scaleY="0.9999847412109375" libraryItem="window"/></libraryItem><libraryItem libraryName="_ASSETS/left_arrow.png" itemType="bitmap" folder="_ASSETS" bitmapIndex="11.png"><element type="instance" name="up" x="-540.15" y="-290.075" width="2047.95" height="114" scaleX="0.999969482421875" libraryItem="collections_up_panel"><property name="ui_type"><![CDATA[panel]]></property></element><element type="instance" name="bottom" x="-540.2" y="1026.125" width="2048" height="216.025" libraryItem="collections_bottom_panel"/><element type="instance" name="screen" x="-542.15" y="-290.075" width="2048" height="1572.475" scaleY="0.9999847412109375" libraryItem="window"/></libraryItem><libraryItem libraryName="_ASSETS/mid_bar.png" itemType="bitmap" folder="_ASSETS" bitmapIndex="12.png"><element type="instance" name="up" x="-540.15" y="-290.075" width="2047.95" height="114" scaleX="0.999969482421875" libraryItem="collections_up_panel"><property name="ui_type"><![CDATA[panel]]></property></element><element type="instance" name="bottom" x="-540.2" y="1026.125" width="2048" height="216.025" libraryItem="collections_bottom_panel"/><element type="instance" name="screen" x="-542.15" y="-290.075" width="2048" height="1572.475" scaleY="0.9999847412109375" libraryItem="window"/></libraryItem><libraryItem libraryName="bmpFonts/numbers.png" itemType="bmpFont" folder="bmpFonts" fontName="numbers*" bitmapIndex="numbers" fontXML="numbers.fnt"><element type="instance" name="up" x="-540.15" y="-290.075" width="2047.95" height="114" scaleX="0.999969482421875" libraryItem="collections_up_panel"><property name="ui_type"><![CDATA[panel]]></property></element><element type="instance" name="bottom" x="-540.2" y="1026.125" width="2048" height="216.025" libraryItem="collections_bottom_panel"/><element type="instance" name="screen" x="-542.15" y="-290.075" width="2048" height="1572.475" scaleY="0.9999847412109375" libraryItem="window"/></libraryItem><libraryItem libraryName="_ASSETS/right_arrow.png" itemType="bitmap" folder="_ASSETS" bitmapIndex="13.png"><element type="instance" name="up" x="-540.15" y="-290.075" width="2047.95" height="114" scaleX="0.999969482421875" libraryItem="collections_up_panel"><property name="ui_type"><![CDATA[panel]]></property></element><element type="instance" name="bottom" x="-540.2" y="1026.125" width="2048" height="216.025" libraryItem="collections_bottom_panel"/><element type="instance" name="screen" x="-542.15" y="-290.075" width="2048" height="1572.475" scaleY="0.9999847412109375" libraryItem="window"/></libraryItem><libraryItem libraryName="_ASSETS/Score_slot.png" itemType="bitmap" folder="_ASSETS" bitmapIndex="14.png"><element type="instance" name="up" x="-540.15" y="-290.075" width="2047.95" height="114" scaleX="0.999969482421875" libraryItem="collections_up_panel"><property name="ui_type"><![CDATA[panel]]></property></element><element type="instance" name="bottom" x="-540.2" y="1026.125" width="2048" height="216.025" libraryItem="collections_bottom_panel"/><element type="instance" name="screen" x="-542.15" y="-290.075" width="2048" height="1572.475" scaleY="0.9999847412109375" libraryItem="window"/></libraryItem><libraryItem libraryName="bmpFonts/speed.png" itemType="bmpFont" folder="bmpFonts" fontName="speed*" bitmapIndex="speed" fontXML="speed.fnt"><element type="instance" name="up" x="-540.15" y="-290.075" width="2047.95" height="114" scaleX="0.999969482421875" libraryItem="collections_up_panel"><property name="ui_type"><![CDATA[panel]]></property></element><element type="instance" name="bottom" x="-540.2" y="1026.125" width="2048" height="216.025" libraryItem="collections_bottom_panel"/><element type="instance" name="screen" x="-542.15" y="-290.075" width="2048" height="1572.475" scaleY="0.9999847412109375" libraryItem="window"/></libraryItem><libraryItem libraryName="bmpFonts/timeleft.png" itemType="bmpFont" folder="bmpFonts" fontName="timeleft*" bitmapIndex="timeleft" fontXML="timeleft.fnt"><element type="instance" name="up" x="-540.15" y="-290.075" width="2047.95" height="114" scaleX="0.999969482421875" libraryItem="collections_up_panel"><property name="ui_type"><![CDATA[panel]]></property></element><element type="instance" name="bottom" x="-540.2" y="1026.125" width="2048" height="216.025" libraryItem="collections_bottom_panel"/><element type="instance" name="screen" x="-542.15" y="-290.075" width="2048" height="1572.475" scaleY="0.9999847412109375" libraryItem="window"/></libraryItem><libraryItem libraryName="_ASSETS/top_bar.png" itemType="bitmap" folder="_ASSETS" bitmapIndex="15.png"><element type="instance" name="up" x="-540.15" y="-290.075" width="2047.95" height="114" scaleX="0.999969482421875" libraryItem="collections_up_panel"><property name="ui_type"><![CDATA[panel]]></property></element><element type="instance" name="bottom" x="-540.2" y="1026.125" width="2048" height="216.025" libraryItem="collections_bottom_panel"/><element type="instance" name="screen" x="-542.15" y="-290.075" width="2048" height="1572.475" scaleY="0.9999847412109375" libraryItem="window"/></libraryItem><libraryItem libraryName="bmpFonts/TopPanel.png" itemType="bmpFont" folder="bmpFonts" fontName="TopPanel*" bitmapIndex="TopPanel" fontXML="TopPanel.fnt"><element type="instance" name="up" x="-540.15" y="-290.075" width="2047.95" height="114" scaleX="0.999969482421875" libraryItem="collections_up_panel"><property name="ui_type"><![CDATA[panel]]></property></element><element type="instance" name="bottom" x="-540.2" y="1026.125" width="2048" height="216.025" libraryItem="collections_bottom_panel"/><element type="instance" name="screen" x="-542.15" y="-290.075" width="2048" height="1572.475" scaleY="0.9999847412109375" libraryItem="window"/></libraryItem><libraryItem libraryName="bmpFonts/wait.png" itemType="bmpFont" folder="bmpFonts" fontName="wait*" bitmapIndex="wait" fontXML="wait.fnt"><element type="instance" name="up" x="-540.15" y="-290.075" width="2047.95" height="114" scaleX="0.999969482421875" libraryItem="collections_up_panel"><property name="ui_type"><![CDATA[panel]]></property></element><element type="instance" name="bottom" x="-540.2" y="1026.125" width="2048" height="216.025" libraryItem="collections_bottom_panel"/><element type="instance" name="screen" x="-542.15" y="-290.075" width="2048" height="1572.475" scaleY="0.9999847412109375" libraryItem="window"/></libraryItem><libraryItem libraryName="_fonts/speed50" itemType="font" folder="_fonts"><element type="instance" name="up" x="-540.15" y="-290.075" width="2047.95" height="114" scaleX="0.999969482421875" libraryItem="collections_up_panel"><property name="ui_type"><![CDATA[panel]]></property></element><element type="instance" name="bottom" x="-540.2" y="1026.125" width="2048" height="216.025" libraryItem="collections_bottom_panel"/><element type="instance" name="screen" x="-542.15" y="-290.075" width="2048" height="1572.475" scaleY="0.9999847412109375" libraryItem="window"/></libraryItem><libraryItem libraryName="_fonts/numbers" itemType="font" folder="_fonts"><element type="instance" name="up" x="-540.15" y="-290.075" width="2047.95" height="114" scaleX="0.999969482421875" libraryItem="collections_up_panel"><property name="ui_type"><![CDATA[panel]]></property></element><element type="instance" name="bottom" x="-540.2" y="1026.125" width="2048" height="216.025" libraryItem="collections_bottom_panel"/><element type="instance" name="screen" x="-542.15" y="-290.075" width="2048" height="1572.475" scaleY="0.9999847412109375" libraryItem="window"/></libraryItem><libraryItem libraryName="_fonts/timeleft" itemType="font" folder="_fonts"><element type="instance" name="up" x="-540.15" y="-290.075" width="2047.95" height="114" scaleX="0.999969482421875" libraryItem="collections_up_panel"><property name="ui_type"><![CDATA[panel]]></property></element><element type="instance" name="bottom" x="-540.2" y="1026.125" width="2048" height="216.025" libraryItem="collections_bottom_panel"/><element type="instance" name="screen" x="-542.15" y="-290.075" width="2048" height="1572.475" scaleY="0.9999847412109375" libraryItem="window"/></libraryItem><libraryItem libraryName="_fonts/wait" itemType="font" folder="_fonts"><element type="instance" name="up" x="-540.15" y="-290.075" width="2047.95" height="114" scaleX="0.999969482421875" libraryItem="collections_up_panel"><property name="ui_type"><![CDATA[panel]]></property></element><element type="instance" name="bottom" x="-540.2" y="1026.125" width="2048" height="216.025" libraryItem="collections_bottom_panel"/><element type="instance" name="screen" x="-542.15" y="-290.075" width="2048" height="1572.475" scaleY="0.9999847412109375" libraryItem="window"/></libraryItem><libraryItem libraryName="TopPanel" itemType="font" folder=""><element type="instance" name="up" x="-540.15" y="-290.075" width="2047.95" height="114" scaleX="0.999969482421875" libraryItem="collections_up_panel"><property name="ui_type"><![CDATA[panel]]></property></element><element type="instance" name="bottom" x="-540.2" y="1026.125" width="2048" height="216.025" libraryItem="collections_bottom_panel"/><element type="instance" name="screen" x="-542.15" y="-290.075" width="2048" height="1572.475" scaleY="0.9999847412109375" libraryItem="window"/></libraryItem></xmlui>