<?xml version="1.0" encoding="UTF-8"?>
<!-- Created with TexturePacker http://www.codeandweb.com/texturepacker-->
<!-- $TexturePacker:SmartUpdate:5241f8ff68f34c3e72683d23b5961b2f:b4925d08ad5d7165865adaf4ddb3dfdd:b0270681d1bcf35d65fbbab6eeddf13f$ -->
<TextureAtlas imagePath="out.png" width="2048" height="2048">
    <SubTexture name="0" x="0" y="1995" width="65" height="50"/>
    <SubTexture name="1" x="0" y="334" width="582" height="782"/>
    <SubTexture name="10" x="0" y="1892" width="254" height="99"/>
    <SubTexture name="11" x="118" y="1995" width="69" height="29"/>
    <SubTexture name="12" x="0" y="0" width="2048" height="212"/>
    <SubTexture name="13" x="586" y="1030" width="137" height="57"/>
    <SubTexture name="14" x="1601" y="1198" width="116" height="177"/>
    <SubTexture name="15" x="0" y="216" width="2048" height="114"/>
    <SubTexture name="2" x="69" y="1995" width="45" height="45"/>
    <SubTexture name="3" x="0" y="1120" width="1024" height="768"/>
    <SubTexture name="4" x="1133" y="516" width="464" height="389"/>
    <SubTexture name="5" x="69" y="2044" width="1" height="1"/>
    <SubTexture name="6" x="1133" y="909" width="464" height="389"/>
    <SubTexture name="7" x="586" y="334" width="415" height="692"/>
    <SubTexture name="8" x="1601" y="516" width="172" height="172"/>
    <SubTexture name="9" x="1028" y="334" width="782" height="178"/>
    <SubTexture name="TopPanel" x="1735" y="813" width="250" height="511"/>
    <SubTexture name="numbers" x="1814" y="334" width="172" height="475"/>
    <SubTexture name="speed" x="1601" y="692" width="130" height="502"/>
    <SubTexture name="timeleft" x="1005" y="516" width="124" height="512"/>
    <SubTexture name="wait" x="1028" y="1379" width="337" height="510"/>
</TextureAtlas>
