{"textureFormat": "atf", "frameRate": 24, "movies": [{"layers": [{"name": "origin", "keyframes": [{"loc": [281.15, 209.5], "index": 0, "tweened": false, "duration": 1, "pivot": [281.15, 209.5], "ref": "original"}]}], "id": "Room_Interiere"}, {"layers": [{"name": "[bounds]", "keyframes": [{"loc": [558.0951, 334.3366], "scale": [1.9617, 1.5641], "index": 0, "tweened": false, "label": "_bounds", "alpha": 0, "duration": 1, "pivot": [284.5, 213.75], "ref": "_bounds"}]}, {"name": "item:track_01", "keyframes": [{"loc": [546, 406], "index": 0, "tweened": false, "duration": 1, "pivot": [56, 32], "ref": "~itm/track_01"}]}, {"name": "item:track_02", "keyframes": [{"loc": [582, 436], "index": 0, "tweened": false, "duration": 1, "pivot": [80, 50], "ref": "~itm/track_02"}]}, {"name": "item:track_03", "keyframes": [{"loc": [240, 597], "index": 0, "tweened": false, "duration": 1, "pivot": [200, 50], "ref": "~itm/track_03"}]}, {"name": "item:track_04", "keyframes": [{"loc": [978, 689.5], "index": 0, "tweened": false, "duration": 1, "pivot": [128, 100], "ref": "~itm/track_04"}]}, {"name": "item:blood_01", "keyframes": [{"loc": [786, 703.5], "index": 0, "tweened": false, "duration": 1, "pivot": [200, 48], "ref": "~itm/blood_01"}]}, {"name": "item:blood_02", "keyframes": [{"loc": [445.5, 479.5], "index": 0, "tweened": false, "duration": 1, "pivot": [105, 26], "ref": "~itm/blood_02"}]}, {"name": "item:blood_03", "keyframes": [{"loc": [409.5, 355], "index": 0, "tweened": false, "duration": 1, "pivot": [40, 90], "ref": "~itm/blood_03"}]}, {"name": "item:blood_04", "keyframes": [{"loc": [241, 683], "index": 0, "tweened": false, "duration": 1, "pivot": [220, 65], "ref": "~itm/blood_04"}]}, {"name": "item:ad_01", "keyframes": [{"loc": [606.5, 488.75], "index": 0, "tweened": false, "duration": 1, "pivot": [41, 21.25], "ref": "~itm/ad_01"}]}, {"name": "item:ad_02", "keyframes": [{"loc": [373.5, 666.5], "index": 0, "tweened": false, "duration": 1, "pivot": [74, 37], "ref": "~itm/ad_02"}]}, {"name": "item:ad_03", "keyframes": [{"loc": [1070, 397.5], "index": 0, "tweened": false, "duration": 1, "pivot": [42, 59], "ref": "~itm/ad_03"}]}, {"name": "item:ad_04", "keyframes": [{"loc": [1067, 209], "index": 0, "tweened": false, "duration": 1, "pivot": [30.5, 58], "ref": "~itm/ad_04"}]}, {"name": "item:bit_02", "keyframes": [{"loc": [1050.5, 738], "index": 0, "tweened": false, "duration": 1, "pivot": [135, 27], "ref": "~itm/bit_02"}]}, {"name": "item:bag_01", "keyframes": [{"loc": [1048.5, 715.5], "index": 0, "tweened": false, "duration": 1, "pivot": [136, 73], "ref": "~itm/bag_01"}]}, {"name": "item:bag_02", "keyframes": [{"loc": [543.5, 685.25], "index": 0, "tweened": false, "duration": 1, "pivot": [93, 69.25], "ref": "~itm/bag_02"}]}, {"name": "item:bag_03", "keyframes": [{"loc": [1153, 417.75], "index": 0, "tweened": false, "duration": 1, "pivot": [48, 33.75], "ref": "~itm/bag_03"}]}, {"name": "item:bag_04", "keyframes": [{"loc": [404, 450], "index": 0, "tweened": false, "duration": 1, "pivot": [48, 41.5], "ref": "~itm/bag_04"}]}, {"name": "item:bit_01", "keyframes": [{"loc": [96, 717], "index": 0, "tweened": false, "duration": 1, "pivot": [96, 45], "ref": "~itm/bit_01"}]}, {"name": "item:bit_03", "keyframes": [{"loc": [363.5, 400.5], "index": 0, "tweened": false, "duration": 1, "pivot": [21, 42], "ref": "~itm/bit_03"}]}, {"name": "item:bit_04", "keyframes": [{"loc": [1107.5, 509.5], "index": 0, "tweened": false, "duration": 1, "pivot": [25, 86], "ref": "~itm/bit_04"}]}, {"name": "item:butterfly_01", "keyframes": [{"loc": [63.5, 351.5], "index": 0, "tweened": false, "duration": 1, "pivot": [34, 26.5], "ref": "~itm/butterfly_01"}]}, {"name": "item:butterfly_02", "keyframes": [{"loc": [49, 487.5], "index": 0, "tweened": false, "duration": 1, "pivot": [22, 26], "ref": "~itm/butterfly_02"}]}, {"name": "item:butterfly_03", "keyframes": [{"loc": [1217.5, 642], "index": 0, "tweened": false, "duration": 1, "pivot": [22, 25], "ref": "~itm/butterfly_03"}]}, {"name": "item:butterfly_04", "keyframes": [{"loc": [572, 364.25], "index": 0, "tweened": false, "duration": 1, "pivot": [23.5, 20.25], "ref": "~itm/butterfly_04"}]}, {"name": "item:cam_01", "keyframes": [{"loc": [996.25, 533.25], "index": 0, "tweened": false, "duration": 1, "pivot": [21.75, 19.25], "ref": "~itm/cam_01"}]}, {"name": "item:cam_02", "keyframes": [{"loc": [335, 632], "index": 0, "tweened": false, "duration": 1, "pivot": [27, 23], "ref": "~itm/cam_02"}]}, {"name": "item:cam_03", "keyframes": [{"loc": [705, 491.5], "index": 0, "tweened": false, "duration": 1, "pivot": [36, 38], "ref": "~itm/cam_03"}]}, {"name": "item:can_01", "keyframes": [{"loc": [380, 510.5], "index": 0, "tweened": false, "duration": 1, "pivot": [23, 12], "ref": "~itm/can_01"}]}, {"name": "item:can_02", "keyframes": [{"loc": [43.75, 598.5], "index": 0, "tweened": false, "duration": 1, "pivot": [25.75, 14], "ref": "~itm/can_02"}]}, {"name": "item:can_03", "keyframes": [{"loc": [225, 750.75], "index": 0, "tweened": false, "duration": 1, "pivot": [39, 17.75], "ref": "~itm/can_03"}]}, {"name": "item:can_04", "keyframes": [{"loc": [974.5, 676], "index": 0, "tweened": false, "duration": 1, "pivot": [34, 18], "ref": "~itm/can_04"}]}, {"name": "item:canon_01", "keyframes": [{"loc": [946.5, 433], "index": 0, "tweened": false, "duration": 1, "pivot": [21, 15.5], "ref": "~itm/canon_01"}]}, {"name": "item:canon_02", "keyframes": [{"loc": [57.5, 739], "index": 0, "tweened": false, "duration": 1, "pivot": [57.5, 28.5], "ref": "~itm/canon_02"}]}, {"name": "item:sign_02", "keyframes": [{"loc": [320, 433.75], "index": 0, "tweened": false, "duration": 1, "pivot": [21.5, 19.25], "ref": "~itm/sign_02"}]}, {"name": "item:canon_03", "keyframes": [{"loc": [325, 450.75], "index": 0, "tweened": false, "duration": 1, "pivot": [32, 14.75], "ref": "~itm/canon_03"}]}, {"name": "item:canon_04", "keyframes": [{"loc": [761, 405.75], "index": 0, "tweened": false, "duration": 1, "pivot": [30, 18.75], "ref": "~itm/canon_04"}]}, {"name": "item:case_01", "keyframes": [{"loc": [685.25, 321.5], "index": 0, "tweened": false, "duration": 1, "pivot": [28.25, 21], "ref": "~itm/case_01"}]}, {"name": "item:case_02", "keyframes": [{"loc": [319, 520.75], "index": 0, "tweened": false, "duration": 1, "pivot": [62, 46.25], "ref": "~itm/case_02"}]}, {"name": "item:case_03", "keyframes": [{"loc": [841.5, 375.75], "index": 0, "tweened": false, "duration": 1, "pivot": [39.5, 22.75], "ref": "~itm/case_03"}]}, {"name": "item:case_04", "keyframes": [{"loc": [618.75, 468.25], "index": 0, "tweened": false, "duration": 1, "pivot": [66.75, 45.75], "ref": "~itm/case_04"}]}, {"name": "item:cellphone_01", "keyframes": [{"loc": [163, 518], "index": 0, "tweened": false, "duration": 1, "pivot": [24, 16], "ref": "~itm/cellphone_01"}]}, {"name": "item:cellphone_02", "keyframes": [{"loc": [892, 603], "index": 0, "tweened": false, "duration": 1, "pivot": [14, 12], "ref": "~itm/cellphone_02"}]}, {"name": "item:map_03", "keyframes": [{"loc": [925.25, 473], "index": 0, "tweened": false, "duration": 1, "pivot": [40.75, 14], "ref": "~itm/map_03"}]}, {"name": "item:cellphone_03", "keyframes": [{"loc": [919.5, 473.5], "index": 0, "tweened": false, "duration": 1, "pivot": [17, 6], "ref": "~itm/cellphone_03"}]}, {"name": "item:cellphone_04", "keyframes": [{"loc": [574, 490.5], "index": 0, "tweened": false, "duration": 1, "pivot": [23.5, 18], "ref": "~itm/cellphone_04"}]}, {"name": "item:cone_01", "keyframes": [{"loc": [97, 633.5], "index": 0, "tweened": false, "duration": 1, "pivot": [20, 12], "ref": "~itm/cone_01"}]}, {"name": "item:cone_02", "keyframes": [{"loc": [611, 502.75], "index": 0, "tweened": false, "duration": 1, "pivot": [21, 13.25], "ref": "~itm/cone_02"}]}, {"name": "item:cone_03", "keyframes": [{"loc": [1214.5, 41], "index": 0, "tweened": false, "duration": 1, "pivot": [13, 11], "ref": "~itm/cone_03"}]}, {"name": "item:cone_04", "keyframes": [{"loc": [897, 691.5], "index": 0, "tweened": false, "duration": 1, "pivot": [27, 10.5], "ref": "~itm/cone_04"}]}, {"name": "item:crow_01", "keyframes": [{"loc": [341.75, 261.5], "index": 0, "tweened": false, "duration": 1, "pivot": [22.25, 16], "ref": "~itm/crow_01"}]}, {"name": "item:crow_02", "keyframes": [{"loc": [611.5, 354.5], "index": 0, "tweened": false, "duration": 1, "pivot": [19, 10], "ref": "~itm/crow_02"}]}, {"name": "item:crow_03", "keyframes": [{"loc": [1004.5, 24.5], "index": 0, "tweened": false, "duration": 1, "pivot": [34, 19], "ref": "~itm/crow_03"}]}, {"name": "item:crow_04", "keyframes": [{"loc": [469, 356.5], "index": 0, "tweened": false, "duration": 1, "pivot": [20, 17], "ref": "~itm/crow_04"}]}, {"name": "item:tripod_02", "keyframes": [{"loc": [984.25, 359], "index": 0, "tweened": false, "duration": 1, "pivot": [57.75, 102], "ref": "~itm/tripod_02"}]}, {"name": "item:disk_01", "keyframes": [{"loc": [1014.75, 454.25], "index": 0, "tweened": false, "duration": 1, "pivot": [48.75, 27.25], "ref": "~itm/disk_01"}]}, {"name": "item:disk_02", "keyframes": [{"loc": [299.75, 585.75], "index": 0, "tweened": false, "duration": 1, "pivot": [45.25, 28.25], "ref": "~itm/disk_02"}]}, {"name": "item:disk_03", "keyframes": [{"loc": [846.75, 413.25], "index": 0, "tweened": false, "duration": 1, "pivot": [37.75, 23.25], "ref": "~itm/disk_03"}]}, {"name": "item:disk_04", "keyframes": [{"loc": [453.5, 524], "index": 0, "tweened": false, "duration": 1, "pivot": [40.5, 19], "ref": "~itm/disk_04"}]}, {"name": "item:exhaus_01", "keyframes": [{"loc": [863, 523], "index": 0, "tweened": false, "duration": 1, "pivot": [24.5, 46], "ref": "~itm/exhaus_01"}]}, {"name": "item:exhaus_02", "keyframes": [{"loc": [135, 451.5], "index": 0, "tweened": false, "duration": 1, "pivot": [21.5, 34], "ref": "~itm/exhaus_02"}]}, {"name": "item:exhaus_03", "keyframes": [{"loc": [696.5, 371.25], "index": 0, "tweened": false, "duration": 1, "pivot": [17, 22.25], "ref": "~itm/exhaus_03"}]}, {"name": "item:exhaus_04", "keyframes": [{"loc": [527.5, 523.5], "index": 0, "tweened": false, "duration": 1, "pivot": [21.5, 36.5], "ref": "~itm/exhaus_04"}]}, {"name": "item:flash_01", "keyframes": [{"loc": [201.25, 576], "index": 0, "tweened": false, "duration": 1, "pivot": [51.25, 19], "ref": "~itm/flash_01"}]}, {"name": "item:flash_02", "keyframes": [{"loc": [679, 704.5], "index": 0, "tweened": false, "duration": 1, "pivot": [66, 26.5], "ref": "~itm/flash_02"}]}, {"name": "item:flash_03", "keyframes": [{"loc": [1159.25, 680.75], "index": 0, "tweened": false, "duration": 1, "pivot": [63.75, 24.25], "ref": "~itm/flash_03"}]}, {"name": "item:flash_04", "keyframes": [{"loc": [647.5, 498.5], "index": 0, "tweened": false, "duration": 1, "pivot": [32, 22], "ref": "~itm/flash_04"}]}, {"name": "item:raincoat_04", "keyframes": [{"loc": [1042.5, 148], "index": 0, "tweened": false, "duration": 1, "pivot": [51.5, 97], "ref": "~itm/raincoat_04"}]}, {"name": "item:fresher_01", "keyframes": [{"loc": [1013, 84.5], "index": 0, "tweened": false, "duration": 1, "pivot": [14, 31], "ref": "~itm/fresher_01"}]}, {"name": "item:fresher_02", "keyframes": [{"loc": [218.25, 622.5], "index": 0, "tweened": false, "duration": 1, "pivot": [32.25, 17], "ref": "~itm/fresher_02"}]}, {"name": "item:fresher_03", "keyframes": [{"loc": [302, 416.5], "index": 0, "tweened": false, "duration": 1, "pivot": [8, 13], "ref": "~itm/fresher_03"}]}, {"name": "item:fresher_04", "keyframes": [{"loc": [868, 449.25], "index": 0, "tweened": false, "duration": 1, "pivot": [9, 17.25], "ref": "~itm/fresher_04"}]}, {"name": "item:light_01", "keyframes": [{"loc": [826.75, 671.75], "index": 0, "tweened": false, "duration": 1, "pivot": [42.75, 24.25], "ref": "~itm/light_01"}]}, {"name": "item:light_02", "keyframes": [{"loc": [43.75, 570], "index": 0, "tweened": false, "duration": 1, "pivot": [43.75, 25], "ref": "~itm/light_02"}]}, {"name": "item:light_03", "keyframes": [{"loc": [509.25, 446], "index": 0, "tweened": false, "duration": 1, "pivot": [31.75, 13], "ref": "~itm/light_03"}]}, {"name": "item:light_04", "keyframes": [{"loc": [250, 506.25], "index": 0, "tweened": false, "duration": 1, "pivot": [36, 15.25], "ref": "~itm/light_04"}]}, {"name": "item:map_01", "keyframes": [{"loc": [830, 736.5], "index": 0, "tweened": false, "duration": 1, "pivot": [77.5, 32], "ref": "~itm/map_01"}]}, {"name": "item:map_02", "keyframes": [{"loc": [267.5, 633.5], "index": 0, "tweened": false, "duration": 1, "pivot": [64, 21], "ref": "~itm/map_02"}]}, {"name": "item:map_04", "keyframes": [{"loc": [581.5, 548], "index": 0, "tweened": false, "duration": 1, "pivot": [36, 31], "ref": "~itm/map_04"}]}, {"name": "item:medicine_01", "keyframes": [{"loc": [1155, 571], "index": 0, "tweened": false, "duration": 1, "pivot": [46, 33], "ref": "~itm/medicine_01"}]}, {"name": "item:medicine_02", "keyframes": [{"loc": [416, 597.5], "index": 0, "tweened": false, "duration": 1, "pivot": [55.5, 24], "ref": "~itm/medicine_02"}]}, {"name": "item:medicine_03", "keyframes": [{"loc": [264.5, 471], "index": 0, "tweened": false, "duration": 1, "pivot": [42, 22.5], "ref": "~itm/medicine_03"}]}, {"name": "item:medicine_04", "keyframes": [{"loc": [450.5, 443], "index": 0, "tweened": false, "duration": 1, "pivot": [33.5, 20], "ref": "~itm/medicine_04"}]}, {"name": "item:mirror_01", "keyframes": [{"loc": [546, 567.75], "index": 0, "tweened": false, "duration": 1, "pivot": [25, 22.25], "ref": "~itm/mirror_01"}]}, {"name": "item:mirror_02", "keyframes": [{"loc": [468.25, 720], "index": 0, "tweened": false, "duration": 1, "pivot": [50.75, 24.5], "ref": "~itm/mirror_02"}]}, {"name": "item:mirror_03", "keyframes": [{"loc": [1211, 722.5], "index": 0, "tweened": false, "duration": 1, "pivot": [66, 28], "ref": "~itm/mirror_03"}]}, {"name": "item:mirror_04", "keyframes": [{"loc": [167.75, 651], "index": 0, "tweened": false, "duration": 1, "pivot": [45.75, 20], "ref": "~itm/mirror_04"}]}, {"name": "item:plate_01", "keyframes": [{"loc": [48, 617.5], "index": 0, "tweened": false, "duration": 1, "pivot": [47, 17], "ref": "~itm/plate_01"}]}, {"name": "item:plate_02", "keyframes": [{"loc": [877.25, 646.25], "index": 0, "tweened": false, "duration": 1, "pivot": [46.25, 23.25], "ref": "~itm/plate_02"}]}, {"name": "item:plate_03", "keyframes": [{"loc": [1034.5, 612.5], "index": 0, "tweened": false, "duration": 1, "pivot": [55.5, 20], "ref": "~itm/plate_03"}]}, {"name": "item:plate_04", "keyframes": [{"loc": [192, 458], "index": 0, "tweened": false, "duration": 1, "pivot": [35, 18], "ref": "~itm/plate_04"}]}, {"name": "item:raincoat_01", "keyframes": [{"loc": [734.25, 351.25], "index": 0, "tweened": false, "duration": 1, "pivot": [24.75, 27.75], "ref": "~itm/raincoat_01"}]}, {"name": "item:raincoat_02", "keyframes": [{"loc": [274.5, 329], "index": 0, "tweened": false, "duration": 1, "pivot": [31.5, 47.5], "ref": "~itm/raincoat_02"}]}, {"name": "item:raincoat_03", "keyframes": [{"loc": [955.5, 557.5], "index": 0, "tweened": false, "duration": 1, "pivot": [45, 71], "ref": "~itm/raincoat_03"}]}, {"name": "item:roadsign_01", "keyframes": [{"loc": [910, 290], "index": 0, "tweened": false, "duration": 1, "pivot": [34, 152], "ref": "~itm/roadsign_01"}]}, {"name": "item:roadsign_02", "keyframes": [{"loc": [114.75, 348.5], "index": 0, "tweened": false, "duration": 1, "pivot": [82.75, 140], "ref": "~itm/roadsign_02"}]}, {"name": "item:roadsign_03", "keyframes": [{"loc": [1124.25, 389], "index": 0, "tweened": false, "duration": 1, "pivot": [190.25, 297], "ref": "~itm/roadsign_03"}]}, {"name": "item:roadsign_04", "keyframes": [{"loc": [639.5, 302], "index": 0, "tweened": false, "duration": 1, "pivot": [23, 37], "ref": "~itm/roadsign_04"}]}, {"name": "item:sign_01", "keyframes": [{"loc": [118.5, 566.5], "index": 0, "tweened": false, "duration": 1, "pivot": [49, 40], "ref": "~itm/sign_01"}]}, {"name": "item:sign_03", "keyframes": [{"loc": [714, 393.5], "index": 0, "tweened": false, "duration": 1, "pivot": [18, 13], "ref": "~itm/sign_03"}]}, {"name": "item:sign_04", "keyframes": [{"loc": [561, 438.25], "index": 0, "tweened": false, "duration": 1, "pivot": [37, 24.75], "ref": "~itm/sign_04"}]}, {"name": "item:stump_02", "keyframes": [{"loc": [177, 396.5], "index": 0, "tweened": false, "duration": 1, "pivot": [37, 55], "ref": "~itm/stump_02"}]}, {"name": "item:tripod_04", "keyframes": [{"loc": [192, 422.75], "index": 0, "tweened": false, "duration": 1, "pivot": [58, 77.25], "ref": "~itm/tripod_04"}]}, {"name": "item:cam_04", "keyframes": [{"loc": [213.5, 500.75], "index": 0, "tweened": false, "duration": 1, "pivot": [19, 18.25], "ref": "~itm/cam_04"}]}, {"name": "item:sneaker_01", "keyframes": [{"loc": [158.75, 491.75], "index": 0, "tweened": false, "duration": 1, "pivot": [26.75, 20.75], "ref": "~itm/sneaker_01"}]}, {"name": "item:sneaker_02", "keyframes": [{"loc": [306, 282.5], "index": 0, "tweened": false, "duration": 1, "pivot": [24, 16], "ref": "~itm/sneaker_02"}]}, {"name": "item:sneaker_03", "keyframes": [{"loc": [803.25, 421], "index": 0, "tweened": false, "duration": 1, "pivot": [39.75, 22], "ref": "~itm/sneaker_03"}]}, {"name": "item:sneaker_04", "keyframes": [{"loc": [728, 740.5], "index": 0, "tweened": false, "duration": 1, "pivot": [77, 29], "ref": "~itm/sneaker_04"}]}, {"name": "item:star_01", "keyframes": [{"loc": [702, 519.5], "index": 0, "tweened": false, "duration": 1, "pivot": [24, 15], "ref": "~itm/star_01"}]}, {"name": "item:star_02", "keyframes": [{"loc": [521, 612.5], "index": 0, "tweened": false, "duration": 1, "pivot": [10, 20], "ref": "~itm/star_02"}]}, {"name": "item:star_03", "keyframes": [{"loc": [659.5, 652.5], "index": 0, "tweened": false, "duration": 1, "pivot": [16, 14], "ref": "~itm/star_03"}]}, {"name": "item:star_04", "keyframes": [{"loc": [873, 324], "index": 0, "tweened": false, "duration": 1, "pivot": [9, 9], "ref": "~itm/star_04"}]}, {"name": "item:stump_01", "keyframes": [{"loc": [1175, 363.5], "index": 0, "tweened": false, "duration": 1, "pivot": [16, 30], "ref": "~itm/stump_01"}]}, {"name": "item:stump_03", "keyframes": [{"loc": [1195.5, 455.5], "index": 0, "tweened": false, "duration": 1, "pivot": [43, 78], "ref": "~itm/stump_03"}]}, {"name": "item:stump_04", "keyframes": [{"loc": [975, 373.5], "index": 0, "tweened": false, "duration": 1, "pivot": [20, 31], "ref": "~itm/stump_04"}]}, {"name": "item:tripod_01", "keyframes": [{"loc": [424.25, 574.5], "index": 0, "tweened": false, "duration": 1, "pivot": [92.75, 101], "ref": "~itm/tripod_01"}]}, {"name": "item:tripod_03", "keyframes": [{"loc": [775.5, 362.75], "index": 0, "tweened": false, "duration": 1, "pivot": [61, 41.25], "ref": "~itm/tripod_03"}]}, {"name": "item:tross_01", "keyframes": [{"loc": [939.5, 92], "index": 0, "tweened": false, "duration": 1, "pivot": [10, 52], "ref": "~itm/tross_01"}]}, {"name": "item:tross_02", "keyframes": [{"loc": [1111.5, 265], "index": 0, "tweened": false, "duration": 1, "pivot": [10, 61], "ref": "~itm/tross_02"}]}, {"name": "item:tross_03", "keyframes": [{"loc": [489, 396.5], "index": 0, "tweened": false, "duration": 1, "pivot": [14, 32], "ref": "~itm/tross_03"}]}, {"name": "item:tross_04", "keyframes": [{"loc": [331.5, 346], "index": 0, "tweened": false, "duration": 1, "pivot": [12.5, 34], "ref": "~itm/tross_04"}]}], "id": "original"}, {"layers": [{"name": "shadow", "keyframes": [{"loc": [36, 20], "index": 0, "tweened": false, "duration": 1, "pivot": [36, 20], "ref": "ad1_s"}]}, {"name": "invisible", "keyframes": [{"loc": [48, 24.5], "index": 0, "tweened": false, "duration": 1, "pivot": [34, 18], "ref": "ad1_inv"}]}, {"name": "item", "keyframes": [{"loc": [47.7, 23.45], "index": 0, "tweened": false, "duration": 1, "pivot": [32, 19], "ref": "ad1_i"}]}], "id": "~itm/ad_01"}, {"layers": [{"name": "shadow", "keyframes": [{"loc": [74, 37], "index": 0, "tweened": false, "duration": 1, "pivot": [74, 37], "ref": "ad2_s"}]}, {"name": "item", "keyframes": [{"loc": [105.5, 42.5], "index": 0, "tweened": false, "duration": 1, "pivot": [42, 24], "ref": "ad2_i"}]}], "id": "~itm/ad_02"}, {"layers": [{"name": "shadow", "keyframes": [{"loc": [40, 60], "index": 0, "tweened": false, "duration": 1, "pivot": [40, 58], "ref": "ad3_s"}]}, {"name": "item", "keyframes": [{"loc": [45, 54], "index": 0, "tweened": false, "duration": 1, "pivot": [39, 54], "ref": "ad3_i"}]}], "id": "~itm/ad_03"}, {"layers": [{"name": "shadow", "keyframes": [{"loc": [28, 59], "index": 0, "tweened": false, "duration": 1, "pivot": [28, 57], "ref": "ad4_s"}]}, {"name": "item", "keyframes": [{"loc": [31, 56], "index": 0, "tweened": false, "duration": 1, "pivot": [30, 56], "ref": "ad4_i"}]}], "id": "~itm/ad_04"}, {"layers": [{"name": "shadow", "keyframes": [{"loc": [83, 88.5], "index": 0, "tweened": false, "duration": 1, "pivot": [83, 37], "ref": "bag1_s"}]}, {"name": "item", "keyframes": [{"loc": [197, 73], "index": 0, "tweened": false, "duration": 1, "pivot": [75, 73], "ref": "bag1_i"}]}], "id": "~itm/bag_01"}, {"layers": [{"name": "shadow", "keyframes": [{"loc": [93, 85.5], "index": 0, "tweened": false, "duration": 1, "pivot": [93, 53], "ref": "bag2_s"}]}, {"name": "item", "keyframes": [{"loc": [135, 61], "index": 0, "tweened": false, "duration": 1, "pivot": [41, 61], "ref": "bag2_i"}]}], "id": "~itm/bag_02"}, {"layers": [{"name": "shadow", "keyframes": [{"loc": [48, 42.5], "index": 0, "tweened": false, "duration": 1, "pivot": [48, 25], "ref": "bag3_s"}]}, {"name": "invisible", "keyframes": [{"loc": [60.5, 34], "index": 0, "tweened": false, "duration": 1, "pivot": [33, 30], "ref": "bag3_inv"}]}, {"name": "item", "keyframes": [{"loc": [61, 30], "index": 0, "tweened": false, "duration": 1, "pivot": [33, 30], "ref": "bag3_i"}]}], "id": "~itm/bag_03"}, {"layers": [{"name": "shadow", "keyframes": [{"loc": [48, 61], "index": 0, "tweened": false, "duration": 1, "pivot": [48, 22], "ref": "bag4_s"}]}, {"name": "item", "keyframes": [{"loc": [58, 37], "index": 0, "tweened": false, "duration": 1, "pivot": [33, 37], "ref": "bag4_i"}]}], "id": "~itm/bag_04"}, {"layers": [{"name": "shadow", "keyframes": [{"loc": [96, 48], "index": 0, "tweened": false, "duration": 1, "pivot": [96, 42], "ref": "bit1_s"}]}, {"name": "item", "keyframes": [{"loc": [98.5, 39], "index": 0, "tweened": false, "duration": 1, "pivot": [89, 39], "ref": "bit1_i"}]}], "id": "~itm/bit_01"}, {"layers": [{"name": "item", "keyframes": [{"loc": [135, 27], "index": 0, "tweened": false, "duration": 1, "pivot": [135, 27], "ref": "bit2_i"}]}], "id": "~itm/bit_02"}, {"layers": [{"name": "shadow", "keyframes": [{"loc": [21, 42.5], "index": 0, "tweened": false, "duration": 1, "pivot": [20, 41], "ref": "bit3_s"}]}, {"name": "invisible", "keyframes": [{"loc": [21.5, 39.5], "index": 0, "tweened": false, "duration": 1, "pivot": [7, 8], "ref": "bit3_inv"}]}, {"name": "item", "keyframes": [{"loc": [21, 42], "index": 0, "tweened": false, "duration": 1, "pivot": [21, 42], "ref": "bit3_i"}]}], "id": "~itm/bit_03"}, {"layers": [{"name": "shadow", "keyframes": [{"loc": [25, 86], "index": 0, "tweened": false, "duration": 1, "pivot": [25, 86], "ref": "bit4_s"}]}, {"name": "item", "keyframes": [{"loc": [29.5, 86], "index": 0, "tweened": false, "duration": 1, "pivot": [19, 83], "ref": "bit4_i"}]}], "id": "~itm/bit_04"}, {"layers": [{"name": "invisible", "keyframes": [{"loc": [151.5, 34.5], "index": 0, "tweened": false, "duration": 1, "pivot": [39, 15], "ref": "blood1_inv"}]}, {"name": "item", "keyframes": [{"loc": [200, 48], "index": 0, "tweened": false, "duration": 1, "pivot": [200, 48], "ref": "blood1_i"}]}], "id": "~itm/blood_01"}, {"layers": [{"name": "item", "keyframes": [{"loc": [105, 26], "index": 0, "tweened": false, "duration": 1, "pivot": [105, 26], "ref": "blood2_i"}]}], "id": "~itm/blood_02"}, {"layers": [{"name": "invisible", "keyframes": [{"loc": [40, 92.5], "index": 0, "tweened": false, "duration": 1, "pivot": [37, 85], "ref": "blood3_inv"}]}, {"name": "item", "keyframes": [{"loc": [40, 90], "index": 0, "tweened": false, "duration": 1, "pivot": [40, 90], "ref": "blood3_i"}]}], "id": "~itm/blood_03"}, {"layers": [{"name": "invisible", "keyframes": [{"loc": [193, 79], "index": 0, "tweened": false, "duration": 1, "pivot": [106, 32], "ref": "blood4_inv"}]}, {"name": "item", "keyframes": [{"loc": [220, 65], "index": 0, "tweened": false, "duration": 1, "pivot": [220, 65], "ref": "blood4_i"}]}], "id": "~itm/blood_04"}, {"layers": [{"name": "shadow", "keyframes": [{"loc": [34, 33], "index": 0, "tweened": false, "duration": 1, "pivot": [34, 20], "ref": "butterfly1_s"}]}, {"name": "item", "keyframes": [{"loc": [45.5, 20], "index": 0, "tweened": false, "duration": 1, "pivot": [22, 20], "ref": "butterfly1_i"}]}], "id": "~itm/butterfly_01"}, {"layers": [{"name": "item", "keyframes": [{"loc": [22, 26], "index": 0, "tweened": false, "duration": 1, "pivot": [22, 26], "ref": "butterfly2_i"}]}], "id": "~itm/butterfly_02"}, {"layers": [{"name": "item", "keyframes": [{"loc": [22, 25], "index": 0, "tweened": false, "duration": 1, "pivot": [22, 25], "ref": "butterfly3_i"}]}], "id": "~itm/butterfly_03"}, {"layers": [{"name": "shadow", "keyframes": [{"loc": [22, 22.5], "index": 0, "tweened": false, "duration": 1, "pivot": [22, 18], "ref": "butterfly4_s"}]}, {"name": "item", "keyframes": [{"loc": [27, 19], "index": 0, "tweened": false, "duration": 1, "pivot": [20, 19], "ref": "butterfly4_i"}]}], "id": "~itm/butterfly_04"}, {"layers": [{"name": "shadow", "keyframes": [{"loc": [11, 18], "index": 0, "tweened": false, "duration": 1, "pivot": [11, 18], "ref": "cam1_s"}]}, {"name": "item", "keyframes": [{"loc": [28.5, 19.5], "index": 0, "tweened": false, "duration": 1, "pivot": [15, 19], "ref": "cam1_i"}]}], "id": "~itm/cam_01"}, {"layers": [{"name": "shadow", "keyframes": [{"loc": [23, 31], "index": 0, "tweened": false, "duration": 1, "pivot": [23, 15], "ref": "cam2_s"}]}, {"name": "item", "keyframes": [{"loc": [40, 22], "index": 0, "tweened": false, "duration": 1, "pivot": [14, 22], "ref": "cam2_i"}]}], "id": "~itm/cam_02"}, {"layers": [{"name": "shadow", "keyframes": [{"loc": [36, 54], "index": 0, "tweened": false, "duration": 1, "pivot": [36, 22], "ref": "cam3_s"}]}, {"name": "item", "keyframes": [{"loc": [51, 24], "index": 0, "tweened": false, "duration": 1, "pivot": [19, 24], "ref": "cam3_i"}]}], "id": "~itm/cam_03"}, {"layers": [{"name": "shadow", "keyframes": [{"loc": [13, 26.5], "index": 0, "tweened": false, "duration": 1, "pivot": [13, 10], "ref": "cam4_s"}]}, {"name": "item", "keyframes": [{"loc": [20, 18], "index": 0, "tweened": false, "duration": 1, "pivot": [18, 18], "ref": "cam4_i"}]}], "id": "~itm/cam_04"}, {"layers": [{"name": "shadow", "keyframes": [{"loc": [23, 12], "index": 0, "tweened": false, "duration": 1, "pivot": [23, 12], "ref": "can1_s"}]}, {"name": "item", "keyframes": [{"loc": [33, 10], "index": 0, "tweened": false, "duration": 1, "pivot": [12, 8], "ref": "can1_i"}]}], "id": "~itm/can_01"}, {"layers": [{"name": "shadow", "keyframes": [{"loc": [24, 14], "index": 0, "tweened": false, "duration": 1, "pivot": [24, 14], "ref": "can2_s"}]}, {"name": "item", "keyframes": [{"loc": [33.5, 15], "index": 0, "tweened": false, "duration": 1, "pivot": [18, 13], "ref": "can2_i"}]}], "id": "~itm/can_02"}, {"layers": [{"name": "shadow", "keyframes": [{"loc": [39, 18.5], "index": 0, "tweened": false, "duration": 1, "pivot": [39, 17], "ref": "can3_s"}]}, {"name": "item", "keyframes": [{"loc": [52.5, 17], "index": 0, "tweened": false, "duration": 1, "pivot": [25, 17], "ref": "can3_i"}]}], "id": "~itm/can_03"}, {"layers": [{"name": "shadow", "keyframes": [{"loc": [33, 18], "index": 0, "tweened": false, "duration": 1, "pivot": [33, 18], "ref": "can4_s"}]}, {"name": "item", "keyframes": [{"loc": [45, 17], "index": 0, "tweened": false, "duration": 1, "pivot": [23, 16], "ref": "can4_i"}]}], "id": "~itm/can_04"}, {"layers": [{"name": "shadow", "keyframes": [{"loc": [21, 26], "index": 0, "tweened": false, "duration": 1, "pivot": [21, 5], "ref": "canon1_s"}]}, {"name": "item", "keyframes": [{"loc": [24.5, 15], "index": 0, "tweened": false, "duration": 1, "pivot": [17, 15], "ref": "canon1_i"}]}], "id": "~itm/canon_01"}, {"layers": [{"name": "shadow", "keyframes": [{"loc": [56, 30], "index": 0, "tweened": false, "duration": 1, "pivot": [56, 27], "ref": "canon2_s"}]}, {"name": "item", "keyframes": [{"loc": [75, 27], "index": 0, "tweened": false, "duration": 1, "pivot": [40, 27], "ref": "canon2_i"}]}], "id": "~itm/canon_02"}, {"layers": [{"name": "shadow", "keyframes": [{"loc": [32, 23.5], "index": 0, "tweened": false, "duration": 1, "pivot": [32, 6], "ref": "canon3_s"}]}, {"name": "item", "keyframes": [{"loc": [33, 14], "index": 0, "tweened": false, "duration": 1, "pivot": [21, 14], "ref": "canon3_i"}]}], "id": "~itm/canon_03"}, {"layers": [{"name": "shadow", "keyframes": [{"loc": [30, 27.5], "index": 0, "tweened": false, "duration": 1, "pivot": [30, 10], "ref": "canon4_s"}]}, {"name": "item", "keyframes": [{"loc": [36, 15], "index": 0, "tweened": false, "duration": 1, "pivot": [21, 15], "ref": "canon4_i"}]}], "id": "~itm/canon_04"}, {"layers": [{"name": "shadow", "keyframes": [{"loc": [9, 36.5], "index": 0, "tweened": false, "duration": 1, "pivot": [9, 4], "ref": "case1_s"}]}, {"name": "item", "keyframes": [{"loc": [32.5, 21], "index": 0, "tweened": false, "duration": 1, "pivot": [24, 21], "ref": "case1_i"}]}], "id": "~itm/case_01"}, {"layers": [{"name": "shadow", "keyframes": [{"loc": [62, 66.5], "index": 0, "tweened": false, "duration": 1, "pivot": [62, 26], "ref": "case2_s"}]}, {"name": "item", "keyframes": [{"loc": [81, 46], "index": 0, "tweened": false, "duration": 1, "pivot": [43, 46], "ref": "case2_i"}]}], "id": "~itm/case_02"}, {"layers": [{"name": "shadow", "keyframes": [{"loc": [33, 39.5], "index": 0, "tweened": false, "duration": 1, "pivot": [33, 6], "ref": "case3_s"}]}, {"name": "item", "keyframes": [{"loc": [57, 22], "index": 0, "tweened": false, "duration": 1, "pivot": [22, 22], "ref": "case3_i"}]}], "id": "~itm/case_03"}, {"layers": [{"name": "shadow", "keyframes": [{"loc": [66, 70.5], "index": 0, "tweened": false, "duration": 1, "pivot": [66, 21], "ref": "case4_s"}]}, {"name": "item", "keyframes": [{"loc": [89.5, 44], "index": 0, "tweened": false, "duration": 1, "pivot": [44, 44], "ref": "case4_i"}]}], "id": "~itm/case_04"}, {"layers": [{"name": "shadow", "keyframes": [{"loc": [24, 18], "index": 0, "tweened": false, "duration": 1, "pivot": [24, 14], "ref": "cellphone1_s"}]}, {"name": "item", "keyframes": [{"loc": [29, 15], "index": 0, "tweened": false, "duration": 1, "pivot": [14, 15], "ref": "cellphone1_i"}]}], "id": "~itm/cellphone_01"}, {"layers": [{"name": "item", "keyframes": [{"loc": [14, 12], "index": 0, "tweened": false, "duration": 1, "pivot": [14, 12], "ref": "cellphone2_i"}]}], "id": "~itm/cellphone_02"}, {"layers": [{"name": "item", "keyframes": [{"loc": [17, 6], "index": 0, "tweened": false, "duration": 1, "pivot": [17, 6], "ref": "cellphone3_i"}]}], "id": "~itm/cellphone_03"}, {"layers": [{"name": "shadow", "keyframes": [{"loc": [21, 18], "index": 0, "tweened": false, "duration": 1, "pivot": [21, 18], "ref": "cellphone4_s"}]}, {"name": "item", "keyframes": [{"loc": [28, 16], "index": 0, "tweened": false, "duration": 1, "pivot": [19, 15], "ref": "cellphone4_i"}]}], "id": "~itm/cellphone_04"}, {"layers": [{"name": "shadow", "keyframes": [{"loc": [20, 12], "index": 0, "tweened": false, "duration": 1, "pivot": [20, 12], "ref": "cone1_s"}]}, {"name": "item", "keyframes": [{"loc": [26.5, 13.5], "index": 0, "tweened": false, "duration": 1, "pivot": [12, 10], "ref": "cone1_i"}]}], "id": "~itm/cone_01"}, {"layers": [{"name": "shadow", "keyframes": [{"loc": [21, 12], "index": 0, "tweened": false, "duration": 1, "pivot": [21, 12], "ref": "cone2_s"}]}, {"name": "invisible", "keyframes": [{"loc": [25.5, 21.5], "index": 0, "tweened": false, "duration": 1, "pivot": [12, 5], "ref": "cone2_inv"}]}, {"name": "item", "keyframes": [{"loc": [24.5, 13], "index": 0, "tweened": false, "duration": 1, "pivot": [12, 10], "ref": "cone2_i"}]}], "id": "~itm/cone_02"}, {"layers": [{"name": "item", "keyframes": [{"loc": [13, 11], "index": 0, "tweened": false, "duration": 1, "pivot": [13, 11], "ref": "cone3_i"}]}], "id": "~itm/cone_03"}, {"layers": [{"name": "shadow", "keyframes": [{"loc": [27, 13], "index": 0, "tweened": false, "duration": 1, "pivot": [27, 8], "ref": "cone4_s"}]}, {"name": "item", "keyframes": [{"loc": [36.5, 9], "index": 0, "tweened": false, "duration": 1, "pivot": [14, 9], "ref": "cone4_i"}]}], "id": "~itm/cone_04"}, {"layers": [{"name": "shadow", "keyframes": [{"loc": [22.5, 26], "index": 0, "tweened": false, "duration": 1, "pivot": [22, 6], "ref": "crow1_s"}]}, {"name": "item", "keyframes": [{"loc": [22, 14], "index": 0, "tweened": false, "duration": 1, "pivot": [22, 14], "ref": "crow1_i"}]}], "id": "~itm/crow_01"}, {"layers": [{"name": "shadow", "keyframes": [{"loc": [19, 16], "index": 0, "tweened": false, "duration": 1, "pivot": [19, 4], "ref": "crow2_s"}]}, {"name": "item", "keyframes": [{"loc": [21.5, 9], "index": 0, "tweened": false, "duration": 1, "pivot": [15, 9], "ref": "crow2_i"}]}], "id": "~itm/crow_02"}, {"layers": [{"name": "item", "keyframes": [{"loc": [34, 19], "index": 0, "tweened": false, "duration": 1, "pivot": [34, 19], "ref": "crow3_i"}]}], "id": "~itm/crow_03"}, {"layers": [{"name": "item", "keyframes": [{"loc": [20, 17], "index": 0, "tweened": false, "duration": 1, "pivot": [20, 17], "ref": "crow4_i"}]}], "id": "~itm/crow_04"}, {"layers": [{"name": "shadow", "keyframes": [{"loc": [18, 32.5], "index": 0, "tweened": false, "duration": 1, "pivot": [18, 22], "ref": "disk1_s"}]}, {"name": "item", "keyframes": [{"loc": [59.5, 27], "index": 0, "tweened": false, "duration": 1, "pivot": [38, 27], "ref": "disk1_i"}]}], "id": "~itm/disk_01"}, {"layers": [{"name": "shadow", "keyframes": [{"loc": [45, 28.5], "index": 0, "tweened": false, "duration": 1, "pivot": [45, 28], "ref": "disk2_s"}]}, {"name": "item", "keyframes": [{"loc": [46.5, 27], "index": 0, "tweened": false, "duration": 1, "pivot": [44, 27], "ref": "disk2_i"}]}], "id": "~itm/disk_02"}, {"layers": [{"name": "shadow", "keyframes": [{"loc": [27, 33.5], "index": 0, "tweened": false, "duration": 1, "pivot": [27, 13], "ref": "disk3_s"}]}, {"name": "item", "keyframes": [{"loc": [54.5, 23], "index": 0, "tweened": false, "duration": 1, "pivot": [21, 23], "ref": "disk3_i"}]}], "id": "~itm/disk_03"}, {"layers": [{"name": "shadow", "keyframes": [{"loc": [28, 19], "index": 0, "tweened": false, "duration": 1, "pivot": [28, 19], "ref": "disk4_s"}]}, {"name": "item", "keyframes": [{"loc": [51, 19], "index": 0, "tweened": false, "duration": 1, "pivot": [30, 17], "ref": "disk4_i"}]}], "id": "~itm/disk_04"}, {"layers": [{"name": "invisible", "keyframes": [{"loc": [14, 56], "index": 0, "tweened": false, "duration": 1, "pivot": [14, 35], "ref": "exhaus1_inv"}]}, {"name": "item", "keyframes": [{"loc": [26, 46], "index": 0, "tweened": false, "duration": 1, "pivot": [23, 46], "ref": "exhaus1_i"}]}], "id": "~itm/exhaus_01"}, {"layers": [{"name": "shadow", "keyframes": [{"loc": [20, 50], "index": 0, "tweened": false, "duration": 1, "pivot": [20, 18], "ref": "exhaus2_s"}]}, {"name": "invisible", "keyframes": [{"loc": [25.5, 38.5], "index": 0, "tweened": false, "duration": 1, "pivot": [14, 29], "ref": "exhaus2_inv"}]}, {"name": "item", "keyframes": [{"loc": [27, 33], "index": 0, "tweened": false, "duration": 1, "pivot": [16, 33], "ref": "exhaus2_i"}]}], "id": "~itm/exhaus_02"}, {"layers": [{"name": "shadow", "keyframes": [{"loc": [17, 22.5], "index": 0, "tweened": false, "duration": 1, "pivot": [17, 22], "ref": "exhaus3_s"}]}, {"name": "item", "keyframes": [{"loc": [21, 21], "index": 0, "tweened": false, "duration": 1, "pivot": [10, 21], "ref": "exhaus3_i"}]}], "id": "~itm/exhaus_03"}, {"layers": [{"name": "shadow", "keyframes": [{"loc": [13, 30.5], "index": 0, "tweened": false, "duration": 1, "pivot": [13, 23], "ref": "exhaus4_s"}]}, {"name": "invisible", "keyframes": [{"loc": [28.5, 61], "index": 0, "tweened": false, "duration": 1, "pivot": [14, 12], "ref": "exhaus4_inv"}]}, {"name": "item", "keyframes": [{"loc": [26, 31], "index": 0, "tweened": false, "duration": 1, "pivot": [17, 31], "ref": "exhaus4_i"}]}], "id": "~itm/exhaus_04"}, {"layers": [{"name": "shadow", "keyframes": [{"loc": [51, 22], "index": 0, "tweened": false, "duration": 1, "pivot": [51, 16], "ref": "flash1_s"}]}, {"name": "item", "keyframes": [{"loc": [74.5, 19], "index": 0, "tweened": false, "duration": 1, "pivot": [28, 19], "ref": "flash1_i"}]}], "id": "~itm/flash_01"}, {"layers": [{"name": "shadow", "keyframes": [{"loc": [66, 34], "index": 0, "tweened": false, "duration": 1, "pivot": [66, 19], "ref": "flash2_s"}]}, {"name": "item", "keyframes": [{"loc": [91.5, 25], "index": 0, "tweened": false, "duration": 1, "pivot": [35, 25], "ref": "flash2_i"}]}], "id": "~itm/flash_02"}, {"layers": [{"name": "shadow", "keyframes": [{"loc": [61, 33.5], "index": 0, "tweened": false, "duration": 1, "pivot": [61, 15], "ref": "flash3_s"}]}, {"name": "item", "keyframes": [{"loc": [92.5, 23], "index": 0, "tweened": false, "duration": 1, "pivot": [35, 23], "ref": "flash3_i"}]}], "id": "~itm/flash_03"}, {"layers": [{"name": "shadow", "keyframes": [{"loc": [32, 22], "index": 0, "tweened": false, "duration": 1, "pivot": [32, 22], "ref": "flash4_s"}]}, {"name": "invisible", "keyframes": [{"loc": [39.5, 28.5], "index": 0, "tweened": false, "duration": 1, "pivot": [22, 9], "ref": "flash4_inv"}]}, {"name": "item", "keyframes": [{"loc": [39, 18.5], "index": 0, "tweened": false, "duration": 1, "pivot": [23, 18], "ref": "flash4_i"}]}], "id": "~itm/flash_04"}, {"layers": [{"name": "invisible", "keyframes": [{"loc": [12.5, 9.5], "index": 0, "tweened": false, "duration": 1, "pivot": [4, 9], "ref": "fresher1_inv"}]}, {"name": "item", "keyframes": [{"loc": [14, 31], "index": 0, "tweened": false, "duration": 1, "pivot": [14, 31], "ref": "fresher1_i"}]}], "id": "~itm/fresher_01"}, {"layers": [{"name": "shadow", "keyframes": [{"loc": [30, 17], "index": 0, "tweened": false, "duration": 1, "pivot": [30, 17], "ref": "fresher2_s"}]}, {"name": "item", "keyframes": [{"loc": [43.5, 17], "index": 0, "tweened": false, "duration": 1, "pivot": [21, 14], "ref": "fresher2_i"}]}], "id": "~itm/fresher_02"}, {"layers": [{"name": "item", "keyframes": [{"loc": [8, 13], "index": 0, "tweened": false, "duration": 1, "pivot": [8, 13], "ref": "fresher3_i"}]}], "id": "~itm/fresher_03"}, {"layers": [{"name": "invisible", "keyframes": [{"loc": [9, 7], "index": 0, "tweened": false, "duration": 1, "pivot": [3, 7], "ref": "fresher4_inv"}]}, {"name": "item", "keyframes": [{"loc": [9, 21.5], "index": 0, "tweened": false, "duration": 1, "pivot": [9, 13], "ref": "fresher4_i"}]}], "id": "~itm/fresher_04"}, {"layers": [{"name": "shadow", "keyframes": [{"loc": [40, 26.5], "index": 0, "tweened": false, "duration": 1, "pivot": [40, 22], "ref": "light1_s"}]}, {"name": "item", "keyframes": [{"loc": [49.5, 23], "index": 0, "tweened": false, "duration": 1, "pivot": [36, 23], "ref": "light1_i"}]}], "id": "~itm/light_01"}, {"layers": [{"name": "shadow", "keyframes": [{"loc": [40, 28], "index": 0, "tweened": false, "duration": 1, "pivot": [40, 22], "ref": "light2_s"}]}, {"name": "item", "keyframes": [{"loc": [50.5, 23], "index": 0, "tweened": false, "duration": 1, "pivot": [37, 23], "ref": "light2_i"}]}], "id": "~itm/light_02"}, {"layers": [{"name": "shadow", "keyframes": [{"loc": [31, 14], "index": 0, "tweened": false, "duration": 1, "pivot": [31, 12], "ref": "light3_s"}]}, {"name": "item", "keyframes": [{"loc": [46.5, 12], "index": 0, "tweened": false, "duration": 1, "pivot": [17, 12], "ref": "light3_i"}]}], "id": "~itm/light_03"}, {"layers": [{"name": "shadow", "keyframes": [{"loc": [36, 16.5], "index": 0, "tweened": false, "duration": 1, "pivot": [36, 14], "ref": "light4_s"}]}, {"name": "item", "keyframes": [{"loc": [53, 14], "index": 0, "tweened": false, "duration": 1, "pivot": [19, 14], "ref": "light4_i"}]}], "id": "~itm/light_04"}, {"layers": [{"name": "shadow", "keyframes": [{"loc": [77, 32], "index": 0, "tweened": false, "duration": 1, "pivot": [77, 32], "ref": "map1_s"}]}, {"name": "item", "keyframes": [{"loc": [98, 32], "index": 0, "tweened": false, "duration": 1, "pivot": [57, 26], "ref": "map1_i"}]}], "id": "~itm/map_01"}, {"layers": [{"name": "shadow", "keyframes": [{"loc": [63, 21], "index": 0, "tweened": false, "duration": 1, "pivot": [63, 21], "ref": "map2_s"}]}, {"name": "item", "keyframes": [{"loc": [86, 24], "index": 0, "tweened": false, "duration": 1, "pivot": [42, 17], "ref": "map2_i"}]}], "id": "~itm/map_02"}, {"layers": [{"name": "shadow", "keyframes": [{"loc": [40, 20], "index": 0, "tweened": false, "duration": 1, "pivot": [40, 8], "ref": "map3_s"}]}, {"name": "invisible", "keyframes": [{"loc": [41.5, 12.5], "index": 0, "tweened": false, "duration": 1, "pivot": [40, 6], "ref": "map3_inv"}]}, {"name": "item", "keyframes": [{"loc": [40, 13], "index": 0, "tweened": false, "duration": 1, "pivot": [37, 13], "ref": "map3_i"}]}], "id": "~itm/map_03"}, {"layers": [{"name": "invisible", "keyframes": [{"loc": [44.5, 40], "index": 0, "tweened": false, "duration": 1, "pivot": [27, 22], "ref": "map4_inv"}]}, {"name": "item", "keyframes": [{"loc": [36, 25], "index": 0, "tweened": false, "duration": 1, "pivot": [36, 25], "ref": "map4_i"}]}], "id": "~itm/map_04"}, {"layers": [{"name": "shadow", "keyframes": [{"loc": [41, 47], "index": 0, "tweened": false, "duration": 1, "pivot": [41, 19], "ref": "medicine1_s"}]}, {"name": "invisible", "keyframes": [{"loc": [59, 31], "index": 0, "tweened": false, "duration": 1, "pivot": [33, 31], "ref": "medicine1_inv"}]}, {"name": "item", "keyframes": [{"loc": [59, 31], "index": 0, "tweened": false, "duration": 1, "pivot": [33, 31], "ref": "medicine1_i"}]}], "id": "~itm/medicine_01"}, {"layers": [{"name": "shadow", "keyframes": [{"loc": [46, 24], "index": 0, "tweened": false, "duration": 1, "pivot": [46, 24], "ref": "medicine2_s"}]}, {"name": "item", "keyframes": [{"loc": [80, 22.5], "index": 0, "tweened": false, "duration": 1, "pivot": [31, 20], "ref": "medicine2_i"}]}], "id": "~itm/medicine_02"}, {"layers": [{"name": "shadow", "keyframes": [{"loc": [42, 25], "index": 0, "tweened": false, "duration": 1, "pivot": [42, 20], "ref": "medicine3_s"}]}, {"name": "item", "keyframes": [{"loc": [56.5, 21], "index": 0, "tweened": false, "duration": 1, "pivot": [23, 21], "ref": "medicine3_i"}]}], "id": "~itm/medicine_03"}, {"layers": [{"name": "shadow", "keyframes": [{"loc": [27, 20], "index": 0, "tweened": false, "duration": 1, "pivot": [27, 20], "ref": "medicine4_s"}]}, {"name": "item", "keyframes": [{"loc": [47, 20], "index": 0, "tweened": false, "duration": 1, "pivot": [20, 18], "ref": "medicine4_i"}]}], "id": "~itm/medicine_04"}, {"layers": [{"name": "shadow", "keyframes": [{"loc": [28, 27.5], "index": 0, "tweened": false, "duration": 1, "pivot": [22, 17], "ref": "mirror1_s"}]}, {"name": "item", "keyframes": [{"loc": [22, 22], "index": 0, "tweened": false, "duration": 1, "pivot": [22, 22], "ref": "mirror1_i"}]}], "id": "~itm/mirror_01"}, {"layers": [{"name": "shadow", "keyframes": [{"loc": [48, 21], "index": 0, "tweened": false, "duration": 1, "pivot": [48, 21], "ref": "mirror2_s"}]}, {"name": "item", "keyframes": [{"loc": [64.5, 26], "index": 0, "tweened": false, "duration": 1, "pivot": [37, 23], "ref": "mirror2_i"}]}], "id": "~itm/mirror_02"}, {"layers": [{"name": "shadow", "keyframes": [{"loc": [66, 32], "index": 0, "tweened": false, "duration": 1, "pivot": [66, 24], "ref": "mirror3_s"}]}, {"name": "item", "keyframes": [{"loc": [87, 24], "index": 0, "tweened": false, "duration": 1, "pivot": [42, 24], "ref": "mirror3_i"}]}], "id": "~itm/mirror_03"}, {"layers": [{"name": "shadow", "keyframes": [{"loc": [42, 21], "index": 0, "tweened": false, "duration": 1, "pivot": [42, 19], "ref": "mirror4_s"}]}, {"name": "item", "keyframes": [{"loc": [61.5, 18], "index": 0, "tweened": false, "duration": 1, "pivot": [30, 18], "ref": "mirror4_i"}]}], "id": "~itm/mirror_04"}, {"layers": [{"name": "shadow", "keyframes": [{"loc": [47, 11], "index": 0, "tweened": false, "duration": 1, "pivot": [47, 11], "ref": "plate1_s"}]}, {"name": "invisible", "keyframes": [{"loc": [29, 26], "index": 0, "tweened": false, "duration": 1, "pivot": [17, 8], "ref": "plate1_inv"}]}, {"name": "item", "keyframes": [{"loc": [52.5, 19], "index": 0, "tweened": false, "duration": 1, "pivot": [41, 11], "ref": "plate1_i"}]}], "id": "~itm/plate_01"}, {"layers": [{"name": "shadow", "keyframes": [{"loc": [27, 32.5], "index": 0, "tweened": false, "duration": 1, "pivot": [27, 14], "ref": "plate2_s"}]}, {"name": "item", "keyframes": [{"loc": [67.5, 22], "index": 0, "tweened": false, "duration": 1, "pivot": [25, 22], "ref": "plate2_i"}]}], "id": "~itm/plate_02"}, {"layers": [{"name": "shadow", "keyframes": [{"loc": [40, 20], "index": 0, "tweened": false, "duration": 1, "pivot": [40, 20], "ref": "plate3_s"}]}, {"name": "item", "keyframes": [{"loc": [80, 20.5], "index": 0, "tweened": false, "duration": 1, "pivot": [31, 18], "ref": "plate3_i"}]}], "id": "~itm/plate_03"}, {"layers": [{"name": "shadow", "keyframes": [{"loc": [35, 18], "index": 0, "tweened": false, "duration": 1, "pivot": [35, 18], "ref": "plate4_s"}]}, {"name": "invisible", "keyframes": [{"loc": [48.5, 16], "index": 0, "tweened": false, "duration": 1, "pivot": [18, 13], "ref": "plate4_inv"}]}, {"name": "item", "keyframes": [{"loc": [48.5, 15.5], "index": 0, "tweened": false, "duration": 1, "pivot": [18, 14], "ref": "plate4_i"}]}], "id": "~itm/plate_04"}, {"layers": [{"name": "shadow", "keyframes": [{"loc": [24, 29.5], "index": 0, "tweened": false, "duration": 1, "pivot": [24, 26], "ref": "raincoat1_s"}]}, {"name": "item", "keyframes": [{"loc": [27.5, 24], "index": 0, "tweened": false, "duration": 1, "pivot": [22, 24], "ref": "raincoat1_i"}]}], "id": "~itm/raincoat_01"}, {"layers": [{"name": "shadow", "keyframes": [{"loc": [35, 73], "index": 0, "tweened": false, "duration": 1, "pivot": [28, 22], "ref": "raincoat2_s"}]}, {"name": "invisible", "keyframes": [{"loc": [11, 55], "index": 0, "tweened": false, "duration": 1, "pivot": [11, 35], "ref": "raincoat2_inv"}]}, {"name": "item", "keyframes": [{"loc": [32, 45], "index": 0, "tweened": false, "duration": 1, "pivot": [31, 45], "ref": "raincoat2_i"}]}], "id": "~itm/raincoat_02"}, {"layers": [{"name": "shadow", "keyframes": [{"loc": [36.5, 81], "index": 0, "tweened": false, "duration": 1, "pivot": [36, 61], "ref": "raincoat3_s"}]}, {"name": "item", "keyframes": [{"loc": [45, 65], "index": 0, "tweened": false, "duration": 1, "pivot": [45, 65], "ref": "raincoat3_i"}]}], "id": "~itm/raincoat_03"}, {"layers": [{"name": "invisible", "keyframes": [{"loc": [61, 97], "index": 0, "tweened": false, "duration": 1, "pivot": [42, 97], "ref": "raincoat4_inv"}]}, {"name": "item", "keyframes": [{"loc": [17, 104], "index": 0, "tweened": false, "duration": 1, "pivot": [17, 90], "ref": "raincoat4_i"}]}], "id": "~itm/raincoat_04"}, {"layers": [{"name": "item", "keyframes": [{"loc": [34, 152], "index": 0, "tweened": false, "duration": 1, "pivot": [34, 152], "ref": "roadsign1_i"}]}], "id": "~itm/roadsign_01"}, {"layers": [{"name": "shadow", "keyframes": [{"loc": [107.5, 234], "index": 0, "tweened": false, "duration": 1, "pivot": [58, 46], "ref": "roadsign2_s"}]}, {"name": "item", "keyframes": [{"loc": [82, 140], "index": 0, "tweened": false, "duration": 1, "pivot": [82, 140], "ref": "roadsign2_i"}]}], "id": "~itm/roadsign_02"}, {"layers": [{"name": "shadow", "keyframes": [{"loc": [169, 565], "index": 0, "tweened": false, "duration": 1, "pivot": [169, 27], "ref": "roadsign3_s"}]}, {"name": "item", "keyframes": [{"loc": [296.5, 297], "index": 0, "tweened": false, "duration": 1, "pivot": [84, 297], "ref": "roadsign3_i"}]}], "id": "~itm/roadsign_03"}, {"layers": [{"name": "item", "keyframes": [{"loc": [23, 37], "index": 0, "tweened": false, "duration": 1, "pivot": [23, 37], "ref": "roadsign4_i"}]}], "id": "~itm/roadsign_04"}, {"layers": [{"name": "shadow", "keyframes": [{"loc": [49, 59], "index": 0, "tweened": false, "duration": 1, "pivot": [49, 21], "ref": "sign1_s"}]}, {"name": "item", "keyframes": [{"loc": [58.5, 40], "index": 0, "tweened": false, "duration": 1, "pivot": [39, 40], "ref": "sign1_i"}]}], "id": "~itm/sign_01"}, {"layers": [{"name": "shadow", "keyframes": [{"loc": [21, 27.5], "index": 0, "tweened": false, "duration": 1, "pivot": [21, 11], "ref": "sign2_s"}]}, {"name": "item", "keyframes": [{"loc": [23, 19], "index": 0, "tweened": false, "duration": 1, "pivot": [20, 19], "ref": "sign2_i"}]}], "id": "~itm/sign_02"}, {"layers": [{"name": "shadow", "keyframes": [{"loc": [18, 17], "index": 0, "tweened": false, "duration": 1, "pivot": [18, 9], "ref": "sign3_s"}]}, {"name": "item", "keyframes": [{"loc": [25, 12], "index": 0, "tweened": false, "duration": 1, "pivot": [10, 12], "ref": "sign3_i"}]}], "id": "~itm/sign_03"}, {"layers": [{"name": "shadow", "keyframes": [{"loc": [37, 36.5], "index": 0, "tweened": false, "duration": 1, "pivot": [37, 13], "ref": "sign4_s"}]}, {"name": "item", "keyframes": [{"loc": [41, 24], "index": 0, "tweened": false, "duration": 1, "pivot": [33, 24], "ref": "sign4_i"}]}], "id": "~itm/sign_04"}, {"layers": [{"name": "shadow", "keyframes": [{"loc": [26, 34.5], "index": 0, "tweened": false, "duration": 1, "pivot": [26, 7], "ref": "sneaker1_s"}]}, {"name": "item", "keyframes": [{"loc": [28.5, 19], "index": 0, "tweened": false, "duration": 1, "pivot": [25, 19], "ref": "sneaker1_i"}]}], "id": "~itm/sneaker_01"}, {"layers": [{"name": "shadow", "keyframes": [{"loc": [24, 20], "index": 0, "tweened": false, "duration": 1, "pivot": [24, 12], "ref": "sneaker2_s"}]}, {"name": "item", "keyframes": [{"loc": [28.5, 11], "index": 0, "tweened": false, "duration": 1, "pivot": [19, 11], "ref": "sneaker2_i"}]}], "id": "~itm/sneaker_02"}, {"layers": [{"name": "shadow", "keyframes": [{"loc": [38, 35], "index": 0, "tweened": false, "duration": 1, "pivot": [38, 9], "ref": "sneaker3_s"}]}, {"name": "item", "keyframes": [{"loc": [51.5, 19], "index": 0, "tweened": false, "duration": 1, "pivot": [28, 19], "ref": "sneaker3_i"}]}], "id": "~itm/sneaker_03"}, {"layers": [{"name": "shadow", "keyframes": [{"loc": [77, 35], "index": 0, "tweened": false, "duration": 1, "pivot": [77, 23], "ref": "sneaker4_s"}]}, {"name": "item", "keyframes": [{"loc": [102.5, 28], "index": 0, "tweened": false, "duration": 1, "pivot": [42, 28], "ref": "sneaker4_i"}]}], "id": "~itm/sneaker_04"}, {"layers": [{"name": "item", "keyframes": [{"loc": [24, 15], "index": 0, "tweened": false, "duration": 1, "pivot": [24, 15], "ref": "star1_i"}]}], "id": "~itm/star_01"}, {"layers": [{"name": "item", "keyframes": [{"loc": [10, 20], "index": 0, "tweened": false, "duration": 1, "pivot": [10, 20], "ref": "star2_i"}]}], "id": "~itm/star_02"}, {"layers": [{"name": "item", "keyframes": [{"loc": [16, 14], "index": 0, "tweened": false, "duration": 1, "pivot": [16, 14], "ref": "star3_i"}]}], "id": "~itm/star_03"}, {"layers": [{"name": "item", "keyframes": [{"loc": [9, 9], "index": 0, "tweened": false, "duration": 1, "pivot": [9, 9], "ref": "star4_i"}]}], "id": "~itm/star_04"}, {"layers": [{"name": "item", "keyframes": [{"loc": [16, 30], "index": 0, "tweened": false, "duration": 1, "pivot": [16, 30], "ref": "stump1_i"}]}], "id": "~itm/stump_01"}, {"layers": [{"name": "item", "keyframes": [{"loc": [37, 55], "index": 0, "tweened": false, "duration": 1, "pivot": [37, 55], "ref": "stump2_i"}]}], "id": "~itm/stump_02"}, {"layers": [{"name": "item", "keyframes": [{"loc": [43, 78], "index": 0, "tweened": false, "duration": 1, "pivot": [43, 78], "ref": "stump3_i"}]}], "id": "~itm/stump_03"}, {"layers": [{"name": "item", "keyframes": [{"loc": [20, 31], "index": 0, "tweened": false, "duration": 1, "pivot": [20, 31], "ref": "stump4_i"}]}], "id": "~itm/stump_04"}, {"layers": [{"name": "invisible", "keyframes": [{"loc": [59.5, 30], "index": 0, "tweened": false, "duration": 1, "pivot": [52, 24], "ref": "track1_inv"}]}, {"name": "item", "keyframes": [{"loc": [56, 32], "index": 0, "tweened": false, "duration": 1, "pivot": [56, 32], "ref": "track1_i"}]}], "id": "~itm/track_01"}, {"layers": [{"name": "item", "keyframes": [{"loc": [80, 50], "index": 0, "tweened": false, "duration": 1, "pivot": [80, 50], "ref": "track2_i"}]}], "id": "~itm/track_02"}, {"layers": [{"name": "item", "keyframes": [{"loc": [200, 50], "index": 0, "tweened": false, "duration": 1, "pivot": [200, 50], "ref": "track3_i"}]}], "id": "~itm/track_03"}, {"layers": [{"name": "item", "keyframes": [{"loc": [128, 100], "index": 0, "tweened": false, "duration": 1, "pivot": [128, 100], "ref": "track4_i"}]}], "id": "~itm/track_04"}, {"layers": [{"name": "shadow", "keyframes": [{"loc": [92, 115.5], "index": 0, "tweened": false, "duration": 1, "pivot": [92, 85], "ref": "tripod1_s"}]}, {"name": "item", "keyframes": [{"loc": [157.5, 101], "index": 0, "tweened": false, "duration": 1, "pivot": [28, 101], "ref": "tripod1_i"}]}], "id": "~itm/tripod_01"}, {"layers": [{"name": "shadow", "keyframes": [{"loc": [54, 102], "index": 0, "tweened": false, "duration": 1, "pivot": [54, 102], "ref": "tripod2_s"}]}, {"name": "item", "keyframes": [{"loc": [87.5, 103], "index": 0, "tweened": false, "duration": 1, "pivot": [28, 100], "ref": "tripod2_i"}]}], "id": "~itm/tripod_02"}, {"layers": [{"name": "shadow", "keyframes": [{"loc": [61, 73.5], "index": 0, "tweened": false, "duration": 1, "pivot": [61, 9], "ref": "tripod3_s"}]}, {"name": "item", "keyframes": [{"loc": [90, 41], "index": 0, "tweened": false, "duration": 1, "pivot": [24, 41], "ref": "tripod3_i"}]}], "id": "~itm/tripod_03"}, {"layers": [{"name": "shadow", "keyframes": [{"loc": [58, 141.5], "index": 0, "tweened": false, "duration": 1, "pivot": [58, 13], "ref": "tripod4_s"}]}, {"name": "item", "keyframes": [{"loc": [69.5, 77], "index": 0, "tweened": false, "duration": 1, "pivot": [45, 77], "ref": "tripod4_i"}]}], "id": "~itm/tripod_04"}, {"layers": [{"name": "item", "keyframes": [{"loc": [10, 52], "index": 0, "tweened": false, "duration": 1, "pivot": [10, 52], "ref": "tross1_i"}]}], "id": "~itm/tross_01"}, {"layers": [{"name": "item", "keyframes": [{"loc": [10, 61], "index": 0, "tweened": false, "duration": 1, "pivot": [10, 61], "ref": "tross2_i"}]}], "id": "~itm/tross_02"}, {"layers": [{"name": "shadow", "keyframes": [{"loc": [12, 32], "index": 0, "tweened": false, "duration": 1, "pivot": [12, 32], "ref": "tross3_s"}]}, {"name": "item", "keyframes": [{"loc": [17, 32], "index": 0, "tweened": false, "duration": 1, "pivot": [11, 32], "ref": "tross3_i"}]}], "id": "~itm/tross_03"}, {"layers": [{"name": "shadow", "keyframes": [{"loc": [11, 32.5], "index": 0, "tweened": false, "duration": 1, "pivot": [11, 32], "ref": "tross4_s"}]}, {"name": "item", "keyframes": [{"loc": [14, 34], "index": 0, "tweened": false, "duration": 1, "pivot": [11, 34], "ref": "tross4_i"}]}], "id": "~itm/tross_04"}], "md5": "4a9834546204c66abb41ce86e8422b9f", "textureGroups": [{"atlases": [{"textures": [{"origin": [0, 0], "symbol": "_bounds", "rect": [1, 1, 653, 491]}, {"origin": [0, 0], "symbol": "roadsign3_i", "rect": [656, 1, 168, 594]}, {"origin": [0, 0], "symbol": "blood4_i", "rect": [1, 494, 440, 130]}, {"origin": [0, 0], "symbol": "track4_i", "rect": [443, 597, 256, 200]}, {"origin": [0, 0], "symbol": "roadsign2_i", "rect": [826, 1, 164, 280]}, {"origin": [0, 0], "symbol": "track3_i", "rect": [1, 626, 400, 100]}, {"origin": [0, 0], "symbol": "blood1_i", "rect": [1, 728, 400, 96]}, {"origin": [0, 0], "symbol": "tripod1_s", "rect": [826, 283, 184, 170]}, {"origin": [0, 0], "symbol": "tripod2_s", "rect": [826, 455, 108, 204]}, {"origin": [0, 0], "symbol": "bag1_i", "rect": [701, 661, 150, 146]}, {"origin": [0, 0], "symbol": "roadsign1_i", "rect": [936, 455, 68, 304]}, {"origin": [0, 0], "symbol": "bag2_s", "rect": [403, 799, 186, 106]}, {"origin": [0, 0], "symbol": "roadsign3_s", "rect": [1, 826, 338, 54]}, {"origin": [0, 0], "symbol": "raincoat4_inv", "rect": [591, 799, 84, 194]}, {"origin": [0, 0], "symbol": "bit1_s", "rect": [443, 494, 192, 84]}, {"origin": [0, 0], "symbol": "track2_i", "rect": [853, 761, 160, 100]}, {"origin": [0, 0], "symbol": "bit2_i", "rect": [677, 863, 270, 54]}, {"origin": [0, 0], "symbol": "blood3_i", "rect": [677, 919, 80, 180]}, {"origin": [0, 0], "symbol": "bit1_i", "rect": [759, 919, 178, 78]}, {"origin": [0, 0], "symbol": "tripod4_i", "rect": [759, 999, 90, 154]}, {"origin": [0, 0], "symbol": "blood4_inv", "rect": [1, 882, 212, 64]}, {"origin": [0, 0], "symbol": "stump3_i", "rect": [851, 999, 86, 156]}, {"origin": [0, 0], "symbol": "blood3_inv", "rect": [949, 863, 74, 170]}, {"origin": [0, 0], "symbol": "bag1_s", "rect": [215, 882, 166, 74]}, {"origin": [0, 0], "symbol": "raincoat3_i", "rect": [1, 948, 90, 130]}, {"origin": [0, 0], "symbol": "tripod1_i", "rect": [939, 1035, 56, 202]}, {"origin": [0, 0], "symbol": "tripod2_i", "rect": [93, 948, 56, 200]}, {"origin": [0, 0], "symbol": "ad2_s", "rect": [383, 907, 148, 74]}, {"origin": [0, 0], "symbol": "blood2_i", "rect": [151, 958, 210, 52]}, {"origin": [0, 0], "symbol": "roadsign2_s", "rect": [363, 983, 116, 92]}, {"origin": [0, 0], "symbol": "bag2_i", "rect": [1, 1080, 82, 122]}, {"origin": [0, 0], "symbol": "map1_s", "rect": [481, 995, 154, 64]}, {"origin": [0, 0], "symbol": "ad3_s", "rect": [481, 1061, 80, 116]}, {"origin": [0, 0], "symbol": "raincoat3_s", "rect": [563, 1061, 72, 122]}, {"origin": [0, 0], "symbol": "bit4_s", "rect": [637, 1101, 50, 172]}, {"origin": [0, 0], "symbol": "ad3_i", "rect": [689, 1155, 78, 108]}, {"origin": [0, 0], "symbol": "stump2_i", "rect": [769, 1155, 74, 110]}, {"origin": [0, 0], "symbol": "case2_i", "rect": [845, 1157, 86, 92]}, {"origin": [0, 0], "symbol": "case4_i", "rect": [933, 1239, 88, 88]}, {"origin": [0, 0], "symbol": "track1_i", "rect": [689, 1267, 112, 64]}, {"origin": [0, 0], "symbol": "sneaker4_s", "rect": [677, 809, 154, 46]}, {"origin": [0, 0], "symbol": "ad4_i", "rect": [845, 1251, 60, 112]}, {"origin": [0, 0], "symbol": "case2_s", "rect": [151, 1012, 124, 52]}, {"origin": [0, 0], "symbol": "ad4_s", "rect": [907, 1329, 56, 114]}, {"origin": [0, 0], "symbol": "mirror3_s", "rect": [151, 1066, 132, 48]}, {"origin": [0, 0], "symbol": "bit4_i", "rect": [403, 626, 38, 166]}, {"origin": [0, 0], "symbol": "sign1_i", "rect": [853, 661, 78, 80]}, {"origin": [0, 0], "symbol": "raincoat4_i", "rect": [803, 1267, 34, 180]}, {"origin": [0, 0], "symbol": "canon2_s", "rect": [701, 597, 112, 54]}, {"origin": [0, 0], "symbol": "map1_i", "rect": [839, 1445, 114, 52]}, {"origin": [0, 0], "symbol": "raincoat2_i", "rect": [955, 1445, 62, 90]}, {"origin": [0, 0], "symbol": "case4_s", "rect": [285, 1077, 132, 42]}, {"origin": [0, 0], "symbol": "map2_s", "rect": [151, 1116, 126, 42]}, {"origin": [0, 0], "symbol": "disk2_s", "rect": [279, 1121, 90, 56]}, {"origin": [0, 0], "symbol": "flash2_s", "rect": [85, 1160, 132, 38]}, {"origin": [0, 0], "symbol": "track1_inv", "rect": [371, 1121, 104, 48]}, {"origin": [0, 0], "symbol": "bag4_i", "rect": [839, 1365, 66, 74]}, {"origin": [0, 0], "symbol": "bag3_s", "rect": [371, 1171, 96, 50]}, {"origin": [0, 0], "symbol": "disk2_i", "rect": [469, 1179, 88, 54]}, {"origin": [0, 0], "symbol": "sneaker4_i", "rect": [219, 1179, 84, 56]}, {"origin": [0, 0], "symbol": "medicine2_s", "rect": [85, 1200, 92, 48]}, {"origin": [0, 0], "symbol": "canon2_i", "rect": [1, 1204, 80, 54]}, {"origin": [0, 0], "symbol": "exhaus1_i", "rect": [965, 1329, 46, 92]}, {"origin": [0, 0], "symbol": "bag4_s", "rect": [305, 1223, 96, 44]}, {"origin": [0, 0], "symbol": "sign1_s", "rect": [179, 1237, 98, 42]}, {"origin": [0, 0], "symbol": "disk1_i", "rect": [285, 1012, 76, 54]}, {"origin": [0, 0], "symbol": "medicine1_inv", "rect": [559, 1185, 66, 62]}, {"origin": [0, 0], "symbol": "medicine1_i", "rect": [83, 1250, 66, 62]}, {"origin": [0, 0], "symbol": "mirror2_s", "rect": [403, 1235, 96, 42]}, {"origin": [0, 0], "symbol": "mirror3_i", "rect": [279, 1269, 84, 48]}, {"origin": [0, 0], "symbol": "ad2_i", "rect": [151, 1281, 84, 48]}, {"origin": [0, 0], "symbol": "bag3_i", "rect": [1, 1260, 66, 60]}, {"origin": [0, 0], "symbol": "bag3_inv", "rect": [69, 1314, 66, 60]}, {"origin": [0, 0], "symbol": "tripod3_i", "rect": [533, 907, 48, 82]}, {"origin": [0, 0], "symbol": "flash3_s", "rect": [501, 1249, 122, 30]}, {"origin": [0, 0], "symbol": "map4_i", "rect": [365, 1279, 72, 50]}, {"origin": [0, 0], "symbol": "bit3_i", "rect": [439, 1279, 42, 84]}, {"origin": [0, 0], "symbol": "light2_s", "rect": [237, 1319, 80, 44]}, {"origin": [0, 0], "symbol": "light1_s", "rect": [137, 1331, 80, 44]}, {"origin": [0, 0], "symbol": "flash2_i", "rect": [319, 1331, 70, 50]}, {"origin": [0, 0], "symbol": "light2_i", "rect": [219, 1365, 74, 46]}, {"origin": [0, 0], "symbol": "mirror2_i", "rect": [1, 1376, 74, 46]}, {"origin": [0, 0], "symbol": "roadsign4_i", "rect": [391, 1331, 46, 74]}, {"origin": [0, 0], "symbol": "medicine3_s", "rect": [295, 1383, 84, 40]}, {"origin": [0, 0], "symbol": "light1_i", "rect": [77, 1377, 72, 46]}, {"origin": [0, 0], "symbol": "bit3_s", "rect": [151, 1377, 40, 82]}, {"origin": [0, 0], "symbol": "flash1_s", "rect": [1, 1425, 102, 32]}, {"origin": [0, 0], "symbol": "flash3_i", "rect": [193, 1413, 70, 46]}, {"origin": [0, 0], "symbol": "plate3_s", "rect": [1, 1459, 80, 40]}, {"origin": [0, 0], "symbol": "mirror4_s", "rect": [483, 1281, 84, 38]}, {"origin": [0, 0], "symbol": "cam3_s", "rect": [569, 1281, 72, 44]}, {"origin": [0, 0], "symbol": "sign4_i", "rect": [1, 1322, 66, 48]}, {"origin": [0, 0], "symbol": "medicine1_s", "rect": [483, 1321, 82, 38]}, {"origin": [0, 0], "symbol": "tripod4_s", "rect": [567, 1327, 116, 26]}, {"origin": [0, 0], "symbol": "ad1_s", "rect": [685, 1333, 72, 40]}, {"origin": [0, 0], "symbol": "map2_i", "rect": [567, 1355, 84, 34]}, {"origin": [0, 0], "symbol": "flash4_s", "rect": [689, 1101, 64, 44]}, {"origin": [0, 0], "symbol": "butterfly1_s", "rect": [483, 1361, 68, 40]}, {"origin": [0, 0], "symbol": "can3_s", "rect": [653, 1375, 78, 34]}, {"origin": [0, 0], "symbol": "crow3_i", "rect": [733, 1375, 68, 38]}, {"origin": [0, 0], "symbol": "plate4_s", "rect": [553, 1391, 70, 36]}, {"origin": [0, 0], "symbol": "raincoat1_s", "rect": [341, 826, 48, 52]}, {"origin": [0, 0], "symbol": "medicine2_i", "rect": [305, 1179, 62, 40]}, {"origin": [0, 0], "symbol": "stump4_i", "rect": [105, 1425, 40, 62]}, {"origin": [0, 0], "symbol": "raincoat2_s", "rect": [625, 1411, 56, 44]}, {"origin": [0, 0], "symbol": "ad1_inv", "rect": [439, 1403, 68, 36]}, {"origin": [0, 0], "symbol": "tross2_i", "rect": [997, 1035, 20, 122]}, {"origin": [0, 0], "symbol": "ad1_i", "rect": [509, 1429, 64, 38]}, {"origin": [0, 0], "symbol": "can4_s", "rect": [683, 1415, 66, 36]}, {"origin": [0, 0], "symbol": "map4_inv", "rect": [381, 1407, 54, 44]}, {"origin": [0, 0], "symbol": "blood1_inv", "rect": [751, 1449, 78, 30]}, {"origin": [0, 0], "symbol": "butterfly2_i", "rect": [575, 1429, 44, 52]}, {"origin": [0, 0], "symbol": "plate3_i", "rect": [683, 1453, 62, 36]}, {"origin": [0, 0], "symbol": "plate2_i", "rect": [621, 1457, 50, 44]}, {"origin": [0, 0], "symbol": "butterfly3_i", "rect": [643, 1275, 44, 50]}, {"origin": [0, 0], "symbol": "tripod3_s", "rect": [673, 1491, 122, 18]}, {"origin": [0, 0], "symbol": "mirror4_i", "rect": [419, 1077, 60, 36]}, {"origin": [0, 0], "symbol": "medicine4_s", "rect": [437, 1441, 54, 40]}, {"origin": [0, 0], "symbol": "disk4_s", "rect": [493, 1469, 56, 38]}, {"origin": [0, 0], "symbol": "flash1_i", "rect": [551, 1483, 56, 38]}, {"origin": [0, 0], "symbol": "sneaker3_i", "rect": [609, 1503, 56, 38]}, {"origin": [0, 0], "symbol": "raincoat1_i", "rect": [265, 1425, 44, 48]}, {"origin": [0, 0], "symbol": "exhaus2_i", "rect": [637, 995, 32, 66]}, {"origin": [0, 0], "symbol": "exhaus4_i", "rect": [797, 1481, 34, 62]}, {"origin": [0, 0], "symbol": "tross1_i", "rect": [992, 1, 20, 104]}, {"origin": [0, 0], "symbol": "plate1_s", "rect": [833, 1499, 94, 22]}, {"origin": [0, 0], "symbol": "disk4_i", "rect": [311, 1425, 60, 34]}, {"origin": [0, 0], "symbol": "fresher2_s", "rect": [373, 1453, 60, 34]}, {"origin": [0, 0], "symbol": "light4_s", "rect": [833, 1523, 72, 28]}, {"origin": [0, 0], "symbol": "case1_i", "rect": [435, 1483, 48, 42]}, {"origin": [0, 0], "symbol": "exhaus1_inv", "rect": [992, 107, 28, 70]}, {"origin": [0, 0], "symbol": "mirror1_i", "rect": [907, 1523, 44, 44]}, {"origin": [0, 0], "symbol": "case3_i", "rect": [485, 1509, 44, 44]}, {"origin": [0, 0], "symbol": "medicine3_i", "rect": [311, 1461, 46, 42]}, {"origin": [0, 0], "symbol": "disk3_i", "rect": [953, 1537, 42, 46]}, {"origin": [0, 0], "symbol": "map3_i", "rect": [531, 1523, 74, 26]}, {"origin": [0, 0], "symbol": "sign4_s", "rect": [359, 1489, 74, 26]}, {"origin": [0, 0], "symbol": "stump1_i", "rect": [147, 1461, 32, 60]}, {"origin": [0, 0], "symbol": "sneaker1_i", "rect": [83, 1489, 50, 38]}, {"origin": [0, 0], "symbol": "cam3_i", "rect": [1, 1501, 38, 48]}, {"origin": [0, 0], "symbol": "plate1_i", "rect": [181, 1461, 82, 22]}, {"origin": [0, 0], "symbol": "butterfly1_i", "rect": [265, 1475, 44, 40]}, {"origin": [0, 0], "symbol": "fresher1_i", "rect": [992, 179, 28, 62]}, {"origin": [0, 0], "symbol": "can3_i", "rect": [181, 1485, 50, 34]}, {"origin": [0, 0], "symbol": "flash4_i", "rect": [311, 1505, 46, 36]}, {"origin": [0, 0], "symbol": "exhaus2_inv", "rect": [233, 1485, 28, 58]}, {"origin": [0, 0], "symbol": "butterfly4_s", "rect": [263, 1517, 44, 36]}, {"origin": [0, 0], "symbol": "disk1_s", "rect": [41, 1501, 36, 44]}, {"origin": [0, 0], "symbol": "raincoat2_inv", "rect": [907, 1251, 22, 70]}, {"origin": [0, 0], "symbol": "tross3_s", "rect": [997, 1159, 24, 64]}, {"origin": [0, 0], "symbol": "sign2_i", "rect": [759, 1333, 40, 38]}, {"origin": [0, 0], "symbol": "butterfly4_i", "rect": [181, 1521, 40, 38]}, {"origin": [0, 0], "symbol": "plate2_s", "rect": [359, 1517, 54, 28]}, {"origin": [0, 0], "symbol": "cellphone4_s", "rect": [439, 1365, 42, 36]}, {"origin": [0, 0], "symbol": "mirror1_s", "rect": [135, 1523, 44, 34]}, {"origin": [0, 0], "symbol": "exhaus3_s", "rect": [223, 1545, 34, 44]}, {"origin": [0, 0], "symbol": "tross4_i", "rect": [997, 1537, 22, 68]}, {"origin": [0, 0], "symbol": "light3_s", "rect": [415, 1527, 62, 24]}, {"origin": [0, 0], "symbol": "can4_i", "rect": [751, 1415, 46, 32]}, {"origin": [0, 0], "symbol": "star1_i", "rect": [309, 1543, 48, 30]}, {"origin": [0, 0], "symbol": "medicine4_i", "rect": [237, 1281, 40, 36]}, {"origin": [0, 0], "symbol": "exhaus2_s", "rect": [259, 1555, 40, 36]}, {"origin": [0, 0], "symbol": "tross4_s", "rect": [359, 1547, 22, 64]}, {"origin": [0, 0], "symbol": "tross3_i", "rect": [383, 1547, 22, 64]}, {"origin": [0, 0], "symbol": "disk3_s", "rect": [301, 1575, 54, 26]}, {"origin": [0, 0], "symbol": "cam2_s", "rect": [79, 1529, 46, 30]}, {"origin": [0, 0], "symbol": "sneaker3_s", "rect": [407, 1553, 76, 18]}, {"origin": [0, 0], "symbol": "crow4_i", "rect": [127, 1559, 40, 34]}, {"origin": [0, 0], "symbol": "can2_s", "rect": [169, 1561, 48, 28]}, {"origin": [0, 0], "symbol": "cellphone1_s", "rect": [1, 1551, 48, 28]}, {"origin": [0, 0], "symbol": "cam4_i", "rect": [637, 1063, 36, 36]}, {"origin": [0, 0], "symbol": "map3_s", "rect": [853, 743, 80, 16]}, {"origin": [0, 0], "symbol": "canon4_i", "rect": [51, 1561, 42, 30]}, {"origin": [0, 0], "symbol": "crow1_i", "rect": [1, 1581, 44, 28]}, {"origin": [0, 0], "symbol": "cam2_i", "rect": [95, 1561, 28, 44]}, {"origin": [0, 0], "symbol": "canon4_s", "rect": [169, 1591, 60, 20]}, {"origin": [0, 0], "symbol": "exhaus4_s", "rect": [231, 1591, 26, 46]}, {"origin": [0, 0], "symbol": "canon3_i", "rect": [125, 1595, 42, 28]}, {"origin": [0, 0], "symbol": "fresher2_i", "rect": [47, 1593, 42, 28]}, {"origin": [0, 0], "symbol": "sneaker2_s", "rect": [169, 1613, 48, 24]}, {"origin": [0, 0], "symbol": "cellphone4_i", "rect": [179, 1200, 38, 30]}, {"origin": [0, 0], "symbol": "cam1_i", "rect": [992, 243, 30, 38]}, {"origin": [0, 0], "symbol": "can1_s", "rect": [259, 1603, 46, 24]}, {"origin": [0, 0], "symbol": "light4_i", "rect": [1, 1611, 38, 28]}, {"origin": [0, 0], "symbol": "canon1_i", "rect": [307, 1603, 34, 30]}, {"origin": [0, 0], "symbol": "cone2_s", "rect": [509, 1403, 42, 24]}, {"origin": [0, 0], "symbol": "plate4_i", "rect": [259, 1629, 36, 28]}, {"origin": [0, 0], "symbol": "map3_inv", "rect": [443, 580, 80, 12]}, {"origin": [0, 0], "symbol": "cone1_s", "rect": [41, 1623, 40, 24]}, {"origin": [0, 0], "symbol": "can2_i", "rect": [1, 1641, 36, 26]}, {"origin": [0, 0], "symbol": "plate4_inv", "rect": [83, 1623, 36, 26]}, {"origin": [0, 0], "symbol": "sign2_s", "rect": [39, 1649, 42, 22]}, {"origin": [0, 0], "symbol": "star3_i", "rect": [1, 1669, 32, 28]}, {"origin": [0, 0], "symbol": "cone4_s", "rect": [219, 1160, 54, 16]}, {"origin": [0, 0], "symbol": "cellphone1_i", "rect": [121, 1625, 28, 30]}, {"origin": [0, 0], "symbol": "exhaus3_i", "rect": [83, 1651, 20, 42]}, {"origin": [0, 0], "symbol": "sneaker2_i", "rect": [35, 1673, 38, 22]}, {"origin": [0, 0], "symbol": "light3_i", "rect": [151, 1639, 34, 24]}, {"origin": [0, 0], "symbol": "star2_i", "rect": [105, 1657, 20, 40]}, {"origin": [0, 0], "symbol": "case3_s", "rect": [525, 580, 66, 12]}, {"origin": [0, 0], "symbol": "flash4_inv", "rect": [965, 1423, 44, 18]}, {"origin": [0, 0], "symbol": "cam1_s", "rect": [127, 1657, 22, 36]}, {"origin": [0, 0], "symbol": "canon3_s", "rect": [35, 1697, 64, 12]}, {"origin": [0, 0], "symbol": "sneaker1_s", "rect": [593, 580, 52, 14]}, {"origin": [0, 0], "symbol": "exhaus4_inv", "rect": [1, 1699, 28, 24]}, {"origin": [0, 0], "symbol": "cellphone2_i", "rect": [187, 1639, 28, 24]}, {"origin": [0, 0], "symbol": "sign3_s", "rect": [217, 1639, 36, 18]}, {"origin": [0, 0], "symbol": "cone3_i", "rect": [151, 1250, 26, 22]}, {"origin": [0, 0], "symbol": "plate1_inv", "rect": [667, 1511, 34, 16]}, {"origin": [0, 0], "symbol": "crow2_i", "rect": [653, 1355, 30, 18]}, {"origin": [0, 0], "symbol": "crow1_s", "rect": [501, 1235, 44, 12]}, {"origin": [0, 0], "symbol": "cam4_s", "rect": [703, 1511, 26, 20]}, {"origin": [0, 0], "symbol": "cone4_i", "rect": [667, 1529, 28, 18]}, {"origin": [0, 0], "symbol": "cone1_i", "rect": [929, 1499, 24, 20]}, {"origin": [0, 0], "symbol": "cone2_i", "rect": [279, 1237, 24, 20]}, {"origin": [0, 0], "symbol": "sign3_i", "rect": [83, 1459, 20, 24]}, {"origin": [0, 0], "symbol": "fresher4_i", "rect": [193, 1377, 18, 26]}, {"origin": [0, 0], "symbol": "canon1_s", "rect": [319, 1319, 42, 10]}, {"origin": [0, 0], "symbol": "fresher3_i", "rect": [219, 1331, 16, 26]}, {"origin": [0, 0], "symbol": "cellphone3_i", "rect": [607, 1543, 34, 12]}, {"origin": [0, 0], "symbol": "can1_i", "rect": [625, 1391, 24, 16]}, {"origin": [0, 0], "symbol": "star4_i", "rect": [363, 958, 18, 18]}, {"origin": [0, 0], "symbol": "crow2_s", "rect": [259, 1593, 38, 8]}, {"origin": [0, 0], "symbol": "cone2_inv", "rect": [265, 1413, 24, 10]}, {"origin": [0, 0], "symbol": "bit3_inv", "rect": [295, 1365, 14, 16]}, {"origin": [0, 0], "symbol": "case1_s", "rect": [415, 1517, 18, 8]}, {"origin": [0, 0], "symbol": "fresher1_inv", "rect": [381, 1383, 8, 18]}, {"origin": [0, 0], "symbol": "fresher4_inv", "rect": [311, 1365, 6, 14]}], "file": "atlas0.atf"}], "scaleFactor": 1}], "isNamespaced": false}