<xmlui modify="2016-10-24 11:51:36" scale="0.5" textureType="png"><libraryItem libraryName="_ASSETS" itemType="folder" folder=""><element type="instance" name="Слой 1" x="-925.5" y="-504.6" width="1388.325" height="662.95" libraryItem="window"/></libraryItem><libraryItem libraryName="_fonts" itemType="folder" folder=""><element type="instance" name="Слой 1" x="-925.5" y="-504.6" width="1388.325" height="662.95" libraryItem="window"/></libraryItem><libraryItem libraryName="bmpFonts" itemType="folder" folder=""><element type="instance" name="Слой 1" x="-925.5" y="-504.6" width="1388.325" height="662.95" libraryItem="window"/></libraryItem><libraryItem libraryName="buttons" itemType="folder" folder=""><element type="instance" name="Слой 1" x="-925.5" y="-504.6" width="1388.325" height="662.95" libraryItem="window"/></libraryItem><libraryItem libraryName="buttons/realMoney" itemType="folder" folder="buttons"><element type="instance" name="Слой 1" x="-925.5" y="-504.6" width="1388.325" height="662.95" libraryItem="window"/></libraryItem><libraryItem libraryName="back.BlackBack" itemType="movie clip" folder="" linkageClassName="back.BlackBack"><element type="instance" name="blackbg" width="2040.925" height="1229.325" scaleX="4081.859573364258" scaleY="2458.65234375" libraryItem="_ASSETS/dark_back.png"/></libraryItem><libraryItem libraryName="buttons/realMoney/bt_real_money" itemType="movie clip" folder="buttons"><element type="text" name="_label" x="17.925" y="25.975" width="750" height="94.025" lineType="multiline" orientation="horizontal"><textFormat size="50" face="speed50*" fillColor="#ffffff" alignment="center" bold="true" italic="true"/><textString><![CDATA[10 000]]></textString></element><element type="image" name="_out" width="782" height="178" libraryItem="buttons/realMoney/bt_speed n"/><element type="image" name="_over" width="782" height="178" libraryItem="buttons/realMoney/bt_speed h"/><element type="image" name="_down" width="782" height="178" libraryItem="buttons/realMoney/bt_speed p"/></libraryItem><libraryItem libraryName="buttons/realMoney/bt_speed h" itemType="movie clip" folder="buttons" linkageClassName="btcloseh"><element type="instance" name="Layer 1" width="782" height="178" libraryItem="_ASSETS/Green_button.png"/></libraryItem><libraryItem libraryName="buttons/realMoney/bt_speed n" itemType="movie clip" folder="buttons" linkageClassName="btclosen"><element type="instance" name="Layer 1" width="782" height="178" libraryItem="_ASSETS/Green_button.png"/></libraryItem><libraryItem libraryName="buttons/realMoney/bt_speed p" itemType="movie clip" folder="buttons" linkageClassName="btclosep"><element type="instance" name="Layer 1" width="782" height="178" libraryItem="_ASSETS/Green_button.png"/></libraryItem><libraryItem libraryName="screen.BlackBackground" itemType="movie clip" folder="" linkageClassName="listboxPanel"><element type="shape" name="bounds" x="1024" y="607.925" width="2048" height="1215.425"/><element type="image" name="cont" width="2040.925" height="1229.325" libraryItem="back.BlackBack"/></libraryItem><libraryItem libraryName="timer.time.Background" itemType="movie clip" folder=""><element type="instance" name="Слой 1" width="115.5" height="177" libraryItem="_ASSETS/Score_slot.png"/></libraryItem><libraryItem libraryName="window" itemType="movie clip" folder="" linkageClassName="window"><element type="text" name="timer_label" x="375.075" y="84.825" width="584.15" height="114.75" lineType="multiline" orientation="horizontal"><textFormat size="20" face="timeleft*" fillColor="#ffffff" alignment="center" bold="false" italic="true"/><textString><![CDATA[TIME LEFT:]]></textString><property name="source"><![CDATA[window_text_label]]></property></element><element type="text" name="window_text_label" width="1314.325" height="163.85" lineType="multiline" orientation="horizontal"><textFormat size="41" face="wait*" fillColor="#ffff00" alignment="center" bold="false" italic="false"/><textString><![CDATA[WAIT PLEASE ,I'M BUSY ANALYZING EVIDENCE]]></textString><property name="source"><![CDATA[timer_label]]></property></element><element type="text" name="time_text_h" x="540.15" y="197.125" width="245.2" height="177.725" lineType="multiline" orientation="horizontal"><textFormat size="81.5" face="numbers*" fillColor="#ffffff" alignment="center" bold="true" italic="false"/><textString><![CDATA[00]]></textString><property name="source"><![CDATA[time_label]]></property></element><element type="text" name="time_text_m" x="290.225" y="197.125" width="239.9" height="180.025" lineType="multiline" orientation="horizontal"><textFormat size="81.5" face="numbers*" fillColor="#ffffff" alignment="center" bold="true" italic="false"/><textString><![CDATA[00]]></textString><property name="source"><![CDATA[time_label]]></property></element><element type="text" name="time_text_s" x="797.3" y="194.4" width="236.95" height="182.45" lineType="multiline" orientation="horizontal"><textFormat size="81.5" face="numbers*" fillColor="#ffffff" alignment="center" bold="true" italic="false"/><textString><![CDATA[00]]></textString><property name="source"><![CDATA[time_label]]></property></element><element type="text" name="time_text" x="300.075" y="191.125" width="734.175" height="180.025" lineType="multiline" orientation="horizontal"><textFormat size="81.5" face="numbers*" fillColor="#ffffff" alignment="center" bold="true" italic="false"/><textString><![CDATA[00:00:00]]></textString><property name="source"><![CDATA[time_label]]></property></element><element type="instance" name="bt_speed" x="276.675" y="414.5" width="782" height="178" libraryItem="buttons/realMoney/bt_real_money"><property name="ui_type"><![CDATA[button]]></property></element><element type="instance" name="timer.time.Background" x="796.3" y="176.4" width="115.5" height="177" libraryItem="timer.time.Background"/><element type="instance" name="timer.time.Background" x="663.375" y="176.4" width="115.5" height="177" libraryItem="timer.time.Background"/><element type="instance" name="timer.time.Background" x="546.325" y="176.4" width="115.5" height="177" libraryItem="timer.time.Background"/><element type="instance" name="timer.time.Background" x="916.175" y="176.4" width="115.5" height="177" libraryItem="timer.time.Background"/><element type="instance" name="timer.time.Background" x="410.325" y="176.4" width="115.5" height="177" libraryItem="timer.time.Background"/><element type="instance" name="timer.time.Background" x="292.625" y="176.4" width="115.5" height="177" libraryItem="timer.time.Background"/><element type="instance" name="black" width="1388.325" height="653.2" scaleX="0.677886962890625" scaleY="0.5313568115234375" libraryItem="screen.BlackBackground"><property name="ui_type"><![CDATA[panel]]></property></element><element type="shape" name="window_bounds" x="690.2" y="331.375" width="1380.275" height="662.95"/></libraryItem><libraryItem libraryName="_ASSETS/dark_back.png" itemType="bitmap" folder="_ASSETS" bitmapIndex="0.png"><element type="instance" name="Слой 1" x="-925.5" y="-504.6" width="1388.325" height="662.95" libraryItem="window"/></libraryItem><libraryItem libraryName="_ASSETS/Green_button.png" itemType="bitmap" folder="_ASSETS" bitmapIndex="1.png"><element type="instance" name="Слой 1" x="-925.5" y="-504.6" width="1388.325" height="662.95" libraryItem="window"/></libraryItem><libraryItem libraryName="bmpFonts/numbers.png" itemType="bmpFont" folder="bmpFonts" fontName="numbers*" bitmapIndex="numbers" fontXML="numbers.fnt"><element type="instance" name="Слой 1" x="-925.5" y="-504.6" width="1388.325" height="662.95" libraryItem="window"/></libraryItem><libraryItem libraryName="_ASSETS/Score_slot.png" itemType="bitmap" folder="_ASSETS" bitmapIndex="2.png"><element type="instance" name="Слой 1" x="-925.5" y="-504.6" width="1388.325" height="662.95" libraryItem="window"/></libraryItem><libraryItem libraryName="bmpFonts/speed.png" itemType="bmpFont" folder="bmpFonts" fontName="speed*" bitmapIndex="speed" fontXML="speed.fnt"><element type="instance" name="Слой 1" x="-925.5" y="-504.6" width="1388.325" height="662.95" libraryItem="window"/></libraryItem><libraryItem libraryName="bmpFonts/timeleft.png" itemType="bmpFont" folder="bmpFonts" fontName="timeleft*" bitmapIndex="timeleft" fontXML="timeleft.fnt"><element type="instance" name="Слой 1" x="-925.5" y="-504.6" width="1388.325" height="662.95" libraryItem="window"/></libraryItem><libraryItem libraryName="bmpFonts/TopPanel.png" itemType="bmpFont" folder="bmpFonts" fontName="TopPanel*" bitmapIndex="TopPanel" fontXML="TopPanel.fnt"><element type="instance" name="Слой 1" x="-925.5" y="-504.6" width="1388.325" height="662.95" libraryItem="window"/></libraryItem><libraryItem libraryName="bmpFonts/wait.png" itemType="bmpFont" folder="bmpFonts" fontName="wait*" bitmapIndex="wait" fontXML="wait.fnt"><element type="instance" name="Слой 1" x="-925.5" y="-504.6" width="1388.325" height="662.95" libraryItem="window"/></libraryItem><libraryItem libraryName="_fonts/speed50" itemType="font" folder="_fonts"><element type="instance" name="Слой 1" x="-925.5" y="-504.6" width="1388.325" height="662.95" libraryItem="window"/></libraryItem><libraryItem libraryName="_fonts/numbers" itemType="font" folder="_fonts"><element type="instance" name="Слой 1" x="-925.5" y="-504.6" width="1388.325" height="662.95" libraryItem="window"/></libraryItem><libraryItem libraryName="_fonts/wait" itemType="font" folder="_fonts"><element type="instance" name="Слой 1" x="-925.5" y="-504.6" width="1388.325" height="662.95" libraryItem="window"/></libraryItem><libraryItem libraryName="_fonts/timeleft" itemType="font" folder="_fonts"><element type="instance" name="Слой 1" x="-925.5" y="-504.6" width="1388.325" height="662.95" libraryItem="window"/></libraryItem></xmlui>