<?xml version="1.0" encoding="UTF-8"?>
<!-- Created with TexturePacker http://www.codeandweb.com/texturepacker-->
<!-- $TexturePacker:SmartUpdate:b8d3d95a303d6a540c9fdd3c5a5feea0:318c8bbd22a7673ca70636efe327cd0f:b0270681d1bcf35d65fbbab6eeddf13f$ -->
<TextureAtlas imagePath="out.png" width="1024" height="1024">
    <SubTexture name="0" x="0" y="995" width="1" height="1"/>
    <SubTexture name="1" x="0" y="0" width="782" height="178"/>
    <SubTexture name="2" x="857" y="479" width="116" height="177"/>
    <SubTexture name="TopPanel" x="128" y="479" width="250" height="511"/>
    <SubTexture name="numbers" x="786" y="0" width="172" height="475"/>
    <SubTexture name="speed" x="723" y="479" width="130" height="502"/>
    <SubTexture name="timeleft" x="0" y="479" width="124" height="512"/>
    <SubTexture name="wait" x="382" y="479" width="337" height="510"/>
</TextureAtlas>
