<data>
	<item>
		<name>small_coffee_cup</name>
		<displayName>Small coffee cup</displayName>
		<description></description>
		<order>99</order>
		<image>{=$root}/inventory_camera.png</image>
		<limit>99</limit>
		<use>manual</use>
		<buff></buff>
	</item>
	<item>
		<name>coffee_cup</name>
		<displayName>Coffee cup</displayName>
		<description></description>
		<order>99</order>
		<image>{=$root}/inventory_camera.png</image>
		<limit>99</limit>
		<use>manual</use>
		<buff></buff>
	</item>
	<item>
		<name>super_coffee_cup</name>
		<displayName>Super coffee cup</displayName>
		<description></description>
		<order>99</order>
		<image>{=$root}/inventory_camera.png</image>
		<limit>99</limit>
		<use>manual</use>
		<buff></buff>
	</item>
	<item>
		<name>mega_coffee_cup</name>
		<displayName>Mega coffee cup</displayName>
		<description></description>
		<order>99</order>
		<image>{=$root}/inventory_camera.png</image>
		<limit>99</limit>
		<use>manual</use>
		<buff></buff>
	</item>
	<item>
		<name>chronometer</name>
		<displayName>Chronometer</displayName>
		<description></description>
		<order>99</order>
		<image>{=$root}/inventory_camera.png</image>
		<limit>99</limit>
		<use>manual</use>
		<buff></buff>
	</item>
	<item>
		<name>magnifier</name>
		<displayName>Magnifier</displayName>
		<description></description>
		<order>99</order>
		<image>{=$root}/inventory_camera.png</image>
		<limit>99</limit>
		<use>manual</use>
		<buff></buff>
	</item>

	<!--        Case 1 -->
	<item>
		<name>flash_drive</name>
		<displayName>Flashdrive</displayName>
		<description>Флешка найденная в лаборатории больницы</description>
		<order>99</order>
		<image>{=$root}/evidences/flashdrive</image>
		<limit>99</limit>
		<use>manual</use>
		<buff></buff>
	</item>

	<item>
		<name>syringe</name>
		<displayName>Syringe</displayName>
		<description>Шприц найденный в теле доктора Морроу</description>
		<order>99</order>
		<image>{=$root}/evidences/Syringe</image>
		<limit>99</limit>
		<use>manual</use>
		<buff></buff>
	</item>

	<item>
		<name>video</name>
		<displayName>Video</displayName>
		<description>Видеозапись с камеры</description>
		<order>99</order>
		<image>{=$root}/evidences/Video</image>
		<limit>99</limit>
		<use>manual</use>
		<buff></buff>
	</item>

	<item>
		<name>medical_history</name>
		<displayName>medicalhistory</displayName>
		<description>История болезни брата медсестры</description>
		<order>99</order>
		<image>{=$root}/evidences/medical_history</image>
		<limit>99</limit>
		<use>manual</use>
		<buff></buff>
	</item>

	<item>
		<name>body_morrou</name>
		<displayName>body</displayName>
		<description>Тело Морроу</description>
		<order>99</order>
		<image>{=$root}/inventory_camera.png</image>
		<limit>99</limit>
		<use>manual</use>
		<buff></buff>
	</item>

	<!-- ========================= Case 2 =================== -->

	<item>
		<name>fakemoney</name>
		<displayName>fake money</displayName>
		<description>Поддельная купюра</description>
		<order>99</order>
		<image>{=$root}/evidences/fakemoney</image>
		<limit>99</limit>
		<use>manual</use>
		<buff></buff>
	</item>

	<item>
		<name>sleeve</name>
		<displayName>Sleeve</displayName>
		<description>Гильза</description>
		<order>99</order>
		<image>{=$root}/evidences/sleeve</image>
		<limit>99</limit>
		<use>manual</use>
		<buff></buff>
	</item>

	<item>
		<name>earrings</name>
		<displayName>Earrings</displayName>
		<description>Сережки</description>
		<order>99</order>
		<image>{=$root}/evidences/earrings</image>
		<limit>99</limit>
		<use>manual</use>
		<buff></buff>
	</item>

	<item>
		<name>audio</name>
		<displayName>earrings</displayName>
		<description>Запись разговора</description>
		<order>99</order>
		<image>{=$root}/evidences/audio</image>
		<limit>99</limit>
		<use>manual</use>
		<buff></buff>
	</item>

	<item>
		<name>paint</name>
		<displayName>Painted</displayName>
		<description>Следы краски</description>
		<order>99</order>
		<image>{=$root}/evidences/paint</image>
		<limit>99</limit>
		<use>manual</use>
		<buff></buff>
	</item>

	<item>
		<name>body_yacht</name>
		<displayName>body</displayName>
		<description>тело</description>
		<order>99</order>
		<limit>99</limit>
		<use>manual</use>
		<buff></buff>
		<image>{=$root}/inventory_camera.png</image>
	</item>

	<item>
		<name>blood_sample</name>
		<displayName>bloodsample</displayName>
		<description>кровь</description>
		<order>99</order>
		<limit>99</limit>
		<use>manual</use>
		<buff></buff>
		<image>{=$root}/inventory_camera.png</image>
	</item>



	<!--////////////////////////////////////////////////////// -->
	<offer>
		<name>coffe_cup_sale</name>
		<item>small_coffee_cup</item>
		<currency>soft<!-- soft/hard--></currency>
		<price>666</price>
	</offer>
	<offer>
		<name>mega_coffee_cup_sale</name>
		<item>mega_coffee_cup</item>
		<currency>soft<!-- soft/hard--></currency>
		<price>333</price>
	</offer>
</data>
