<?xml version="1.0" encoding="utf-8" ?>v
<data>
	<collection>
		<id>1</id>
		<name>collection1</name>
		<reward>
			<name>1</name>
		</reward>
		<reward>
			<name>2</name>
		</reward>
		<time>50000</time>
		<caseId>case_1</caseId>
		<price>1500</price>
		<suspect>betty_hope</suspect>
		<evidenceposition>blood knife1</evidenceposition>
		<evidenceposition>blood knife2</evidenceposition>
		<evidenceposition>blood knife3</evidenceposition>
		<evidenceposition>pen</evidenceposition>
		<evidenceposition>blood knife4</evidenceposition>
	</collection>
	<collection>
		<id>2</id>
		<name>collection2</name>
		<reward>
			<name>3</name>
		</reward>
		<reward>
			<name>5</name>
		</reward>
		<time>200000</time>
		<caseId>case_2</caseId>
		<price>500</price>
		<suspect>betty_hope</suspect>
		<evidenceposition>pen</evidenceposition>
		<evidenceposition>pen</evidenceposition>
		<evidenceposition>pen</evidenceposition>
		<evidenceposition>pen</evidenceposition>
		<evidenceposition>blood knife1</evidenceposition>
	</collection>

	<collection>
		<id>3</id>
		<name>case_1_collection</name>
		<reward>
			<name>3</name>
		</reward>
		<time>15</time>
		<caseId>case_1</caseId>
		<price>500</price>
		<suspect>kertis_nurse</suspect>
		<evidenceposition>syrigne</evidenceposition>
		<evidenceposition>body_morrou</evidenceposition>
		<evidenceposition>flash_drive</evidenceposition>
		<evidenceposition>video</evidenceposition>
		<evidenceposition>medical_history</evidenceposition>
	</collection>

	<collection>
		<id>4</id>
		<name>case_2_collection</name>
		<reward>
			<name>3</name>
		</reward>
		<time>15</time>
		<caseId>case_2</caseId>
		<price>500</price>
		<suspect>erl_bank</suspect>
		<evidenceposition>audio</evidenceposition>
		<evidenceposition>earrings</evidenceposition>
		<evidenceposition>sleeve</evidenceposition>
		<evidenceposition>fakemoney</evidenceposition>
		<evidenceposition>paint</evidenceposition>
		<evidenceposition>body_yacht</evidenceposition>
	</collection>


</data>