<data>
<source>common/{=$platform}/control_bottommenu.zip</source><libraryItem class="control" libraryName="control">
<element name="bottom-panel" libraryName="BotMenu">
<property name="ui_type"><![CDATA[scalable_panel]]></property>
<property name="ui_panel_background_skin"><![CDATA[bg]]></property>
</element></libraryItem>
<libraryItem libraryName="BotMenu">
<element name="btn-panel" libraryName="btn_panel">
<property name="ui_type"><![CDATA[panel]]></property>
</element><element name="bg" libraryName="bg">
</element></libraryItem>
<libraryItem libraryName="btn_panel">
<element name="bt_friends" libraryName="buttons/bt_friends">
<property name="ui_type"><![CDATA[button]]></property>
</element><element name="bt_folder" libraryName="buttons/bt_folder">
<property name="ui_type"><![CDATA[button]]></property>
</element><element name="bt_shop" libraryName="buttons/bt_shop">
<property name="ui_type"><![CDATA[button]]></property>
</element><element name="bt_home" libraryName="buttons/bt_home">
<property name="ui_type"><![CDATA[button]]></property>
</element></libraryItem>
<libraryItem libraryName="buttons/bt_friends">
<element name="_over" libraryName="buttons/bt_friends_h">
</element><element name="_over" libraryName="buttons/bt_friends_h">
</element><element name="_over" libraryName="buttons/bt_friends_h">
</element><element name="_out" libraryName="buttons/bt_friends_n">
</element><element name="_out" libraryName="buttons/bt_friends_n">
</element><element name="_out" libraryName="buttons/bt_friends_n">
</element><element name="_down" libraryName="buttons/bt_friends_p">
</element><element name="_down" libraryName="buttons/bt_friends_p">
</element><element name="_down" libraryName="buttons/bt_friends_p">
</element></libraryItem>
<libraryItem libraryName="buttons/bt_folder">
<element name="_over" libraryName="buttons/bt_folder_h">
</element><element name="_over" libraryName="buttons/bt_folder_h">
</element><element name="_over" libraryName="buttons/bt_folder_h">
</element><element name="_out" libraryName="buttons/bt_folder_n">
</element><element name="_out" libraryName="buttons/bt_folder_n">
</element><element name="_out" libraryName="buttons/bt_folder_n">
</element><element name="_down" libraryName="buttons/bt_folder_p">
</element><element name="_down" libraryName="buttons/bt_folder_p">
</element><element name="_down" libraryName="buttons/bt_folder_p">
</element></libraryItem>
<libraryItem libraryName="buttons/bt_shop">
<element name="_over" libraryName="buttons/bt_shop_h">
</element><element name="_over" libraryName="buttons/bt_shop_h">
</element><element name="_over" libraryName="buttons/bt_shop_h">
</element><element name="_out" libraryName="buttons/bt_shop_n">
</element><element name="_out" libraryName="buttons/bt_shop_n">
</element><element name="_out" libraryName="buttons/bt_shop_n">
</element><element name="_down" libraryName="buttons/bt_shop_p">
</element><element name="_down" libraryName="buttons/bt_shop_p">
</element><element name="_down" libraryName="buttons/bt_shop_p">
</element></libraryItem>
<libraryItem libraryName="buttons/bt_home">
<element name="_over" libraryName="buttons/bt_home_h">
</element><element name="_over" libraryName="buttons/bt_home_h">
</element><element name="_over" libraryName="buttons/bt_home_h">
</element><element name="_out" libraryName="buttons/bt_home_n">
</element><element name="_out" libraryName="buttons/bt_home_n">
</element><element name="_out" libraryName="buttons/bt_home_n">
</element><element name="_down" libraryName="buttons/bt_home_p">
</element><element name="_down" libraryName="buttons/bt_home_p">
</element><element name="_down" libraryName="buttons/bt_home_p">
</element></libraryItem>
</data>