<data>
<source>common/{=$platform}/control_inventory_item.zip</source><libraryItem class="control" libraryName="Control">
<element name="buttons_container" libraryName="container">
<property name="ui_type"><![CDATA[ui_container]]></property>
</element><element name="image" libraryName="item">
<property name="ui_type"><![CDATA[image]]></property>
</element><text name="tf_amount" x="378.15" y="468.5" width="217.95" height="117.95" lineType="multiline" >
<value name="text"><![CDATA[amount]]></value>
<format name="face">Arial</format>
<format name="size">50</format>
<format name="fillColor">#1c436c</format>
<format name="alignment">center</format>
<format name="bold">false</format>
<format name="italic">false</format>
</text>
<text name="tf_header" x="266.15" y="80.75" width="400" height="65.85" lineType="multiline" >
<value name="text"><![CDATA[Header text.]]></value>
<format name="face">Arial</format>
<format name="size">50</format>
<format name="fillColor">#1c436c</format>
<format name="alignment">center</format>
<format name="bold">false</format>
<format name="italic">false</format>
</text>
<element name="panel_bg" libraryName="bg">
</element></libraryItem>
<libraryItem libraryName="container">
<element name="container" libraryName="cont">
</element></libraryItem>
<libraryItem libraryName="item">
<shape type="rect" name="image_bounds" x="-9.65" y="0.95" width="322.9" height="205.85"/></libraryItem>
</data>