<data>
<source>common/{=$platform}/control_case_item.zip</source><libraryItem class="control" libraryName="control">
<element name="button" libraryName="buttons/bt_button">
<property name="ui_type"><![CDATA[button]]></property>
</element><element name="image" libraryName="item">
</element><text name="tf_amount" x="4.1" y="485.55" width="115.9" height="61.9" lineType="multiline" >
<value name="text"><![CDATA[progress]]></value>
<format name="face">Arial</format>
<format name="size">25</format>
<format name="fillColor">#1c436c</format>
<format name="alignment">center</format>
<format name="bold">false</format>
<format name="italic">false</format>
</text>
<text name="tf_progress" x="215.15" y="485.3" width="143.9" height="61.9" lineType="multiline" >
<value name="text"><![CDATA[amount]]></value>
<format name="face">Arial</format>
<format name="size">25</format>
<format name="fillColor">#1c436c</format>
<format name="alignment">center</format>
<format name="bold">false</format>
<format name="italic">false</format>
</text>
<text name="tf_description" x="5" y="302.75" width="356.1" height="177.4" lineType="multiline" >
<value name="text"><![CDATA[Description]]></value>
<format name="face">Arial</format>
<format name="size">40</format>
<format name="fillColor">#1c436c</format>
<format name="alignment">center</format>
<format name="bold">false</format>
<format name="italic">false</format>
</text>
<element name="panel_bg" libraryName="bg">
</element></libraryItem>
<libraryItem libraryName="buttons/bt_button">
<element name="_out" libraryName="buttons/bt n">
</element><element name="_over" libraryName="buttons/bt h">
</element><element name="_down" libraryName="buttons/bt p">
</element></libraryItem>
<libraryItem libraryName="item">
<shape type="rect" name="image_bounds" x="-9.65" y="0.95" width="322.9" height="205.85"/></libraryItem>
</data>