<data>
<source>common/{=$platform}/control_power_up.zip</source><libraryItem class="control" libraryName="Control">
<text name="tf_remaining_time" x="-1" y="2.45" width="137" height="37.25" lineType="single line" >
<value name="text"><![CDATA[00:00:00]]></value>
<format name="face">Times New Roman</format>
<format name="size">30</format>
<format name="fillColor">#de3022</format>
<format name="alignment">center</format>
<format name="bold">false</format>
<format name="italic">false</format>
</text>
<text name="tf_amount" x="56" y="87.3" width="94" height="59.35" lineType="single line" >
<value name="text"><![CDATA[2]]></value>
<format name="face">Times New Roman</format>
<format name="size">50</format>
<format name="fillColor">#de3022</format>
<format name="alignment">center</format>
<format name="bold">false</format>
<format name="italic">false</format>
</text>
<element name="image" libraryName="item">
<property name="ui_type"><![CDATA[image]]></property>
</element><element name="[bounds]" libraryName="boundsClip">
</element></libraryItem>
<libraryItem libraryName="item">
<shape type="rect" name="image_bounds" x="0" y="0" width="150" height="150"/></libraryItem>
</data>