<data>
<source>common/{=$platform}/control_topmenu.zip</source><libraryItem class="control" libraryName="control">
<element name="top-panel" libraryName="top_panel">
</element></libraryItem>
<libraryItem libraryName="top_panel">
<element name="main-panel" libraryName="main_panel">
<property name="ui_type"><![CDATA[scalable_panel]]></property>
<property name="ui_panel_background_skin"><![CDATA[bg]]></property>
</element></libraryItem>
<libraryItem libraryName="main_panel">
<element name="level-bar" libraryName="level">
<property name="ui_type"><![CDATA[panel]]></property>
<property name="scale_cut_order"><![CDATA[1]]></property>
</element><element name="energy-bar" libraryName="energy">
<property name="ui_type"><![CDATA[panel]]></property>
</element><element name="coins-bar" libraryName="coins">
<property name="ui_type"><![CDATA[panel]]></property>
<property name="scale_cut_order"><![CDATA[3]]></property>
</element><element name="gold-bar" libraryName="gold">
<property name="ui_type"><![CDATA[panel]]></property>
<property name="scale_cut_order"><![CDATA[2]]></property>
</element><element name="bg" libraryName="bg">
</element></libraryItem>
<libraryItem libraryName="level">
<element name="level_icon" libraryName="icons/score_icon">
<property name="ui_type"><![CDATA[static_image]]></property>
</element><text name="level_label" x="100" y="8" width="137.05" height="114" lineType="single line" >
<value name="text"><![CDATA[99]]></value>
<format name="face">MyriadProBold*</format>
<format name="size">90</format>
<format name="fillColor">#ffffff</format>
<format name="alignment">center</format>
<format name="bold">false</format>
<format name="italic">false</format>
</text>
</libraryItem>
<libraryItem libraryName="energy">
<element name="energy_icon" libraryName="energy_icon">
<property name="ui_type"><![CDATA[static_image]]></property>
</element></libraryItem>
<libraryItem libraryName="coins">
<element name="coins_bt_add" libraryName="buttons/btn_exp">
<property name="ui_type"><![CDATA[button]]></property>
</element><text name="coins_label" x="144" y="28" width="230.1" height="77.4" lineType="single line" >
<value name="text"><![CDATA[123456]]></value>
<format name="face">MyriadProBold*</format>
<format name="size">64</format>
<format name="fillColor">#ffffff</format>
<format name="alignment">center</format>
<format name="bold">false</format>
<format name="italic">false</format>
</text>
<element name="coins_icon" libraryName="coins_icon">
</element></libraryItem>
<libraryItem libraryName="gold">
<element name="gold_bt_add" libraryName="buttons/btn_exp">
<property name="ui_type"><![CDATA[button]]></property>
</element><text name="gold_label" x="122" y="28" width="216" height="77.4" lineType="single line" >
<value name="text"><![CDATA[1234]]></value>
<format name="face">MyriadProBold*</format>
<format name="size">64</format>
<format name="fillColor">#ffffff</format>
<format name="alignment">center</format>
<format name="bold">false</format>
<format name="italic">false</format>
</text>
<element name="gold_icon" libraryName="gold_icon">
</element></libraryItem>
<libraryItem libraryName="bg">
<value name="scalingGrid" left="35.85" top="36.25" right="107.7" bottom="108.75"/></libraryItem>
<libraryItem libraryName="buttons/btn_exp">
<element name="_out" libraryName="buttons/btn_exp_out">
</element><element name="_over" libraryName="buttons/btn_exp_over">
</element><element name="_down" libraryName="buttons/btn_exp_down">
</element></libraryItem>
</data>