<data>
	<playerProfile>
		<!-- число едениц здоровья -->
		<health>100</health>
		<!-- скорость восстановления одной единицы здоровья в секундах -->
		<healthPointRecoveryTime>60</healthPointRecoveryTime>
	</playerProfile>
	
	<userLevel>
		<name>1</name>
		<experience>0</experience>
	</userLevel>
	<userLevel>
		<name>2</name>
		<experience>150</experience>
	</userLevel>
	<userLevel>
		<name>3</name>
		<experience>375</experience>
	</userLevel>
	<userLevel>
		<name>4</name>
		<experience>675</experience>
	</userLevel>
	<userLevel>
		<name>5</name>
		<experience>1050</experience>
	</userLevel>
	<userLevel>
		<name>6</name>
		<experience>1500</experience>
	</userLevel>
	<userLevel>
		<name>7</name>
		<experience>2025</experience>
	</userLevel>
	<userLevel>
		<name>8</name>
		<experience>2625</experience>
	</userLevel>
	<userLevel>
		<name>9</name>
		<experience>3300</experience>
	</userLevel>
	<userLevel>
		<name>10</name>
		<experience>4050</experience>
	</userLevel>
	<userLevel>
		<name>11</name>
		<experience>4875</experience>
	</userLevel>
	<userLevel>
		<name>12</name>
		<experience>5775</experience>
	</userLevel>
	<userLevel>
		<name>13</name>
		<experience>6750</experience>
	</userLevel>
	<userLevel>
		<name>14</name>
		<experience>7800</experience>
	</userLevel>
	<userLevel>
		<name>15</name>
		<experience>8925</experience>
	</userLevel>
	<userLevel>
		<name>16</name>
		<experience>10125</experience>
	</userLevel>
	<userLevel>
		<name>17</name>
		<experience>11400</experience>
	</userLevel>
	<userLevel>
		<name>18</name>
		<experience>12750</experience>
	</userLevel>
	<userLevel>
		<name>19</name>
		<experience>14175</experience>
	</userLevel>
	<userLevel>
		<name>20</name>
		<experience>15675</experience>
	</userLevel>
	<userLevel>
		<name>21</name>
		<experience>17250</experience>
	</userLevel>
	<userLevel>
		<name>22</name>
		<experience>18900</experience>
	</userLevel>
	<userLevel>
		<name>23</name>
		<experience>20625</experience>
	</userLevel>
	<userLevel>
		<name>24</name>
		<experience>22425</experience>
	</userLevel>
	<userLevel>
		<name>25</name>
		<experience>24300</experience>
	</userLevel>
	<userLevel>
		<name>26</name>
		<experience>26250</experience>
	</userLevel>
	<userLevel>
		<name>27</name>
		<experience>28275</experience>
	</userLevel>
	<userLevel>
		<name>28</name>
		<experience>30375</experience>
	</userLevel>
	<userLevel>
		<name>29</name>
		<experience>32550</experience>
	</userLevel>
	<userLevel>
		<name>30</name>
		<experience>34800</experience>
	</userLevel>
	<userLevel>
		<name>31</name>
		<experience>37125</experience>
	</userLevel>
	<userLevel>
		<name>32</name>
		<experience>39525</experience>
	</userLevel>
	<userLevel>
		<name>33</name>
		<experience>42000</experience>
	</userLevel>
	<userLevel>
		<name>34</name>
		<experience>44550</experience>
	</userLevel>
	<userLevel>
		<name>35</name>
		<experience>47175</experience>
	</userLevel>
	<userLevel>
		<name>36</name>
		<experience>49875</experience>
	</userLevel>
	<userLevel>
		<name>37</name>
		<experience>52650</experience>
	</userLevel>
	<userLevel>
		<name>38</name>
		<experience>55500</experience>
	</userLevel>
	<userLevel>
		<name>39</name>
		<experience>58425</experience>
	</userLevel>
	<userLevel>
		<name>40</name>
		<experience>61425</experience>
	</userLevel>
	<userLevel>
		<name>41</name>
		<experience>64500</experience>
	</userLevel>
	<userLevel>
		<name>42</name>
		<experience>67650</experience>
	</userLevel>
	<userLevel>
		<name>43</name>
		<experience>70875</experience>
	</userLevel>
	<userLevel>
		<name>44</name>
		<experience>74175</experience>
	</userLevel>
	<userLevel>
		<name>45</name>
		<experience>77550</experience>
	</userLevel>
	<userLevel>
		<name>46</name>
		<experience>81000</experience>
	</userLevel>
	<userLevel>
		<name>47</name>
		<experience>84525</experience>
	</userLevel>
	<userLevel>
		<name>48</name>
		<experience>88125</experience>
	</userLevel>
	<userLevel>
		<name>49</name>
		<experience>91800</experience>
	</userLevel>
	<userLevel>
		<name>50</name>
		<experience>95550</experience>
	</userLevel>
	<userLevel>
		<name>51</name>
		<experience>99375</experience>
	</userLevel>
	<userLevel>
		<name>52</name>
		<experience>103275</experience>
	</userLevel>
	<userLevel>
		<name>53</name>
		<experience>107250</experience>
	</userLevel>
	<userLevel>
		<name>54</name>
		<experience>111300</experience>
	</userLevel>
	<userLevel>
		<name>55</name>
		<experience>115425</experience>
	</userLevel>
	<userLevel>
		<name>56</name>
		<experience>119625</experience>
	</userLevel>
	<userLevel>
		<name>57</name>
		<experience>123900</experience>
	</userLevel>
	<userLevel>
		<name>58</name>
		<experience>128250</experience>
	</userLevel>
	<userLevel>
		<name>59</name>
		<experience>132675</experience>
	</userLevel>
	<userLevel>
		<name>60</name>
		<experience>137175</experience>
	</userLevel>
	<userLevel>
		<name>61</name>
		<experience>141750</experience>
	</userLevel>
	<userLevel>
		<name>62</name>
		<experience>146400</experience>
	</userLevel>
	<userLevel>
		<name>63</name>
		<experience>151125</experience>
	</userLevel>
	<userLevel>
		<name>64</name>
		<experience>155925</experience>
	</userLevel>
	<userLevel>
		<name>65</name>
		<experience>160800</experience>
	</userLevel>
	<userLevel>
		<name>66</name>
		<experience>165750</experience>
	</userLevel>
	<userLevel>
		<name>67</name>
		<experience>170775</experience>
	</userLevel>
	<userLevel>
		<name>68</name>
		<experience>175875</experience>
	</userLevel>
	<userLevel>
		<name>69</name>
		<experience>181050</experience>
	</userLevel>
	<userLevel>
		<name>70</name>
		<experience>186300</experience>
	</userLevel>
	<userLevel>
		<name>71</name>
		<experience>191625</experience>
	</userLevel>
	<userLevel>
		<name>72</name>
		<experience>197025</experience>
	</userLevel>
	<userLevel>
		<name>73</name>
		<experience>202500</experience>
	</userLevel>
	<userLevel>
		<name>74</name>
		<experience>208050</experience>
	</userLevel>
	<userLevel>
		<name>75</name>
		<experience>213675</experience>
	</userLevel>
	<userLevel>
		<name>76</name>
		<experience>219375</experience>
	</userLevel>
	<userLevel>
		<name>77</name>
		<experience>225150</experience>
	</userLevel>
	<userLevel>
		<name>78</name>
		<experience>231000</experience>
	</userLevel>
	<userLevel>
		<name>79</name>
		<experience>236925</experience>
	</userLevel>
	<userLevel>
		<name>80</name>
		<experience>242925</experience>
	</userLevel>
	<userLevel>
		<name>81</name>
		<experience>249000</experience>
	</userLevel>
	<userLevel>
		<name>82</name>
		<experience>255150</experience>
	</userLevel>
	<userLevel>
		<name>83</name>
		<experience>261375</experience>
	</userLevel>
	<userLevel>
		<name>84</name>
		<experience>267675</experience>
	</userLevel>
	<userLevel>
		<name>85</name>
		<experience>274050</experience>
	</userLevel>
	<userLevel>
		<name>86</name>
		<experience>280500</experience>
	</userLevel>
	<userLevel>
		<name>87</name>
		<experience>287025</experience>
	</userLevel>
	<userLevel>
		<name>88</name>
		<experience>293625</experience>
	</userLevel>
	<userLevel>
		<name>89</name>
		<experience>300300</experience>
	</userLevel>
	<userLevel>
		<name>90</name>
		<experience>307050</experience>
	</userLevel>
	<userLevel>
		<name>91</name>
		<experience>313875</experience>
	</userLevel>
	<userLevel>
		<name>92</name>
		<experience>320775</experience>
	</userLevel>
	<userLevel>
		<name>93</name>
		<experience>327750</experience>
	</userLevel>
	<userLevel>
		<name>94</name>
		<experience>334800</experience>
	</userLevel>
	<userLevel>
		<name>95</name>
		<experience>341925</experience>
	</userLevel>
	<userLevel>
		<name>96</name>
		<experience>349125</experience>
	</userLevel>
	<userLevel>
		<name>97</name>
		<experience>356400</experience>
	</userLevel>
	<userLevel>
		<name>98</name>
		<experience>363750</experience>
	</userLevel>
	<userLevel>
		<name>99</name>
		<experience>371175</experience>
	</userLevel>
</data>
