<data>
	<!-- прохождение комнат -->
	<playRoomScore>
		<!-- цена за клик по одному предмету -->
		<roomItemsCost>1000</roomItemsCost>
		<!-- число секторов комбо-панели -->
		<comboPiecesMax>5</comboPiecesMax>
		<!-- Время в миллисекундах, за которое один из секторов полностью пропадает -->
		<comboPieceSpendTime>2500</comboPieceSpendTime>
	</playRoomScore>
	
	<!-- Уровни мастерства в комнатах -->
	<roomSkillLevel>
		<name>1</name>
		<!-- число предметов для поиска -->
		<numItemsForSearch>6</numItemsForSearch>
		<!-- очков для завершения уровня -->
		<pointsToComplete>80000</pointsToComplete>
		<!-- получаемая награда: выдаваемые очки опыта -->
		<userExperience>11</userExperience>
		<!-- цена за вход в комнату -->
		<enterCost>10</enterCost>
	</roomSkillLevel>
	<playRoomZoom>
		<maxZoom>2</maxZoom>
		<minZoom>1</minZoom>
		<startZoom>2</startZoom>
	</playRoomZoom>
	<roomSkillLevel>
		<name>2</name>
		<numItemsForSearch>8</numItemsForSearch>
		<pointsToComplete>540000</pointsToComplete>
		<userExperience>12</userExperience>
		<enterCost>10</enterCost>
	</roomSkillLevel>

	<roomSkillLevel>
		<name>3</name>
		<numItemsForSearch>10</numItemsForSearch>
		<pointsToComplete>1580000</pointsToComplete>
		<userExperience>13</userExperience>
		<enterCost>10</enterCost>
	</roomSkillLevel>

	<roomSkillLevel>
		<name>4</name>
		<numItemsForSearch>12</numItemsForSearch>
		<pointsToComplete>3920000</pointsToComplete>
		<userExperience>14</userExperience>
		<enterCost>10</enterCost>
	</roomSkillLevel>

	<roomSkillLevel>
		<name>5</name>
		<numItemsForSearch>14</numItemsForSearch>
		<pointsToComplete>4570000</pointsToComplete>
		<userExperience>15</userExperience>
		<enterCost>10</enterCost>
	</roomSkillLevel>

	<roomSkillLevel>
		<name>6</name>
		<numItemsForSearch>16</numItemsForSearch>
		<pointsToComplete>0</pointsToComplete>
		<userExperience>16</userExperience>
		<enterCost>10</enterCost>
	</roomSkillLevel>
</data>
