<data>
<source>common/{=$platform}/window_simple.zip</source><libraryItem class="confirm_button" libraryName="confirm_button">
</libraryItem>
<libraryItem class="simple_button" libraryName="simple_button">
</libraryItem>
<libraryItem class="window" libraryName="window">
<element name="bt_close" libraryName="buttons/bt_close">
<property name="ui_type"><![CDATA[button]]></property>
<property name="button_signal"><![CDATA[close]]></property>
</element><text name="window_title" x="11.6" y="76.35" width="1183.95" height="65.85" lineType="multiline" >
<value name="text"><![CDATA[Header text.]]></value>
<format name="face">Arial</format>
<format name="size">50</format>
<format name="fillColor">#1c436c</format>
<format name="alignment">center</format>
<format name="bold">false</format>
<format name="italic">false</format>
<property name="source"><![CDATA[window_title]]></property>
</text>
<text name="tf_message" x="11.6" y="155.4" width="1181.95" height="461.1" lineType="multiline" >
<value name="text"><![CDATA[Message text.]]></value>
<format name="face">Arial</format>
<format name="size">50</format>
<format name="fillColor">#1c436c</format>
<format name="alignment">center</format>
<format name="bold">false</format>
<format name="italic">false</format>
</text>
<element name="buttons_panel" libraryName="container">
<property name="ui_type"><![CDATA[scalable_panel]]></property>
<property name="h_align"><![CDATA[center]]></property>
</element><element name="window_background" libraryName="bg">
</element></libraryItem>
<libraryItem libraryName="buttons/bt_close">
<element name="_out" libraryName="buttons/bt close n">
</element><element name="_over" libraryName="buttons/bt close h">
</element><element name="_down" libraryName="buttons/bt close p">
</element></libraryItem>
<libraryItem libraryName="bg">
<value name="scalingGrid" left="45.5" top="84" right="136.5" bottom="194"/></libraryItem>
</data>