<data>
<source>common/{=$platform}/window_standart.zip</source><libraryItem class="confirm_button" libraryName="buttons/confirm_button">
<element name="confirm_button" libraryName="buttons/bt_enter">
<property name="ui_type"><![CDATA[button]]></property>
</element></libraryItem>
<libraryItem class="simple_button" libraryName="buttons/simple_button">
<element name="simple_button" libraryName="buttons/ bt_cancel">
<property name="ui_type"><![CDATA[button]]></property>
</element></libraryItem>
<libraryItem class="window" libraryName="Window">
<element name="bt_close" libraryName="buttons/bt_close">
<property name="ui_type"><![CDATA[button]]></property>
<property name="button_signal"><![CDATA[close]]></property>
</element><element name="buttons_container" libraryName="container">
<property name="ui_type"><![CDATA[ui_container]]></property>
</element><element name="image" libraryName="item">
<property name="ui_type"><![CDATA[image]]></property>
</element><text name="tf_message" x="138.1" y="317.25" width="400" height="300" lineType="multiline" >
<value name="text"><![CDATA[Message text.]]></value>
<format name="face">Arial</format>
<format name="size">50</format>
<format name="fillColor">#1c436c</format>
<format name="alignment">center</format>
<format name="bold">false</format>
<format name="italic">false</format>
</text>
<text name="tf_header" x="138.1" y="80.75" width="400" height="65.85" lineType="multiline" >
<value name="text"><![CDATA[Header text.]]></value>
<format name="face">Arial</format>
<format name="size">50</format>
<format name="fillColor">#1c436c</format>
<format name="alignment">center</format>
<format name="bold">false</format>
<format name="italic">false</format>
</text>
<element name="panel_bg" libraryName="bg">
</element></libraryItem>
<libraryItem libraryName="buttons/bt_enter">
<text name="_label" x="120" y="18" width="300" height="104.5" lineType="single line" >
<value name="text"><![CDATA[25]]></value>
<format name="face">Arial</format>
<format name="size">90</format>
<format name="fillColor">#ffffff</format>
<format name="alignment">center</format>
<format name="bold">false</format>
<format name="italic">false</format>
</text>
<element name="_out" libraryName="buttons/enter n">
</element><element name="_over" libraryName="buttons/enter h">
</element><element name="_down" libraryName="buttons/enter p">
</element></libraryItem>
<libraryItem libraryName="buttons/ bt_cancel">
<text name="_label" x="120" y="18" width="300" height="104.5" lineType="single line" >
<value name="text"><![CDATA[25]]></value>
<format name="face">Arial</format>
<format name="size">90</format>
<format name="fillColor">#ffffff</format>
<format name="alignment">center</format>
<format name="bold">false</format>
<format name="italic">false</format>
</text>
<element name="_out" libraryName="buttons/cancel n">
</element><element name="_over" libraryName="buttons/cancel h">
</element><element name="_down" libraryName="buttons/cancel p">
</element></libraryItem>
<libraryItem libraryName="buttons/bt_close">
<element name="_out" libraryName="buttons/bt close n">
</element><element name="_over" libraryName="buttons/bt close h">
</element><element name="_down" libraryName="buttons/bt close p">
</element></libraryItem>
<libraryItem libraryName="container">
<element name="container" libraryName="cont">
</element></libraryItem>
<libraryItem libraryName="item">
<shape type="rect" name="image_bounds" x="-6.6" y="0" width="188.25" height="120"/></libraryItem>
</data>