<data>
<source>common/{=$platform}/window_board.zip</source><libraryItem class="window" libraryName="window">
<element name="bt_close" libraryName="buttons/bt_close">
<property name="ui_type"><![CDATA[button]]></property>
<property name="button_signal"><![CDATA[close]]></property>
</element><element name="scroll_area" libraryName="scroll_area">
<property name="ui_type"><![CDATA[scroll_area]]></property>
</element><element name="bg" libraryName="board bg">
</element></libraryItem>
<libraryItem libraryName="buttons/bt_close">
<element name="_out" libraryName="buttons/bt close n">
</element><element name="_over" libraryName="buttons/bt close h">
</element><element name="_down" libraryName="buttons/bt close p">
</element></libraryItem>
</data>