<xmlui modify="2016-06-22 11:24:38" scale="0.5"><libraryItem libraryName="_ASSETS" itemType="folder" folder=""><element type="instance" name="control_item" x="-2.5" y="-6.5" width="277.5" height="315.825" libraryItem="control_item"/><element type="instance" name="control_category" width="163.5" height="82.75" libraryItem="control_category"/><element type="instance" name="inventory_window" width="1563.125" height="928.125" scaleX="0.999969482421875" scaleY="0.9998016357421875" libraryItem="window"/></libraryItem><libraryItem libraryName="buttons" itemType="folder" folder=""><element type="instance" name="control_item" x="-2.5" y="-6.5" width="277.5" height="315.825" libraryItem="control_item"/><element type="instance" name="control_category" width="163.5" height="82.75" libraryItem="control_category"/><element type="instance" name="inventory_window" width="1563.125" height="928.125" scaleX="0.999969482421875" scaleY="0.9998016357421875" libraryItem="window"/></libraryItem><libraryItem libraryName="arrow_out" itemType="movie clip" folder="" linkageClassName="arrow_out"><element type="instance" name="Слой 2" x="21.75" y="20.5" width="25.5" height="28" libraryItem="Растровое изображение 10"/><element type="instance" name="Слой 1" width="69" height="69" libraryItem="Растровое изображение 9"/></libraryItem><libraryItem libraryName="arrow_over" itemType="movie clip" folder="" linkageClassName="arrow_over"><element type="instance" name="Слой 2" x="21.75" y="20.5" width="25.5" height="28" libraryItem="Растровое изображение 10"/><element type="instance" name="Слой 1" width="69" height="69" libraryItem="Растровое изображение 11"/></libraryItem><libraryItem libraryName="backimg" itemType="movie clip" folder="" linkageClassName="backimg"><scalingGrid left="34.425" right="111.675" top="34.425" bottom="111.675"/><element type="instance" name="Слой 1" width="154.5" height="154.5" libraryItem="img7"/></libraryItem><libraryItem libraryName="backItem" itemType="movie clip" folder="" linkageClassName="backItem"><element type="instance" name="Слой 1" width="277.5" height="277.5" libraryItem="Растровое изображение 4"/></libraryItem><libraryItem libraryName="bounds" itemType="movie clip" folder="" linkageClassName="bounds"/><libraryItem libraryName="bt_buy_over" itemType="movie clip" folder="" linkageClassName="bt_buy_over"><element type="instance" name="Слой 1" width="152" height="37" libraryItem="Растровое изображение 13"/></libraryItem><libraryItem libraryName="bt_category_over" itemType="movie clip" folder="" linkageClassName="bt_category_over"><element type="instance" name="Слой 1" width="145.5" height="82.5" libraryItem="Растровое изображение 12"/></libraryItem><libraryItem libraryName="btn_category" itemType="movie clip" folder="" linkageClassName="btn_category"><element type="instance" name="item_panel" x="-7" y="10.1" width="163.5" height="43.525" libraryItem="item_panel"><property name="ui_type"><![CDATA[panel]]></property><property name="ui_panel_horizontal_align"><![CDATA[center]]></property></element><element type="instance" name="_out" width="145" height="82.5" libraryItem="item_back"/><element type="instance" name="_over" width="145.5" height="82.5" libraryItem="bt_category_over"/></libraryItem><libraryItem libraryName="item_panel" itemType="movie clip" folder="" linkageClassName="item_panel"><element type="text" name="item_text" width="163.5" height="43.525" lineType="single line" orientation="horizontal"><textFormat size="37.5" face="Times New Roman" fillColor="#00cc00" alignment="center" bold="false" italic="false"/><textString><![CDATA[Category]]></textString></element></libraryItem><libraryItem libraryName="item_back" itemType="movie clip" folder="" linkageClassName="item_back"><scalingGrid left="19" right="127.975" top="11" bottom="68.475"/><element type="instance" name="Слой 1" x="0.25" y="-0.25" width="145" height="82.5" libraryItem="Растровое изображение 3"/></libraryItem><libraryItem libraryName="buttons/ bt_use" itemType="movie clip" folder="buttons" linkageClassName="bt_use"><scalingGrid left="37.925" right="114.325" top="9.175" bottom="28.075"/><element type="text" name="_label" x="37.475" width="76.5" height="35.225" lineType="single line" orientation="horizontal"><textFormat size="30" face="Times New Roman" fillColor="#000000" alignment="center" bold="false" italic="false"/><textString><![CDATA[Use]]></textString></element><element type="image" name="_out" width="152.5" height="37.5" libraryItem="buttons/add n"/><element type="image" name="_over" width="152" height="37" libraryItem="bt_buy_over"/><element type="image" name="_down" width="152.5" height="37.5" libraryItem="buttons/add p"/></libraryItem><libraryItem libraryName="buttons/add n" itemType="movie clip" folder="buttons" linkageClassName="addn"><element type="instance" name="Layer 1" width="152.5" height="37.5" libraryItem="Растровое изображение 5"/></libraryItem><libraryItem libraryName="buttons/add p" itemType="movie clip" folder="buttons" linkageClassName="addp"><element type="instance" name="Layer 1" width="152.5" height="37.5" libraryItem="Растровое изображение 5"/></libraryItem><libraryItem libraryName="buttons/add h" itemType="movie clip" folder="buttons" linkageClassName="addh"><element type="image" name="Layer 1" width="152" height="37" libraryItem="bt_buy_over"/></libraryItem><libraryItem libraryName="buttons/bt close h" itemType="movie clip" folder="buttons" linkageClassName="btcloseh"><element type="instance" name="Layer 1" width="62" height="40" libraryItem="_ASSETS/bt_board_h.png"/></libraryItem><libraryItem libraryName="buttons/bt close n" itemType="movie clip" folder="buttons" linkageClassName="btclosen"><element type="instance" name="Layer 1" width="62" height="40" libraryItem="_ASSETS/bt_board_n.png"/></libraryItem><libraryItem libraryName="buttons/bt close p" itemType="movie clip" folder="buttons" linkageClassName="btclosep"><element type="instance" name="Layer 1" width="62" height="40" libraryItem="_ASSETS/bt_board_p.png"/></libraryItem><libraryItem libraryName="buttons/bt_add" itemType="movie clip" folder="buttons" linkageClassName="bt_add"><element type="text" name="_label" x="25.45" y="2.275" width="89.6" height="35.225" lineType="single line" orientation="horizontal"><textFormat size="30" face="Times New Roman" fillColor="#000000" alignment="center" bold="false" italic="false"/><textString><![CDATA[Buy]]></textString></element><element type="image" name="_out" width="152.5" height="37.5" libraryItem="buttons/add n"/><element type="image" name="_over" width="152" height="37" libraryItem="bt_buy_over"/><element type="image" name="_down" width="152.5" height="37.5" libraryItem="buttons/add p"/></libraryItem><libraryItem libraryName="buttons/bt_arrow" itemType="movie clip" folder="buttons" linkageClassName="bt_arrow"><scalingGrid left="29.475" right="35.975" top="32" bottom="38"/><element type="instance" name="_out" width="69" height="69" libraryItem="arrow_out"/><element type="instance" name="_over" width="69" height="69" libraryItem="arrow_over"/><element type="instance" name="_down" width="69" height="69" libraryItem="arrow_out"/></libraryItem><libraryItem libraryName="buttons/bt_close" itemType="movie clip" folder="buttons" linkageClassName="bt_close"><element type="image" name="_out" width="62" height="40" libraryItem="buttons/bt close n"/><element type="image" name="_over" width="62" height="40" libraryItem="buttons/bt close h"/><element type="image" name="_down" width="62" height="40" libraryItem="buttons/bt close p"/></libraryItem><libraryItem libraryName="buttons/bt_info" itemType="movie clip" folder="buttons" linkageClassName="bt_info"><element type="instance" name="_out" width="29" height="31" libraryItem="Растровое изображение 7"/><element type="instance" name="_over" width="29" height="31" libraryItem="Растровое изображение 7"/><element type="instance" name="_down" width="29" height="31" libraryItem="Растровое изображение 7"/></libraryItem><libraryItem libraryName="CaegoriesUIListBox" itemType="movie clip" folder="" linkageClassName="CaegoriesUIListBox"><element type="shape" name="listbox_bounds" x="418.85" y="69.2" width="837.725" height="138.425" layerType="guide"/></libraryItem><libraryItem libraryName="categories_panel" itemType="movie clip" folder="" linkageClassName="categories_panel"><element type="image" name="categories_back" width="165.5" height="85.25" scaleX="1.4329071044921875" scaleY="1.4329071044921875" libraryItem="item_back_clip"/><element type="instance" name="spinner_categories" x="125.625" width="0" height="0" libraryItem="CaegoriesUIListBox"><property name="ui_type"><![CDATA[spinnerList]]></property><property name="spinner_layout_type"><![CDATA[horizontal_spinner_layout]]></property><property name="spinner_vertical_align"><![CDATA[middle]]></property><property name="listbox_layout_gap"><![CDATA[10]]></property><property name="listbox_item_renderer"><![CDATA[inventory_item]]></property></element><element type="instance" name="bt_left" x="117.05" y="130.65" width="117.05" height="117.05" rotation="180" scaleX="1.696380615234375" scaleY="1.696380615234375" libraryItem="buttons/bt_arrow"><property name="ui_type"><![CDATA[button]]></property></element><element type="instance" name="bt_right" x="916.4" y="19.6" width="158.7" height="158.7" scaleX="2.3000030517578125" scaleY="2.3000030517578125" libraryItem="buttons/bt_arrow"><property name="ui_type"><![CDATA[button]]></property></element><element type="shape" name="panel_bounds" x="544.575" y="100" width="1089.075" height="200" layerType="guide"/></libraryItem><libraryItem libraryName="item_back_clip" itemType="movie clip" folder="" linkageClassName="item_back_clip"><scalingGrid left="8" right="107.975" top="7.5" bottom="51.975"/><element type="instance" name="Слой 1" width="115.5" height="59.5" libraryItem="Растровое изображение 2"/></libraryItem><libraryItem libraryName="categoriesBorder" itemType="movie clip" folder="" linkageClassName="categoriesBorder"/><libraryItem libraryName="categoriesListPanel" itemType="movie clip" folder="" linkageClassName="categoriesListPanel"/><libraryItem libraryName="character_name" itemType="movie clip" folder="" linkageClassName="character_name"/><libraryItem libraryName="character_place" itemType="movie clip" folder="" linkageClassName="character_place"><element type="image" name="Слой 1" width="0" height="0" libraryItem="place"/></libraryItem><libraryItem libraryName="place" itemType="movie clip" folder="" linkageClassName="place"/><libraryItem libraryName="closePanel" itemType="movie clip" folder="" linkageClassName="closePanel"/><libraryItem libraryName="coins" itemType="movie clip" folder="" linkageClassName="coins"><element type="image" name="coins_icon" width="0" height="0" libraryItem="coins_icon"/></libraryItem><libraryItem libraryName="coins_icon" itemType="movie clip" folder="" linkageClassName="coins_icon"/><libraryItem libraryName="control_category" itemType="movie clip" folder="" linkageClassName="control_category"><element type="instance" name="btn_category" width="163.5" height="82.75" libraryItem="btn_category"><property name="ui_type"><![CDATA[button]]></property></element></libraryItem><libraryItem libraryName="control_item" itemType="movie clip" folder="" linkageClassName="control_item"><element type="instance" name="panel_offer" x="24.75" y="223.575" width="186.025" height="92" libraryItem="offer_panel"><property name="ui_type"><![CDATA[panel]]></property></element><element type="instance" name="panel_item" x="64.025" y="223.075" width="152.5" height="87.225" libraryItem="panel_item"><property name="ui_type"><![CDATA[panel]]></property></element><element type="instance" name="panel_count" x="25" y="271.075" width="224.5" height="44.5" libraryItem="count_panel"><property name="ui_type"><![CDATA[panel]]></property></element><element type="instance" name="panel_info" x="18" y="9" width="257.9" height="104.7" libraryItem="panel_info"><property name="ui_type"><![CDATA[panel]]></property></element><element type="image" name="back" width="277.5" height="277.5" libraryItem="backItem"/></libraryItem><libraryItem libraryName="offer_panel" itemType="movie clip" folder="" linkageClassName="offer_panel"><element type="text" name="txt_price" x="47" y="48.725" width="131.025" height="43.525" lineType="single line" orientation="horizontal"><textFormat size="37.5" face="Times New Roman" fillColor="#00cc00" alignment="center" bold="false" italic="false"/><textString><![CDATA[9999]]></textString></element><element type="instance" name="currency" x="5" y="55.775" width="0" height="0" libraryItem="currency_panel"><property name="ui_type"><![CDATA[currency]]></property></element><element type="instance" name="bt_buy" x="38.525" y="0.25" width="152.5" height="37.5" libraryItem="buttons/bt_add"><property name="ui_type"><![CDATA[button]]></property></element></libraryItem><libraryItem libraryName="panel_item" itemType="movie clip" folder="" linkageClassName="panel_item"><element type="text" name="txt_count" x="18" y="52" width="111.325" height="35.225" lineType="single line" orientation="horizontal"><textFormat size="30" face="Times New Roman" fillColor="#000000" alignment="center" bold="false" italic="false"/><textString><![CDATA[2555]]></textString></element><element type="instance" name="bt_use" width="152.5" height="37.5" libraryItem="buttons/ bt_use"><property name="ui_type"><![CDATA[button]]></property></element></libraryItem><libraryItem libraryName="count_panel" itemType="movie clip" folder="" linkageClassName="count_panel"><element type="instance" name="back" width="224.5" height="44.5" libraryItem="Растровое изображение 6"/></libraryItem><libraryItem libraryName="panel_info" itemType="movie clip" folder="" linkageClassName="panel_info"><element type="instance" name="bt_info" x="-10.925" y="73.7" width="29" height="31" libraryItem="buttons/bt_info"><property name="ui_type"><![CDATA[button]]></property></element><element type="text" name="txt_name" width="246.975" height="58.35" lineType="single line" orientation="horizontal"><textFormat size="25" face="Times New Roman" fillColor="#ff0000" alignment="center" bold="false" italic="false"/><textString><![CDATA[Умопомрачительноеприспособление]]></textString></element><element type="instance" name="img_item" x="30" y="64" width="0" height="0" libraryItem="image"><property name="ui_type"><![CDATA[image]]></property></element></libraryItem><libraryItem libraryName="currency_image" itemType="movie clip" folder="" linkageClassName="currency_image"><element type="shape" name="image_bounds" x="14.25" y="14.25" width="28.5" height="28.5" layerType="guide"/></libraryItem><libraryItem libraryName="currency_panel" itemType="movie clip" folder="" linkageClassName="currency_panel"><element type="instance" name="image" width="0" height="0" libraryItem="currency_image"><property name="ui_type"><![CDATA[image]]></property></element></libraryItem><libraryItem libraryName="dialog_panel" itemType="movie clip" folder="" linkageClassName="dialog_panel"/><libraryItem libraryName="energy" itemType="movie clip" folder="" linkageClassName="energy"><element type="image" name="energy_icon" x="22" y="22" width="0" height="0" libraryItem="energy_icon"/><element type="instance" name="energy_progress" x="44" width="3" height="0" libraryItem="progress"><property name="ui_type"><![CDATA[progress_bar]]></property><property name="progress_bar_fill"><![CDATA[stat_bg]]></property><property name="progress_bar_background"><![CDATA[stat]]></property><property name="progress_bar_minimum"><![CDATA[0]]></property><property name="progress_bar_maximum"><![CDATA[1]]></property></element></libraryItem><libraryItem libraryName="energy_icon" itemType="movie clip" folder="" linkageClassName="energy_icon"/><libraryItem libraryName="progress" itemType="movie clip" folder="" linkageClassName="progress"><element type="text" name="100/100" x="7.5" y="5" width="108" height="32.625" layerType="guide" lineType="single line" orientation="horizontal"><textFormat size="25" face="Arial" fillColor="#ffffff" alignment="center" bold="false" italic="false"/><textString><![CDATA[100/100]]></textString></element><element type="image" name="stat_bg" x="3" width="0" height="0" libraryItem="energy_stat_bg"/><element type="image" name="stat" width="0" height="0" libraryItem="energy_stat"/></libraryItem><libraryItem libraryName="energy_stat" itemType="movie clip" folder="" linkageClassName="energy_stat"><scalingGrid left="31" right="93" top="11" bottom="33"/></libraryItem><libraryItem libraryName="energy_stat_bg" itemType="movie clip" folder="" linkageClassName="energy_stat_bg"><scalingGrid left="15" right="17" top="20.475" bottom="22.475"/></libraryItem><libraryItem libraryName="gold" itemType="movie clip" folder="" linkageClassName="gold"><element type="text" name="gold_label" x="44" y="5.525" width="108" height="32.625" layerType="guide" lineType="single line" orientation="horizontal"><textFormat size="25" face="Arial" fillColor="#ffffff" alignment="center" bold="false" italic="false"/><textString><![CDATA[1234]]></textString></element><element type="image" name="gold_icon" width="0" height="0" libraryItem="gold_icon"/></libraryItem><libraryItem libraryName="gold_icon" itemType="movie clip" folder="" linkageClassName="gold_icon"/><libraryItem libraryName="image" itemType="movie clip" folder="" linkageClassName="image"><element type="shape" name="image_bounds" x="101.15" y="101.15" width="202.3" height="202.3" layerType="guide"/></libraryItem><libraryItem libraryName="labels_bar" itemType="movie clip" folder="" linkageClassName="labels_bar"/><libraryItem libraryName="level" itemType="movie clip" folder="" linkageClassName="level"><element type="instance" name="level_progress" x="82" width="3" height="0" libraryItem="progress"><property name="ui_type"><![CDATA[progress_bar]]></property><property name="progress_bar_fill"><![CDATA[stat_bg]]></property><property name="progress_bar_background"><![CDATA[stat]]></property><property name="progress_bar_minimum"><![CDATA[0]]></property><property name="progress_bar_maximum"><![CDATA[1]]></property></element><element type="image" name="level_icon" width="0" height="0" libraryItem="score_icon"/><element type="text" name="level_label" x="39" y="5.525" width="38.525" height="32.625" layerType="guide" lineType="single line" orientation="horizontal"><textFormat size="25" face="Arial" fillColor="#ffffff" alignment="center" bold="false" italic="false"/><textString><![CDATA[99]]></textString></element></libraryItem><libraryItem libraryName="score_icon" itemType="movie clip" folder="" linkageClassName="score_icon"/><libraryItem libraryName="listBox" itemType="movie clip" folder="" linkageClassName="listBox"/><libraryItem libraryName="listbox_panel" itemType="movie clip" folder="" linkageClassName="listbox_panel"><element type="instance" name="listbox_items" x="-60" y="-100" width="0" height="0" libraryItem="UIListBox"><property name="ui_type"><![CDATA[listbox]]></property><property name="listbox_layout_type"><![CDATA[tiled_rows]]></property><property name="listbox_layout_gap"><![CDATA[50]]></property><property name="listbox_item_renderer"><![CDATA[inventory_item]]></property></element><element type="image" name="item_back" width="165.5" height="85.25" scaleX="1.4329071044921875" scaleY="1.4329071044921875" libraryItem="item_back_clip"/><element type="shape" name="panel_bounds" x="465" y="269.5" width="1250" height="539.025" layerType="guide"/></libraryItem><libraryItem libraryName="UIListBox" itemType="movie clip" folder="" linkageClassName="UIListBox"><element type="shape" name="listbox_bounds" x="413.85" y="269.5" width="827.725" height="539.025" layerType="guide"/></libraryItem><libraryItem libraryName="listboxPanel" itemType="movie clip" folder="" linkageClassName="listboxPanel"/><libraryItem libraryName="name_label" itemType="movie clip" folder="" linkageClassName="name_label"/><libraryItem libraryName="panel_main" itemType="movie clip" folder="" linkageClassName="panel_main"><element type="instance" name="categories_panel" x="90.125" y="750" width="1075.1" height="178.3" libraryItem="categories_panel"><property name="ui_type"><![CDATA[panel]]></property></element><element type="instance" name="items_panel" x="216.325" y="158.25" width="225.5" height="185.25" libraryItem="listbox_panel"><property name="ui_type"><![CDATA[panel]]></property></element><element type="image" name="back" width="154.5" height="154.5" libraryItem="backimg"/><element type="shape" name="window_bounds" x="632.65" y="470.15" width="1265.3" height="940.325" layerType="guide"/></libraryItem><libraryItem libraryName="panelback" itemType="movie clip" folder="" linkageClassName="panelback"/><libraryItem libraryName="puzzle" itemType="movie clip" folder="" linkageClassName="puzzle"/><libraryItem libraryName="replic_panel" itemType="movie clip" folder="" linkageClassName="replic_panel"><element type="text" name="message_text" x="10.025" y="90.025" width="1250" height="57.375" layerType="guide" lineType="single line" orientation="horizontal"><textFormat size="37.5" face="Times New Roman" fillColor="#ffffff" alignment="center" bold="false" italic="false"/><textString><![CDATA[TEST]]></textString></element></libraryItem><libraryItem libraryName="scroll" itemType="movie clip" folder=""><element type="image" name="status" width="0" height="0" libraryItem="status"/></libraryItem><libraryItem libraryName="scroll_area" itemType="movie clip" folder="" linkageClassName="scroll_area"><element type="shape" name="rect:scroll_area_bounds" x="425" y="232.5" width="850" height="465" layerType="guide"/></libraryItem><libraryItem libraryName="status" itemType="movie clip" folder="" linkageClassName="status"/><libraryItem libraryName="status bg" itemType="movie clip" folder="" linkageClassName="statusbg"/><libraryItem libraryName="textPanel" itemType="movie clip" folder="" linkageClassName="textPanel"/><libraryItem libraryName="UICategoriesList" itemType="movie clip" folder="" linkageClassName="UICategoriesList"><element type="shape" name="rect:listbox_bounds" x="549" y="269.5" width="1098" height="539.025"/></libraryItem><libraryItem libraryName="window" itemType="movie clip" folder="" linkageClassName="window"><element type="instance" name="bt_close" x="1435.175" width="128" height="80" scaleX="2.064544677734375" scaleY="2.000030517578125" libraryItem="buttons/bt_close"><property name="ui_type"><![CDATA[button]]></property></element><element type="instance" name="categories_panel" x="264.125" y="750" width="1075.1" height="178.3" libraryItem="categories_panel"><property name="ui_type"><![CDATA[panel]]></property></element><element type="instance" name="items_panel" x="216.325" y="158.25" width="225.5" height="185.25" libraryItem="listbox_panel"><property name="ui_type"><![CDATA[panel]]></property></element><element type="image" name="back" width="154.5" height="154.5" libraryItem="backimg"/><element type="shape" name="window_bounds" x="753" y="500" width="1650" height="1000" layerType="guide"/></libraryItem><libraryItem libraryName="buttons/bt_add_h.png" itemType="bitmap" folder="buttons" bitmapIndex="0.png"><element type="instance" name="control_item" x="-2.5" y="-6.5" width="277.5" height="315.825" libraryItem="control_item"/><element type="instance" name="control_category" width="163.5" height="82.75" libraryItem="control_category"/><element type="instance" name="inventory_window" width="1563.125" height="928.125" scaleX="0.999969482421875" scaleY="0.9998016357421875" libraryItem="window"/></libraryItem><libraryItem libraryName="buttons/bt_add_n.png" itemType="bitmap" folder="buttons" bitmapIndex="1.png"><element type="instance" name="control_item" x="-2.5" y="-6.5" width="277.5" height="315.825" libraryItem="control_item"/><element type="instance" name="control_category" width="163.5" height="82.75" libraryItem="control_category"/><element type="instance" name="inventory_window" width="1563.125" height="928.125" scaleX="0.999969482421875" scaleY="0.9998016357421875" libraryItem="window"/></libraryItem><libraryItem libraryName="buttons/bt_add_p.png" itemType="bitmap" folder="buttons" bitmapIndex="2.png"><element type="instance" name="control_item" x="-2.5" y="-6.5" width="277.5" height="315.825" libraryItem="control_item"/><element type="instance" name="control_category" width="163.5" height="82.75" libraryItem="control_category"/><element type="instance" name="inventory_window" width="1563.125" height="928.125" scaleX="0.999969482421875" scaleY="0.9998016357421875" libraryItem="window"/></libraryItem><libraryItem libraryName="_ASSETS/bt_board_h.png" itemType="bitmap" folder="_ASSETS" bitmapIndex="3.png"><element type="instance" name="control_item" x="-2.5" y="-6.5" width="277.5" height="315.825" libraryItem="control_item"/><element type="instance" name="control_category" width="163.5" height="82.75" libraryItem="control_category"/><element type="instance" name="inventory_window" width="1563.125" height="928.125" scaleX="0.999969482421875" scaleY="0.9998016357421875" libraryItem="window"/></libraryItem><libraryItem libraryName="_ASSETS/bt_board_n.png" itemType="bitmap" folder="_ASSETS" bitmapIndex="4.png"><element type="instance" name="control_item" x="-2.5" y="-6.5" width="277.5" height="315.825" libraryItem="control_item"/><element type="instance" name="control_category" width="163.5" height="82.75" libraryItem="control_category"/><element type="instance" name="inventory_window" width="1563.125" height="928.125" scaleX="0.999969482421875" scaleY="0.9998016357421875" libraryItem="window"/></libraryItem><libraryItem libraryName="_ASSETS/bt_board_p.png" itemType="bitmap" folder="_ASSETS" bitmapIndex="5.png"><element type="instance" name="control_item" x="-2.5" y="-6.5" width="277.5" height="315.825" libraryItem="control_item"/><element type="instance" name="control_category" width="163.5" height="82.75" libraryItem="control_category"/><element type="instance" name="inventory_window" width="1563.125" height="928.125" scaleX="0.999969482421875" scaleY="0.9998016357421875" libraryItem="window"/></libraryItem><libraryItem libraryName="img7" itemType="bitmap" folder="" bitmapIndex="6.png"><element type="instance" name="control_item" x="-2.5" y="-6.5" width="277.5" height="315.825" libraryItem="control_item"/><element type="instance" name="control_category" width="163.5" height="82.75" libraryItem="control_category"/><element type="instance" name="inventory_window" width="1563.125" height="928.125" scaleX="0.999969482421875" scaleY="0.9998016357421875" libraryItem="window"/></libraryItem><libraryItem libraryName="Растровое изображение 1" itemType="bitmap" folder="" bitmapIndex="7.png"><element type="instance" name="control_item" x="-2.5" y="-6.5" width="277.5" height="315.825" libraryItem="control_item"/><element type="instance" name="control_category" width="163.5" height="82.75" libraryItem="control_category"/><element type="instance" name="inventory_window" width="1563.125" height="928.125" scaleX="0.999969482421875" scaleY="0.9998016357421875" libraryItem="window"/></libraryItem><libraryItem libraryName="Растровое изображение 10" itemType="bitmap" folder="" bitmapIndex="8.png"><element type="instance" name="control_item" x="-2.5" y="-6.5" width="277.5" height="315.825" libraryItem="control_item"/><element type="instance" name="control_category" width="163.5" height="82.75" libraryItem="control_category"/><element type="instance" name="inventory_window" width="1563.125" height="928.125" scaleX="0.999969482421875" scaleY="0.9998016357421875" libraryItem="window"/></libraryItem><libraryItem libraryName="Растровое изображение 11" itemType="bitmap" folder="" bitmapIndex="9.png"><element type="instance" name="control_item" x="-2.5" y="-6.5" width="277.5" height="315.825" libraryItem="control_item"/><element type="instance" name="control_category" width="163.5" height="82.75" libraryItem="control_category"/><element type="instance" name="inventory_window" width="1563.125" height="928.125" scaleX="0.999969482421875" scaleY="0.9998016357421875" libraryItem="window"/></libraryItem><libraryItem libraryName="Растровое изображение 12" itemType="bitmap" folder="" bitmapIndex="10.png"><element type="instance" name="control_item" x="-2.5" y="-6.5" width="277.5" height="315.825" libraryItem="control_item"/><element type="instance" name="control_category" width="163.5" height="82.75" libraryItem="control_category"/><element type="instance" name="inventory_window" width="1563.125" height="928.125" scaleX="0.999969482421875" scaleY="0.9998016357421875" libraryItem="window"/></libraryItem><libraryItem libraryName="Растровое изображение 13" itemType="bitmap" folder="" bitmapIndex="11.png"><element type="instance" name="control_item" x="-2.5" y="-6.5" width="277.5" height="315.825" libraryItem="control_item"/><element type="instance" name="control_category" width="163.5" height="82.75" libraryItem="control_category"/><element type="instance" name="inventory_window" width="1563.125" height="928.125" scaleX="0.999969482421875" scaleY="0.9998016357421875" libraryItem="window"/></libraryItem><libraryItem libraryName="Растровое изображение 2" itemType="bitmap" folder="" bitmapIndex="12.png"><element type="instance" name="control_item" x="-2.5" y="-6.5" width="277.5" height="315.825" libraryItem="control_item"/><element type="instance" name="control_category" width="163.5" height="82.75" libraryItem="control_category"/><element type="instance" name="inventory_window" width="1563.125" height="928.125" scaleX="0.999969482421875" scaleY="0.9998016357421875" libraryItem="window"/></libraryItem><libraryItem libraryName="Растровое изображение 3" itemType="bitmap" folder="" bitmapIndex="13.png"><element type="instance" name="control_item" x="-2.5" y="-6.5" width="277.5" height="315.825" libraryItem="control_item"/><element type="instance" name="control_category" width="163.5" height="82.75" libraryItem="control_category"/><element type="instance" name="inventory_window" width="1563.125" height="928.125" scaleX="0.999969482421875" scaleY="0.9998016357421875" libraryItem="window"/></libraryItem><libraryItem libraryName="Растровое изображение 4" itemType="bitmap" folder="" bitmapIndex="14.png"><element type="instance" name="control_item" x="-2.5" y="-6.5" width="277.5" height="315.825" libraryItem="control_item"/><element type="instance" name="control_category" width="163.5" height="82.75" libraryItem="control_category"/><element type="instance" name="inventory_window" width="1563.125" height="928.125" scaleX="0.999969482421875" scaleY="0.9998016357421875" libraryItem="window"/></libraryItem><libraryItem libraryName="Растровое изображение 5" itemType="bitmap" folder="" bitmapIndex="15.png"><element type="instance" name="control_item" x="-2.5" y="-6.5" width="277.5" height="315.825" libraryItem="control_item"/><element type="instance" name="control_category" width="163.5" height="82.75" libraryItem="control_category"/><element type="instance" name="inventory_window" width="1563.125" height="928.125" scaleX="0.999969482421875" scaleY="0.9998016357421875" libraryItem="window"/></libraryItem><libraryItem libraryName="Растровое изображение 6" itemType="bitmap" folder="" bitmapIndex="16.png"><element type="instance" name="control_item" x="-2.5" y="-6.5" width="277.5" height="315.825" libraryItem="control_item"/><element type="instance" name="control_category" width="163.5" height="82.75" libraryItem="control_category"/><element type="instance" name="inventory_window" width="1563.125" height="928.125" scaleX="0.999969482421875" scaleY="0.9998016357421875" libraryItem="window"/></libraryItem><libraryItem libraryName="Растровое изображение 7" itemType="bitmap" folder="" bitmapIndex="17.png"><element type="instance" name="control_item" x="-2.5" y="-6.5" width="277.5" height="315.825" libraryItem="control_item"/><element type="instance" name="control_category" width="163.5" height="82.75" libraryItem="control_category"/><element type="instance" name="inventory_window" width="1563.125" height="928.125" scaleX="0.999969482421875" scaleY="0.9998016357421875" libraryItem="window"/></libraryItem><libraryItem libraryName="Растровое изображение 8" itemType="bitmap" folder="" bitmapIndex="18.png"><element type="instance" name="control_item" x="-2.5" y="-6.5" width="277.5" height="315.825" libraryItem="control_item"/><element type="instance" name="control_category" width="163.5" height="82.75" libraryItem="control_category"/><element type="instance" name="inventory_window" width="1563.125" height="928.125" scaleX="0.999969482421875" scaleY="0.9998016357421875" libraryItem="window"/></libraryItem><libraryItem libraryName="Растровое изображение 9" itemType="bitmap" folder="" bitmapIndex="19.png"><element type="instance" name="control_item" x="-2.5" y="-6.5" width="277.5" height="315.825" libraryItem="control_item"/><element type="instance" name="control_category" width="163.5" height="82.75" libraryItem="control_category"/><element type="instance" name="inventory_window" width="1563.125" height="928.125" scaleX="0.999969482421875" scaleY="0.9998016357421875" libraryItem="window"/></libraryItem></xmlui>