<?xml version="1.0" encoding="UTF-8"?>
<!-- Created with TexturePacker http://www.codeandweb.com/texturepacker-->
<!-- $TexturePacker:SmartUpdate:789a9f15e3a3703f0265e17372a0b284:dec7227508972dc1767d0f061b75f00b:b0270681d1bcf35d65fbbab6eeddf13f$ -->
<TextureAtlas imagePath="out.png" width="491" height="598">
    <SubTexture name="0" x="180" y="44" width="44" height="44"/>
    <SubTexture name="1" x="228" y="44" width="44" height="44"/>
    <SubTexture name="2" x="132" y="44" width="44" height="44"/>
    <SubTexture name="3" x="0" y="44" width="62" height="40"/>
    <SubTexture name="4" x="66" y="44" width="62" height="40"/>
    <SubTexture name="5" x="407" y="0" width="62" height="40"/>
    <SubTexture name="6" x="0" y="320" width="155" height="155"/>
    <SubTexture name="7" x="299" y="165" width="151" height="151"/>
    <SubTexture name="8" x="0" y="0" width="26" height="28"/>
    <SubTexture name="9" x="349" y="92" width="69" height="69"/>
    <SubTexture name="10" x="0" y="165" width="146" height="83"/>
    <SubTexture name="11" x="94" y="0" width="152" height="37"/>
    <SubTexture name="12" x="229" y="92" width="116" height="60"/>
    <SubTexture name="13" x="150" y="165" width="145" height="83"/>
    <SubTexture name="14" x="159" y="320" width="278" height="278"/>
    <SubTexture name="15" x="250" y="0" width="153" height="38"/>
    <SubTexture name="16" x="0" y="92" width="225" height="45"/>
    <SubTexture name="17" x="61" y="0" width="29" height="31"/>
    <SubTexture name="18" x="30" y="0" width="27" height="29"/>
    <SubTexture name="19" x="422" y="92" width="69" height="69"/>
</TextureAtlas>
