<xmlui><libraryItem libraryName="_ASSETS" itemType="folder"><element type="instance" name="control" width="238.025" height="210.0375" scaleY="0.9999847412109375" libraryItem="Control"/></libraryItem><libraryItem libraryName="buttons" itemType="folder"><element type="instance" name="control" width="238.025" height="210.0375" scaleY="0.9999847412109375" libraryItem="Control"/></libraryItem><libraryItem libraryName="bg" itemType="movie clip" linkageClassName="bg"><element type="instance" name="Layer 1" width="238.025" height="210.0375" scaleX="5.23138427734375" scaleY="2.50042724609375" libraryItem="_ASSETS/bg_enter.png"/></libraryItem><libraryItem libraryName="buttons/ bt_cancel" itemType="movie clip" linkageClassName="bt_cancel"><element type="text" name="_label" x="30" y="4.5" width="75" height="26.125" lineType="single line" orientation="horizontal"><textFormat size="22.5" face="Arial" fillColor="#ffffff" alignment="center" bold="false" italic="false"/><textString><![CDATA[25]]></textString></element><element type="image" name="_out" width="110" height="35" libraryItem="buttons/cancel n"/><element type="image" name="_over" width="110" height="35" libraryItem="buttons/cancel h"/><element type="image" name="_down" width="110" height="35" libraryItem="buttons/cancel p"/></libraryItem><libraryItem libraryName="buttons/cancel n" itemType="movie clip" linkageClassName="canceln"><element type="instance" name="Layer 1" width="110" height="35" libraryItem="_ASSETS/bt_enter2_n.png"/></libraryItem><libraryItem libraryName="buttons/cancel h" itemType="movie clip" linkageClassName="cancelh"><element type="instance" name="Layer 1" width="110" height="35" libraryItem="_ASSETS/bt_enter2_h.png"/></libraryItem><libraryItem libraryName="buttons/cancel p" itemType="movie clip" linkageClassName="cancelp"><element type="instance" name="Layer 1" width="110" height="35" libraryItem="_ASSETS/bt_enter2_p.png"/></libraryItem><libraryItem libraryName="buttons/bt close h" itemType="movie clip" linkageClassName="btcloseh"><element type="instance" name="Layer 1" width="31" height="20" libraryItem="_ASSETS/bt_board_h.png"/></libraryItem><libraryItem libraryName="buttons/bt close n" itemType="movie clip" linkageClassName="btclosen"><element type="instance" name="Layer 1" width="31" height="20" libraryItem="_ASSETS/bt_board_n.png"/></libraryItem><libraryItem libraryName="buttons/bt close p" itemType="movie clip" linkageClassName="btclosep"><element type="instance" name="Layer 1" width="31" height="20" libraryItem="_ASSETS/bt_board_p.png"/></libraryItem><libraryItem libraryName="buttons/bt_arrow" itemType="movie clip" linkageClassName="bt_arrow"/><libraryItem libraryName="buttons/bt_close" itemType="movie clip" linkageClassName="bt_close"><element type="image" name="_out" width="31" height="20" libraryItem="buttons/bt close n"/><element type="image" name="_over" width="31" height="20" libraryItem="buttons/bt close h"/><element type="image" name="_down" width="31" height="20" libraryItem="buttons/bt close p"/></libraryItem><libraryItem libraryName="buttons/bt_enter" itemType="movie clip" linkageClassName="bt_enter"><element type="text" name="_label" x="30" y="4.5" width="75" height="26.125" lineType="single line" orientation="horizontal"><textFormat size="22.5" face="Arial" fillColor="#ffffff" alignment="center" bold="false" italic="false"/><textString><![CDATA[25]]></textString></element><element type="image" name="_out" width="110" height="35" libraryItem="buttons/enter n"/><element type="image" name="_over" width="110" height="35" libraryItem="buttons/enter h"/><element type="image" name="_down" width="110" height="35" libraryItem="buttons/enter p"/></libraryItem><libraryItem libraryName="buttons/enter n" itemType="movie clip" linkageClassName="entern"><element type="instance" name="Layer 1" width="110" height="35" libraryItem="_ASSETS/bt_enter2_n.png"/></libraryItem><libraryItem libraryName="buttons/enter h" itemType="movie clip" linkageClassName="enterh"><element type="instance" name="Layer 1" width="110" height="35" libraryItem="_ASSETS/bt_enter2_h.png"/></libraryItem><libraryItem libraryName="buttons/enter p" itemType="movie clip" linkageClassName="enterp"><element type="instance" name="Layer 1" width="110" height="35" libraryItem="_ASSETS/bt_enter2_p.png"/></libraryItem><libraryItem libraryName="buttons/bt_night" itemType="movie clip" linkageClassName="bt_night"><element type="image" name="_out" width="22" height="22" libraryItem="buttons/night h"/><element type="image" name="_over" width="22" height="22" libraryItem="buttons/night h"/><element type="image" name="_down" width="22" height="22" libraryItem="buttons/night p"/><element type="image" name="_disable" width="22" height="22" libraryItem="buttons/night d"/></libraryItem><libraryItem libraryName="buttons/night h" itemType="movie clip" linkageClassName="nighth"><element type="instance" name="Layer 1" width="22" height="22" libraryItem="_ASSETS/icon_night.png"/></libraryItem><libraryItem libraryName="buttons/night p" itemType="movie clip" linkageClassName="nightp"><element type="instance" name="Layer 1" width="22" height="22" libraryItem="_ASSETS/icon_night.png"/></libraryItem><libraryItem libraryName="buttons/night d" itemType="movie clip" linkageClassName="nightd"><element type="instance" name="Layer 1" width="22" height="22" libraryItem="_ASSETS/icon_night.png"/></libraryItem><libraryItem libraryName="buttons/bt_shadows" itemType="movie clip" linkageClassName="bt_shadows"><element type="image" name="_out" width="22" height="22" libraryItem="buttons/shadow n"/><element type="image" name="_over" width="22" height="22" libraryItem="buttons/shadow h"/><element type="image" name="_down" width="22" height="22" libraryItem="buttons/shadow p"/><element type="image" name="_disable" width="22" height="22" libraryItem="buttons/shadow d"/></libraryItem><libraryItem libraryName="buttons/shadow n" itemType="movie clip" linkageClassName="shadown"><element type="instance" name="Layer 1" width="22" height="22" libraryItem="_ASSETS/icon_shadows.png"/></libraryItem><libraryItem libraryName="buttons/shadow h" itemType="movie clip" linkageClassName="shadowh"><element type="instance" name="Layer 1" width="22" height="22" libraryItem="_ASSETS/icon_shadows.png"/></libraryItem><libraryItem libraryName="buttons/shadow p" itemType="movie clip" linkageClassName="shadowp"><element type="instance" name="Layer 1" width="22" height="22" libraryItem="_ASSETS/icon_shadows.png"/></libraryItem><libraryItem libraryName="buttons/shadow d" itemType="movie clip" linkageClassName="shadowd"><element type="instance" name="Layer 1" width="22" height="22" libraryItem="_ASSETS/icon_shadows.png"/></libraryItem><libraryItem libraryName="buttons/bt_time" itemType="movie clip"><element type="image" name="_out" width="22" height="22" libraryItem="buttons/time n"/><element type="image" name="_over" width="22" height="22" libraryItem="buttons/time h"/><element type="image" name="_down" width="22" height="22" libraryItem="buttons/time p"/></libraryItem><libraryItem libraryName="buttons/bt_words" itemType="movie clip" linkageClassName="bt_words"><element type="image" name="_out" width="22" height="22" libraryItem="buttons/words n"/><element type="image" name="_over" width="22" height="22" libraryItem="buttons/words h"/><element type="image" name="_down" width="22" height="22" libraryItem="buttons/words p"/><element type="image" name="_disable" width="22" height="22" libraryItem="buttons/words d"/></libraryItem><libraryItem libraryName="buttons/words n" itemType="movie clip" linkageClassName="wordsn"><element type="instance" name="Layer 1" width="22" height="22" libraryItem="_ASSETS/icon_words.png"/></libraryItem><libraryItem libraryName="buttons/words h" itemType="movie clip" linkageClassName="wordsh"><element type="instance" name="Layer 1" width="22" height="22" libraryItem="_ASSETS/icon_words.png"/></libraryItem><libraryItem libraryName="buttons/words p" itemType="movie clip" linkageClassName="wordsp"><element type="instance" name="Layer 1" width="22" height="22" libraryItem="_ASSETS/icon_words.png"/></libraryItem><libraryItem libraryName="buttons/words d" itemType="movie clip" linkageClassName="wordsd"><element type="instance" name="Layer 1" width="22" height="22" libraryItem="_ASSETS/icon_words.png"/></libraryItem><libraryItem libraryName="buttons/bt_zoom" itemType="movie clip" linkageClassName="bt_zoom"><element type="image" name="_out" width="22" height="22" libraryItem="buttons/zoom n"/><element type="image" name="_over" width="22" height="22" libraryItem="buttons/zoom h"/><element type="image" name="_down" width="22" height="22" libraryItem="buttons/zoom p"/></libraryItem><libraryItem libraryName="buttons/zoom n" itemType="movie clip" linkageClassName="zoomn"><element type="instance" name="Layer 1" width="22" height="22" libraryItem="_ASSETS/icon_zoomenter.png"/></libraryItem><libraryItem libraryName="buttons/zoom h" itemType="movie clip" linkageClassName="zoomh"><element type="instance" name="Layer 1" width="22" height="22" libraryItem="_ASSETS/icon_zoomenter.png"/></libraryItem><libraryItem libraryName="buttons/zoom p" itemType="movie clip" linkageClassName="zoomp"><element type="instance" name="Layer 1" width="22" height="22" libraryItem="_ASSETS/icon_zoomenter.png"/></libraryItem><libraryItem libraryName="buttons/confirm_button" itemType="movie clip" linkageClassName="confirm_button"><element type="instance" name="confirm_button" width="110" height="35" libraryItem="buttons/bt_enter"><property name="ui_type"><![CDATA[button]]></property></element></libraryItem><libraryItem libraryName="buttons/night n" itemType="movie clip" linkageClassName="nightn"><element type="instance" name="Layer 1" width="22" height="22" libraryItem="_ASSETS/icon_night.png"/></libraryItem><libraryItem libraryName="buttons/simple_button" itemType="movie clip" linkageClassName="simple_button"><element type="instance" name="simple_button" width="110" height="35" libraryItem="buttons/ bt_cancel"><property name="ui_type"><![CDATA[button]]></property></element></libraryItem><libraryItem libraryName="buttons/time h" itemType="movie clip" linkageClassName="timeh"><element type="instance" name="Слой 1" width="22" height="22" libraryItem="_ASSETS/icon_minienter.png"/></libraryItem><libraryItem libraryName="buttons/time n" itemType="movie clip" linkageClassName="timen"><element type="instance" name="Слой 1" width="22" height="22" libraryItem="_ASSETS/icon_minienter.png"/></libraryItem><libraryItem libraryName="buttons/time p" itemType="movie clip" linkageClassName="timep"><element type="instance" name="Слой 1" width="22" height="22" libraryItem="_ASSETS/icon_minienter.png"/></libraryItem><libraryItem libraryName="cont" itemType="movie clip" linkageClassName="cont"><element type="instance" name="Слой 1" width="124.25" height="26.65" scaleY="0.1689453125" libraryItem="Растровое изображение 1"/></libraryItem><libraryItem libraryName="container" itemType="movie clip" linkageClassName="bounds"><element type="image" name="container" width="176.7625" height="26.65" scaleX="1.4226531982421875" libraryItem="cont"/></libraryItem><libraryItem libraryName="Control" itemType="movie clip" linkageClassName="control"><element type="instance" name="image" x="74.5875" y="56.1875" width="0" height="0" rotation="-3.46746826171875" scaleX="1.0000152587890625" scaleY="1.0000152587890625" libraryItem="item"><property name="ui_type"><![CDATA[image]]></property></element><element type="text" name="tf_amount" x="17.525" y="161.2" width="54.4875" height="29.425" lineType="multiline" orientation="horizontal"><textFormat size="12.5" face="Arial" fillColor="#1c436c" alignment="center" bold="false" italic="false"/><textString><![CDATA[progress]]></textString></element><element type="text" name="tf_progress" x="166.0625" y="161.1375" width="54.4875" height="29.4875" lineType="multiline" orientation="horizontal"><textFormat size="12.5" face="Arial" fillColor="#1c436c" alignment="center" bold="false" italic="false"/><textString><![CDATA[amount]]></textString></element><element type="text" name="tf_description" x="74.5875" y="103.2125" width="100" height="19.8125" lineType="multiline" orientation="horizontal"><textFormat size="12.5" face="Arial" fillColor="#1c436c" alignment="center" bold="false" italic="false"/><textString><![CDATA[Description]]></textString></element><element type="image" name="panel_bg" width="238.025" height="210.0375" libraryItem="bg"/></libraryItem><libraryItem libraryName="item" itemType="movie clip" linkageClassName="item"><element type="shape" name="rect:image_bounds" x="37.95" y="25.9625" width="80.725" height="51.4625"/></libraryItem><libraryItem libraryName="energy" itemType="movie clip" linkageClassName="energy"><element type="instance" name="Layer 1" width="22" height="22" libraryItem="_ASSETS/icon_energy.png"/></libraryItem><libraryItem libraryName="energyLabel" itemType="movie clip" linkageClassName="energyLabel"><element type="image" name="icon" y="1.75" width="22" height="22" libraryItem="energy"/><element type="text" name="text" x="20" width="23.7375" height="23.3375" lineType="single line" orientation="horizontal"><textFormat size="20" face="Arial" fillColor="#ffffff" alignment="left" bold="false" italic="false"/><textString><![CDATA[10]]></textString></element></libraryItem><libraryItem libraryName="mainWindow" itemType="movie clip" linkageClassName="main"/><libraryItem libraryName="mask" itemType="movie clip" linkageClassName="mask"><element type="instance" name="Layer 1" width="36" height="35.975" scaleX="0.9999237060546875" scaleY="0.999298095703125" libraryItem="circle3333.png"/></libraryItem><libraryItem libraryName="puzzle" itemType="movie clip" linkageClassName="puzzle"><element type="instance" name="Layer 1" width="22" height="22" libraryItem="_ASSETS/icon_puzzle.png"/></libraryItem><libraryItem libraryName="roomModePanel" itemType="movie clip" linkageClassName="roomModePanel"><element type="instance" name="mode_words" width="22" height="22" libraryItem="buttons/bt_words"><property name="ui_type"><![CDATA[button]]></property></element><element type="instance" name="mode_shadows" x="22" width="22" height="22" libraryItem="buttons/bt_shadows"><property name="ui_type"><![CDATA[button]]></property></element><element type="instance" name="mode_night" x="44" width="22" height="22" libraryItem="buttons/bt_night"><property name="ui_type"><![CDATA[button]]></property></element><element type="instance" name="mode_time" x="66" width="22" height="22" libraryItem="buttons/bt_time"><property name="ui_type"><![CDATA[button]]></property></element><element type="instance" name="mode_zoom" x="88" width="22" height="22" libraryItem="buttons/bt_zoom"><property name="ui_type"><![CDATA[button]]></property></element></libraryItem><libraryItem libraryName="selected_mode" itemType="movie clip" linkageClassName="selected_mode"><element type="image" name="Слой 1" frame="words" width="22" height="22" libraryItem="buttons/words n"/><element type="image" name="Слой 1" frame="shadows" width="22" height="22" libraryItem="buttons/shadow n"/><element type="image" name="Слой 1" frame="night" width="22" height="22" libraryItem="buttons/night n"/><element type="image" name="Слой 1" frame="time_mode" width="22" height="22" libraryItem="buttons/time n"/><element type="image" name="Слой 1" frame="zoom_mode" width="22" height="22" libraryItem="buttons/zoom n"/></libraryItem><libraryItem libraryName="status" itemType="movie clip" linkageClassName="status"><element type="image" name="puzzle" x="8.75" y="6.5" width="22" height="22" libraryItem="puzzle"/><element type="image" name="radial_marker" width="36" height="36" libraryItem="status2"/><element type="image" name="status1" width="36" height="36" libraryItem="status1"/><element type="image" name="mask" width="36" height="35.975" libraryItem="mask"/></libraryItem><libraryItem libraryName="status2" itemType="movie clip" linkageClassName="status2"><element type="instance" name="Layer 1" width="36" height="36" libraryItem="_ASSETS/puzzle_status_2.png"/></libraryItem><libraryItem libraryName="status1" itemType="movie clip" linkageClassName="status1"><element type="instance" name="Layer 1" width="36" height="36" libraryItem="_ASSETS/puzzle_status_1.png"/></libraryItem><libraryItem libraryName="_ASSETS/bg_enter.png" itemType="bitmap" bitmapIndex="0.png"><element type="instance" name="control" width="238.025" height="210.0375" scaleY="0.9999847412109375" libraryItem="Control"/></libraryItem><libraryItem libraryName="_ASSETS/bt_board_h.png" itemType="bitmap" bitmapIndex="1.png"><element type="instance" name="control" width="238.025" height="210.0375" scaleY="0.9999847412109375" libraryItem="Control"/></libraryItem><libraryItem libraryName="_ASSETS/bt_board_n.png" itemType="bitmap" bitmapIndex="2.png"><element type="instance" name="control" width="238.025" height="210.0375" scaleY="0.9999847412109375" libraryItem="Control"/></libraryItem><libraryItem libraryName="_ASSETS/bt_board_p.png" itemType="bitmap" bitmapIndex="3.png"><element type="instance" name="control" width="238.025" height="210.0375" scaleY="0.9999847412109375" libraryItem="Control"/></libraryItem><libraryItem libraryName="_ASSETS/bt_enter2_h.png" itemType="bitmap" bitmapIndex="4.png"><element type="instance" name="control" width="238.025" height="210.0375" scaleY="0.9999847412109375" libraryItem="Control"/></libraryItem><libraryItem libraryName="_ASSETS/bt_enter2_n.png" itemType="bitmap" bitmapIndex="5.png"><element type="instance" name="control" width="238.025" height="210.0375" scaleY="0.9999847412109375" libraryItem="Control"/></libraryItem><libraryItem libraryName="_ASSETS/bt_enter2_p.png" itemType="bitmap" bitmapIndex="6.png"><element type="instance" name="control" width="238.025" height="210.0375" scaleY="0.9999847412109375" libraryItem="Control"/></libraryItem><libraryItem libraryName="circle3333.png" itemType="bitmap" bitmapIndex="7.png"><element type="instance" name="control" width="238.025" height="210.0375" scaleY="0.9999847412109375" libraryItem="Control"/></libraryItem><libraryItem libraryName="_ASSETS/icon_energy.png" itemType="bitmap" bitmapIndex="8.png"><element type="instance" name="control" width="238.025" height="210.0375" scaleY="0.9999847412109375" libraryItem="Control"/></libraryItem><libraryItem libraryName="_ASSETS/icon_minienter.png" itemType="bitmap" bitmapIndex="9.png"><element type="instance" name="control" width="238.025" height="210.0375" scaleY="0.9999847412109375" libraryItem="Control"/></libraryItem><libraryItem libraryName="_ASSETS/icon_night.png" itemType="bitmap" bitmapIndex="10.png"><element type="instance" name="control" width="238.025" height="210.0375" scaleY="0.9999847412109375" libraryItem="Control"/></libraryItem><libraryItem libraryName="_ASSETS/icon_puzzle.png" itemType="bitmap" bitmapIndex="11.png"><element type="instance" name="control" width="238.025" height="210.0375" scaleY="0.9999847412109375" libraryItem="Control"/></libraryItem><libraryItem libraryName="_ASSETS/icon_shadows.png" itemType="bitmap" bitmapIndex="12.png"><element type="instance" name="control" width="238.025" height="210.0375" scaleY="0.9999847412109375" libraryItem="Control"/></libraryItem><libraryItem libraryName="_ASSETS/icon_words.png" itemType="bitmap" bitmapIndex="13.png"><element type="instance" name="control" width="238.025" height="210.0375" scaleY="0.9999847412109375" libraryItem="Control"/></libraryItem><libraryItem libraryName="_ASSETS/icon_zoomenter.png" itemType="bitmap" bitmapIndex="14.png"><element type="instance" name="control" width="238.025" height="210.0375" scaleY="0.9999847412109375" libraryItem="Control"/></libraryItem><libraryItem libraryName="_ASSETS/puzzle_status_1.png" itemType="bitmap" bitmapIndex="15.png"><element type="instance" name="control" width="238.025" height="210.0375" scaleY="0.9999847412109375" libraryItem="Control"/></libraryItem><libraryItem libraryName="_ASSETS/puzzle_status_2.png" itemType="bitmap" bitmapIndex="16.png"><element type="instance" name="control" width="238.025" height="210.0375" scaleY="0.9999847412109375" libraryItem="Control"/></libraryItem><libraryItem libraryName="Растровое изображение 1" itemType="bitmap" bitmapIndex="17.png"><element type="instance" name="control" width="238.025" height="210.0375" scaleY="0.9999847412109375" libraryItem="Control"/></libraryItem></xmlui>