<?xml version="1.0" encoding="UTF-8"?>
<!-- Created with TexturePacker http://www.codeandweb.com/texturepacker-->
<!-- $TexturePacker:SmartUpdate:c79a18fc01101a4d3a24d76f207ef1af:02f1c3079d50dca03d57a6c0c9d3f696:b0270681d1bcf35d65fbbab6eeddf13f$ -->
<TextureAtlas imagePath="out.png" width="128" height="493">
    <SubTexture name="0" x="0" y="0" width="46" height="84"/>
    <SubTexture name="1" x="50" y="0" width="31" height="20"/>
    <SubTexture name="10" x="85" y="0" width="22" height="22"/>
    <SubTexture name="11" x="0" y="88" width="22" height="22"/>
    <SubTexture name="12" x="26" y="88" width="22" height="22"/>
    <SubTexture name="13" x="52" y="88" width="22" height="22"/>
    <SubTexture name="14" x="78" y="88" width="22" height="22"/>
    <SubTexture name="15" x="0" y="114" width="36" height="36"/>
    <SubTexture name="16" x="40" y="114" width="36" height="36"/>
    <SubTexture name="17" x="0" y="154" width="124" height="158"/>
    <SubTexture name="2" x="0" y="316" width="31" height="20"/>
    <SubTexture name="3" x="35" y="316" width="31" height="20"/>
    <SubTexture name="4" x="0" y="340" width="110" height="35"/>
    <SubTexture name="5" x="0" y="379" width="110" height="35"/>
    <SubTexture name="6" x="0" y="418" width="110" height="35"/>
    <SubTexture name="7" x="0" y="457" width="36" height="36"/>
    <SubTexture name="8" x="40" y="457" width="22" height="22"/>
    <SubTexture name="9" x="66" y="457" width="22" height="22"/>
</TextureAtlas>
