{"textureFormat": "atf", "frameRate": 48, "movies": [{"layers": [{"name": "origin", "keyframes": [{"loc": [640, 384], "index": 0, "tweened": false, "duration": 1, "pivot": [640, 384], "ref": "~original"}]}], "id": "Room_back"}, {"layers": [{"name": "bird", "keyframes": [{"loc": [469.9255, 224.2244], "scale": [0.08, 0.0777], "index": 0, "duration": 299, "pivot": [26.875, 22.85], "ref": "~bird_a"}, {"loc": [689.1005, 229.6994], "scale": [0.08, 0.0777], "index": 299, "duration": 31, "pivot": [26.875, 22.85], "ref": "~bird_a"}, {"loc": [689.1005, 229.6994], "scale": [0.08, 0.0777], "index": 330, "duration": 1, "pivot": [26.875, 22.85], "ref": "~bird_a"}]}], "id": "~bird1_a"}, {"layers": [{"name": "bird", "keyframes": [{"loc": [692.8756, 240.7244], "scale": [0.0717, 0.0777], "index": 0, "skew": [0, 3.1416], "duration": 299, "pivot": [26.85, 22.85], "ref": "~bird_a"}, {"loc": [496.5507, 246.1994], "scale": [0.0717, 0.0777], "index": 299, "skew": [0, 3.1416], "duration": 65, "pivot": [26.85, 22.85], "ref": "~bird_a"}, {"loc": [496.5507, 246.1994], "scale": [0.0717, 0.0777], "index": 364, "skew": [0, 3.1416], "duration": 50, "pivot": [26.85, 22.85], "ref": "~bird_a"}, {"loc": [496.5507, 246.1994], "scale": [0.0717, 0.0777], "index": 414, "skew": [0, 3.1416], "duration": 165, "pivot": [26.85, 22.85], "ref": "~bird_a"}, {"loc": [496.5507, 246.1994], "scale": [0.0717, 0.0777], "index": 579, "skew": [0, 3.1416], "duration": 1, "pivot": [26.85, 22.85], "ref": "~bird_a"}]}], "id": "~bird2_a"}, {"layers": [{"name": "wing2", "keyframes": [{"duration": 11, "index": 0, "pivot": [9.25, 23.825], "ref": "wig1_a2", "loc": [32.95, 33.5]}, {"loc": [32.9564, 32.2744], "scale": [1, 0.0252], "index": 11, "skew": [-0.0734, -0.0735], "duration": 1, "pivot": [9.225, 24.35], "ref": "wig1_a2"}, {"loc": [29.8, 31.7502], "scale": [1, 0.0513], "index": 12, "duration": 12, "pivot": [10.2, 3.9], "ref": "wing1_a1"}, {"loc": [29.3028, 34.3261], "scale": [1, 0.6177], "index": 24, "skew": [0.0387, 0.0387], "duration": 16, "pivot": [10.2, 3.825], "ref": "wing1_a1"}, {"loc": [32.95, 34.8501], "scale": [1, 0.0252], "index": 40, "duration": 1, "pivot": [9.25, 24.175], "ref": "wig1_a2"}, {"loc": [32.95, 33.5001], "scale": [1, 0.0252], "index": 41, "duration": 33, "pivot": [9.25, 24.175], "ref": "wig1_a2"}, {"loc": [32.95, 33.5025], "scale": [1, 0.2225], "index": 74, "duration": 22, "pivot": [9.25, 23.825], "ref": "wig1_a2"}, {"loc": [32.914, 33.6462], "scale": [1, 0.3254], "index": 96, "skew": [0.0253, 0.0253], "duration": 19, "pivot": [9.225, 23.85], "ref": "wig1_a2"}, {"loc": [32.95, 33.5], "scale": [1, 0.2288], "index": 115, "duration": 19, "pivot": [9.25, 23.85], "ref": "wig1_a2"}, {"duration": 1, "index": 134, "pivot": [9.25, 23.825], "ref": "wig1_a2", "loc": [32.95, 33.5]}]}, {"name": "body", "keyframes": [{"duration": 11, "index": 0, "pivot": [27.4, 6.425], "ref": "body", "loc": [30.775, 34.9]}, {"loc": [30.8474, 32.489], "index": 11, "skew": [-0.0735, -0.0735], "duration": 1, "pivot": [27.425, 6.4], "ref": "body"}, {"loc": [30.8243, 32.2158], "index": 12, "skew": [-0.0735, -0.0735], "duration": 12, "pivot": [27.4, 6.425], "ref": "body"}, {"loc": [31.0341, 35.118], "index": 24, "skew": [0.0387, 0.0387], "duration": 16, "pivot": [27.45, 6.425], "ref": "body"}, {"duration": 56, "index": 40, "pivot": [27.4, 6.425], "ref": "body", "loc": [30.775, 34.9]}, {"loc": [30.7244, 34.9993], "index": 96, "skew": [0.0253, 0.0253], "duration": 19, "pivot": [27.4, 6.425], "ref": "body"}, {"duration": 19, "index": 115, "pivot": [27.4, 6.425], "ref": "body", "loc": [30.775, 34.9]}, {"duration": 1, "index": 134, "pivot": [27.4, 6.425], "ref": "body", "loc": [30.775, 34.9]}]}, {"name": "wing1", "keyframes": [{"loc": [28.475, 12.7191], "scale": [1, 0.8914], "index": 0, "skew": [-3.1416, 0], "duration": 11, "pivot": [8.875, 27.625], "ref": "wing1_a1"}, {"loc": [28.9851, 31.1992], "scale": [1, 0.0243], "index": 11, "skew": [-3.2152, -0.0735], "duration": 1, "pivot": [8.85, 28.025], "ref": "wing1_a1"}, {"loc": [29.8, 31.2747], "scale": [1, 0.0447], "index": 12, "skew": [-3.1416, 0], "duration": 12, "pivot": [9.25, 23.875], "ref": "wig1_a2"}, {"loc": [30.1048, 33.1011], "scale": [1, 0.8546], "index": 24, "skew": [-3.1029, 0.0387], "duration": 16, "pivot": [9.25, 23.9], "ref": "wig1_a2"}, {"loc": [29.05, 33.45], "scale": [1, 0.0243], "index": 40, "skew": [-3.1416, 0], "duration": 1, "pivot": [8.875, 27.85], "ref": "wing1_a1"}, {"loc": [29.85, 34.0992], "scale": [1, 0.1082], "index": 41, "skew": [-3.1416, 0], "duration": 33, "pivot": [10.25, 3.7], "ref": "wing1_a1"}, {"loc": [29.85, 34.0967], "scale": [1, 0.2782], "index": 74, "skew": [-3.1416, 0], "duration": 22, "pivot": [10.25, 3.725], "ref": "wing1_a1"}, {"loc": [29.8028, 34.1739], "scale": [1, 0.2054], "index": 96, "skew": [-3.1163, 0.0253], "duration": 19, "pivot": [10.25, 3.675], "ref": "wing1_a1"}, {"loc": [29.85, 34.0967], "scale": [1, 0.2782], "index": 115, "skew": [-3.1416, 0], "duration": 1, "pivot": [10.25, 3.725], "ref": "wing1_a1"}, {"loc": [30.025, 34.4273], "scale": [1, 0.2769], "index": 116, "skew": [-3.1416, 0], "duration": 18, "pivot": [10.425, 3.275], "ref": "wing1_a1"}, {"loc": [30.025, 34.4471], "scale": [1, 0.8914], "index": 134, "skew": [-3.1416, 0], "duration": 1, "pivot": [10.425, 3.25], "ref": "wing1_a1"}]}], "id": "~bird_a"}, {"layers": [{"name": "hotspot2", "keyframes": [{"duration": 5, "index": 0, "pivot": [14, 14], "ref": "hotspot", "loc": [18.875, 1.65]}, {"loc": [18.875, 1.65], "index": 5, "pivot": [14, 14], "duration": 11, "alpha": 0, "ref": "hotspot"}, {"loc": [18.875, 1.65], "index": 16, "pivot": [14, 14], "duration": 11, "alpha": 0, "ref": "hotspot"}, {"duration": 1, "index": 27, "pivot": [14, 14], "ref": "hotspot", "loc": [18.875, 1.65]}]}, {"name": "hotspot1", "keyframes": [{"loc": [-11.325, -0.75], "index": 0, "pivot": [14, 14], "duration": 5, "alpha": 0, "ref": "hotspot"}, {"duration": 11, "index": 5, "pivot": [14, 14], "ref": "hotspot", "loc": [-11.325, -0.75]}, {"duration": 11, "index": 16, "pivot": [14, 14], "ref": "hotspot", "loc": [-11.325, -0.75]}, {"loc": [-11.325, -0.75], "index": 27, "pivot": [14, 14], "duration": 1, "alpha": 0, "ref": "hotspot"}]}, {"name": "red", "keyframes": [{"duration": 3, "index": 0, "pivot": [47.25, 47.25], "ref": "red", "loc": [16.275, -6.35]}, {"duration": 5, "index": 3, "pivot": [47.25, 47.25], "ref": "red", "loc": [16.275, -6.35]}, {"loc": [16.275, -6.35], "index": 8, "pivot": [47.25, 47.25], "duration": 6, "alpha": 0, "ref": "red"}, {"loc": [16.275, -6.35], "index": 14, "pivot": [47.25, 47.25], "duration": 6, "alpha": 0, "ref": "red"}, {"duration": 7, "index": 20, "pivot": [47.25, 47.25], "ref": "red", "loc": [16.275, -6.35]}, {"duration": 1, "index": 27, "pivot": [47.25, 47.25], "ref": "red", "loc": [16.275, -6.35]}]}, {"name": "blue", "keyframes": [{"loc": [-14.975, -8.95], "index": 0, "pivot": [47.25, 47.25], "duration": 3, "alpha": 0, "ref": "blue"}, {"loc": [-14.975, -8.95], "index": 3, "pivot": [47.25, 47.25], "duration": 5, "alpha": 0, "ref": "blue"}, {"duration": 6, "index": 8, "pivot": [47.25, 47.25], "ref": "blue", "loc": [-14.975, -8.95]}, {"duration": 6, "index": 14, "pivot": [47.25, 47.25], "ref": "blue", "loc": [-14.975, -8.95]}, {"loc": [-14.975, -8.95], "index": 20, "pivot": [47.25, 47.25], "duration": 7, "alpha": 0, "ref": "blue"}, {"loc": [-14.975, -8.95], "index": 27, "pivot": [47.25, 47.25], "duration": 1, "alpha": 0, "ref": "blue"}]}], "id": "~flasher_a"}, {"layers": [{"name": "bird", "keyframes": [{"loc": [259.7558, 116.7054], "scale": [0.6585, 0.6585], "index": 0, "duration": 100, "pivot": [26.775, 22.75], "ref": "~bird_a"}, {"loc": [584.7558, 99.1054], "scale": [0.6585, 0.6585], "index": 100, "duration": 99, "pivot": [26.775, 22.75], "ref": "~bird_a"}, {"loc": [947.8967, 111.2009], "scale": [0.4027, 0.4027], "index": 199, "duration": 100, "pivot": [26.75, 22.725], "ref": "~bird_a"}, {"loc": [947.8967, 111.2009], "scale": [0.4027, 0.4027], "index": 299, "tweened": false, "duration": 100, "pivot": [26.75, 22.725], "ref": "~bird_a"}, {"loc": [947.8967, 111.2009], "scale": [0.4027, 0.4027], "index": 399, "tweened": false, "duration": 100, "pivot": [26.75, 22.725], "ref": "~bird_a"}, {"loc": [947.8967, 111.2009], "scale": [0.4027, 0.4027], "index": 499, "tweened": false, "duration": 1, "pivot": [26.75, 22.725], "ref": "~bird_a"}]}, {"name": "mask2", "keyframes": [{"loc": [343.85, 120.3], "index": 0, "tweened": false, "duration": 500, "pivot": [102.25, 73], "ref": "bird_mask2"}]}, {"name": "mask1", "keyframes": [{"loc": [875.45, 120.3], "index": 0, "tweened": false, "duration": 500, "pivot": [80.25, 73], "ref": "bird_mask1"}]}], "id": "~flight1_a"}, {"layers": [{"name": "bird2", "keyframes": [{"loc": [672.85, 233.225], "index": 0, "tweened": false, "duration": 1, "pivot": [692.875, 240.725], "ref": "~bird2_a"}]}, {"name": "bird1", "keyframes": [{"loc": [473.125, 235.225], "index": 0, "tweened": false, "duration": 1, "pivot": [469.925, 224.225], "ref": "~bird1_a"}]}, {"name": "mask", "keyframes": [{"loc": [579.625, 231.55], "index": 0, "tweened": false, "duration": 1, "pivot": [180.25, 50.25], "ref": "bird_mask"}]}], "id": "~flight2_a"}, {"layers": [{"name": "light", "keyframes": [{"loc": [-9.725, 14.575], "index": 0, "pivot": [98.5, 39.75], "duration": 11, "alpha": 0, "ref": "headlight"}, {"duration": 11, "index": 11, "pivot": [98.5, 39.75], "ref": "headlight", "loc": [-9.725, 14.575]}, {"loc": [-9.725, 14.575], "index": 22, "pivot": [98.5, 39.75], "duration": 13, "alpha": 0, "ref": "headlight"}, {"duration": 13, "index": 35, "pivot": [98.5, 39.75], "ref": "headlight", "loc": [-9.725, 14.575]}, {"loc": [-9.725, 14.575], "index": 48, "pivot": [98.5, 39.75], "duration": 108, "alpha": 0, "ref": "headlight"}, {"loc": [-9.725, 14.575], "index": 156, "pivot": [98.5, 39.75], "duration": 1, "alpha": 0, "ref": "headlight"}]}], "id": "~headlight_a"}, {"layers": [{"name": "background", "keyframes": [{"loc": [640, 384], "index": 0, "tweened": false, "duration": 1, "pivot": [640, 384], "ref": "background"}]}, {"name": "flight2", "keyframes": [{"loc": [579.325, 231.575], "index": 0, "tweened": false, "duration": 1, "pivot": [579.625, 231.55], "ref": "~flight2_a"}]}, {"name": "headlight", "keyframes": [{"loc": [628.35, 556.65], "index": 0, "tweened": false, "duration": 1, "pivot": [28.275, 19.075], "ref": "~headlight_a"}]}, {"name": "flasher", "keyframes": [{"loc": [801.675, 295.075], "index": 0, "tweened": false, "duration": 1, "pivot": [7.15, -1.15], "ref": "~flasher_a"}]}, {"name": "flight1", "keyframes": [{"loc": [598.625, 120.225], "index": 0, "tweened": false, "duration": 1, "pivot": [598.65, 120.3], "ref": "~flight1_a"}]}], "id": "~original"}], "md5": "ac7e5ab78c0af98d5d4fd2f838412a0d", "textureGroups": [{"atlases": [{"textures": [{"origin": [0, 0], "symbol": "background", "rect": [1, 1, 1280, 768]}, {"origin": [0, 0], "symbol": "bird_mask", "rect": [1, 771, 361, 101]}, {"origin": [0, 0], "symbol": "bird_mask2", "rect": [1, 874, 205, 146]}, {"origin": [0, 0], "symbol": "bird_mask1", "rect": [208, 874, 161, 146]}, {"origin": [98.5, 39.75], "symbol": "headlight", "rect": [364, 771, 197, 80]}, {"origin": [47.25, 47.25], "symbol": "red", "rect": [371, 853, 108, 108]}, {"origin": [47.25, 47.25], "symbol": "blue", "rect": [481, 853, 108, 108]}, {"origin": [14, 14], "symbol": "hotspot", "rect": [371, 963, 28, 28]}, {"origin": [10.25, 17.55], "symbol": "wing1_a1", "rect": [401, 963, 21, 36]}, {"origin": [13.25, 13.25], "symbol": "wig1_a2", "rect": [371, 993, 27, 27]}, {"origin": [20.5, 5.5], "symbol": "body", "rect": [400, 1001, 41, 11]}], "file": "atlas0.atf"}], "scaleFactor": 1}], "isNamespaced": false}