{"textureFormat": "atf", "frameRate": 24, "movies": [{"layers": [{"name": "container", "keyframes": [{"index": 0, "scale": [1.4227, 1], "tweened": false, "duration": 1, "alpha": 0, "ref": "cont"}]}], "id": "bounds"}, {"layers": [{"name": "_down", "keyframes": [{"duration": 1, "index": 0}]}, {"name": "_over", "keyframes": [{"duration": 1, "index": 0}]}, {"name": "_out", "keyframes": [{"duration": 1, "index": 0}]}], "id": "bt_arrow"}, {"layers": [{"name": "_down", "keyframes": [{"duration": 1, "index": 0, "ref": "cancelp", "tweened": false}]}, {"name": "_over", "keyframes": [{"duration": 1, "index": 0, "ref": "cancelh", "tweened": false}]}, {"name": "_out", "keyframes": [{"duration": 1, "index": 0, "ref": "canceln", "tweened": false}]}], "id": "bt_cancel"}, {"layers": [{"name": "_down", "keyframes": [{"duration": 1, "index": 0, "ref": "btclosep", "tweened": false}]}, {"name": "_over", "keyframes": [{"duration": 1, "index": 0, "ref": "btcloseh", "tweened": false}]}, {"name": "_out", "keyframes": [{"duration": 1, "index": 0, "ref": "btclosen", "tweened": false}]}], "id": "bt_close"}, {"layers": [{"name": "_down", "keyframes": [{"duration": 1, "index": 0, "ref": "enterp", "tweened": false}]}, {"name": "_over", "keyframes": [{"duration": 1, "index": 0, "ref": "enterh", "tweened": false}]}, {"name": "_out", "keyframes": [{"duration": 1, "index": 0, "ref": "entern", "tweened": false}]}], "id": "bt_enter"}, {"layers": [{"name": "_disable", "keyframes": [{"duration": 1, "index": 0, "ref": "nightd", "tweened": false, "alpha": 0.5}]}, {"name": "_down", "keyframes": [{"loc": [18, 18], "index": 0, "tweened": false, "duration": 1, "pivot": [18, 18], "ref": "nightp"}]}, {"name": "_over", "keyframes": [{"loc": [18, 18], "index": 0, "tweened": false, "duration": 1, "pivot": [18, 18], "ref": "nighth"}]}, {"name": "_out", "keyframes": [{"loc": [18, 18], "index": 0, "tweened": false, "duration": 1, "pivot": [18, 18], "ref": "nighth"}]}], "id": "bt_night"}, {"layers": [{"name": "_disable", "keyframes": [{"loc": [18, 18], "index": 0, "tweened": false, "pivot": [18, 18], "duration": 1, "alpha": 0.5, "ref": "shadowd"}]}, {"name": "_down", "keyframes": [{"loc": [18, 18], "index": 0, "tweened": false, "duration": 1, "pivot": [18, 18], "ref": "shadowp"}]}, {"name": "_over", "keyframes": [{"loc": [18, 18], "index": 0, "tweened": false, "duration": 1, "pivot": [18, 18], "ref": "shadowh"}]}, {"name": "_out", "keyframes": [{"duration": 1, "index": 0, "ref": "shadown", "tweened": false}]}], "id": "bt_shadows"}, {"layers": [{"name": "_disable", "keyframes": [{"loc": [18, 18], "index": 0, "tweened": false, "pivot": [18, 18], "duration": 1, "alpha": 0.5, "ref": "wordsd"}]}, {"name": "_down", "keyframes": [{"loc": [18, 18], "index": 0, "tweened": false, "duration": 1, "pivot": [18, 18], "ref": "wordsp"}]}, {"name": "_over", "keyframes": [{"loc": [18, 18], "index": 0, "tweened": false, "duration": 1, "pivot": [18, 18], "ref": "wordsh"}]}, {"name": "_out", "keyframes": [{"duration": 1, "index": 0, "ref": "wordsn", "tweened": false}]}], "id": "bt_words"}, {"layers": [{"name": "_disable", "keyframes": [{"duration": 1, "index": 0}]}, {"name": "_down", "keyframes": [{"loc": [18, 18], "index": 0, "tweened": false, "duration": 1, "pivot": [18, 18], "ref": "zoomp"}]}, {"name": "_over", "keyframes": [{"loc": [18, 18], "index": 0, "tweened": false, "duration": 1, "pivot": [18, 18], "ref": "zoomh"}]}, {"name": "_out", "keyframes": [{"duration": 1, "index": 0, "ref": "zoomn", "tweened": false}]}], "id": "bt_zoom"}, {"layers": [{"name": "confirm_button", "keyframes": [{"duration": 1, "index": 0, "ref": "bt_enter", "tweened": false}]}], "id": "confirm_button"}, {"layers": [{"name": "image", "keyframes": [{"duration": 1, "index": 0, "ref": "item", "tweened": false}]}, {"name": "[bounds]", "keyframes": [{"duration": 1, "index": 0, "ref": "boundsClip", "tweened": false, "alpha": 0}]}], "id": "control"}, {"layers": [{"name": "icon", "keyframes": [{"duration": 1, "index": 0, "ref": "energy", "tweened": false, "loc": [0, 1.75]}]}], "id": "energyLabel"}, {"layers": [{"name": "image_container", "keyframes": [{"duration": 1, "index": 0}]}], "id": "item"}, {"layers": [{"name": "\u0421\u043b\u043e\u0439 1", "keyframes": [{"duration": 1, "index": 0}]}], "id": "main"}, {"layers": [{"name": "mode_zoom", "keyframes": [{"duration": 1, "index": 0, "ref": "bt_zoom", "tweened": false, "loc": [88, 0]}]}, {"name": "mode_time", "keyframes": [{"duration": 1, "index": 0, "ref": "~buttons/bt_time", "tweened": false, "loc": [66, 0]}]}, {"name": "mode_night", "keyframes": [{"duration": 1, "index": 0, "ref": "bt_night", "tweened": false, "loc": [44, 0]}]}, {"name": "mode_shadows", "keyframes": [{"duration": 1, "index": 0, "ref": "bt_shadows", "tweened": false, "loc": [22, 0]}]}, {"name": "mode_words", "keyframes": [{"duration": 1, "index": 0, "ref": "bt_words", "tweened": false}]}, {"name": "mode_arrow", "keyframes": [{"duration": 1, "index": 0}]}], "id": "roomModePanel"}, {"layers": [{"name": "\u0421\u043b\u043e\u0439 1", "keyframes": [{"loc": [11, 11], "index": 0, "tweened": false, "label": "words", "duration": 1, "pivot": [11, 11], "ref": "wordsn"}, {"loc": [11, 11], "index": 1, "tweened": false, "label": "shadows", "duration": 1, "pivot": [11, 11], "ref": "shadown"}, {"loc": [11, 11], "index": 2, "tweened": false, "label": "night", "duration": 1, "pivot": [11, 11], "ref": "nightn"}, {"loc": [11, 11], "index": 3, "tweened": false, "label": "time_mode", "duration": 1, "pivot": [11, 11], "ref": "timen"}, {"loc": [11, 11], "index": 4, "tweened": false, "label": "zoom_mode", "duration": 1, "pivot": [11, 11], "ref": "zoomn"}]}], "id": "selected_mode"}, {"layers": [{"name": "simple_button", "keyframes": [{"duration": 1, "index": 0, "ref": "bt_cancel", "tweened": false}]}], "id": "simple_button"}, {"layers": [{"name": "mask", "keyframes": [{"duration": 1, "index": 0, "ref": "mask", "tweened": false}]}, {"name": "status1", "keyframes": [{"loc": [18, 18], "index": 0, "tweened": false, "duration": 1, "pivot": [18, 18], "ref": "status1"}]}, {"name": "radial_marker", "keyframes": [{"duration": 1, "index": 0, "ref": "status2", "tweened": false}]}, {"name": "puzzle", "keyframes": [{"loc": [19.75, 17.5], "index": 0, "tweened": false, "duration": 1, "pivot": [11, 11], "ref": "puzzle"}]}], "id": "status"}, {"layers": [{"name": "_down", "keyframes": [{"loc": [11, 11], "index": 0, "tweened": false, "duration": 1, "pivot": [11, 11], "ref": "timep"}]}, {"name": "_over", "keyframes": [{"loc": [11, 11], "index": 0, "tweened": false, "duration": 1, "pivot": [11, 11], "ref": "timeh"}]}, {"name": "_out", "keyframes": [{"loc": [11, 11], "index": 0, "tweened": false, "duration": 1, "pivot": [11, 11], "ref": "timen"}]}], "id": "~buttons/bt_time"}], "md5": "13287178e9c8eff7b80ff0fe9dc3a976", "textureGroups": [{"atlases": [{"textures": [{"origin": [0, 0], "symbol": "bg", "rect": [1, 1, 238, 211]}, {"origin": [0, 0], "symbol": "boundsClip", "rect": [1, 214, 75, 75]}, {"origin": [0, 0], "symbol": "cancelh", "rect": [78, 214, 110, 35]}, {"origin": [0, 0], "symbol": "canceln", "rect": [78, 251, 110, 35]}, {"origin": [0, 0], "symbol": "enterp", "rect": [78, 288, 110, 35]}, {"origin": [0, 0], "symbol": "entern", "rect": [1, 325, 110, 35]}, {"origin": [0, 0], "symbol": "cancelp", "rect": [113, 325, 110, 35]}, {"origin": [0, 0], "symbol": "enterh", "rect": [1, 362, 110, 35]}, {"origin": [0, 0], "symbol": "cont", "rect": [113, 362, 125, 27]}, {"origin": [0, 0], "symbol": "status2", "rect": [190, 214, 36, 36]}, {"origin": [0, 0], "symbol": "status1", "rect": [190, 252, 36, 36]}, {"origin": [0, 0], "symbol": "mask", "rect": [113, 391, 36, 36]}, {"origin": [0, 0], "symbol": "btclosep", "rect": [190, 290, 31, 20]}, {"origin": [0, 0], "symbol": "btcloseh", "rect": [223, 290, 31, 20]}, {"origin": [0, 0], "symbol": "btclosen", "rect": [1, 291, 31, 20]}, {"origin": [0, 0], "symbol": "nightp", "rect": [34, 291, 22, 22]}, {"origin": [0, 0], "symbol": "nightd", "rect": [225, 312, 22, 22]}, {"origin": [0, 0], "symbol": "nightn", "rect": [225, 336, 22, 22]}, {"origin": [0, 0], "symbol": "shadowp", "rect": [228, 214, 22, 22]}, {"origin": [0, 0], "symbol": "nighth", "rect": [228, 238, 22, 22]}, {"origin": [0, 0], "symbol": "shadowd", "rect": [228, 262, 22, 22]}, {"origin": [0, 0], "symbol": "shadowh", "rect": [1, 399, 22, 22]}, {"origin": [0, 0], "symbol": "timeh", "rect": [25, 399, 22, 22]}, {"origin": [0, 0], "symbol": "wordsh", "rect": [49, 399, 22, 22]}, {"origin": [0, 0], "symbol": "wordsn", "rect": [73, 399, 22, 22]}, {"origin": [0, 0], "symbol": "wordsp", "rect": [1, 423, 22, 22]}, {"origin": [0, 0], "symbol": "zoomh", "rect": [25, 423, 22, 22]}, {"origin": [0, 0], "symbol": "zoomn", "rect": [49, 423, 22, 22]}, {"origin": [0, 0], "symbol": "zoomp", "rect": [73, 423, 22, 22]}, {"origin": [0, 0], "symbol": "timen", "rect": [151, 391, 22, 22]}, {"origin": [0, 0], "symbol": "energy", "rect": [175, 391, 22, 22]}, {"origin": [0, 0], "symbol": "timep", "rect": [199, 391, 22, 22]}, {"origin": [0, 0], "symbol": "puzzle", "rect": [223, 391, 22, 22]}, {"origin": [0, 0], "symbol": "wordsd", "rect": [151, 415, 22, 22]}, {"origin": [0, 0], "symbol": "shadown", "rect": [97, 429, 22, 22]}], "file": "atlas0.atf"}], "scaleFactor": 1}], "isNamespaced": false}