<xmlui modify="2016-09-19 16:17:32" scale="0.5" textureType="atf"><libraryItem libraryName="character" itemType="movie clip" folder="" linkageClassName="character"><element type="image" name="emotions" frame="small_smile" width="470" height="705" libraryItem="character_small_smile"/><element type="image" name="emotions" frame="angry" width="470" height="705" libraryItem="character_angry"/><element type="image" name="emotions" frame="normal" width="470" height="705" libraryItem="character_normal"/><element type="image" name="emotions" frame="funny" width="470" height="705" libraryItem="character_funny"/><element type="image" name="emotions" frame="smile" width="470" height="705" libraryItem="character_smile"/><element type="image" name="emotions" frame="surprised" width="470" height="705" libraryItem="character_surprised"/></libraryItem><libraryItem libraryName="character_small_smile" itemType="movie clip" folder="" linkageClassName="character_small_smile"><element type="instance" name="Слой 1" width="470" height="705" libraryItem="incognito.png"/></libraryItem><libraryItem libraryName="character_angry" itemType="movie clip" folder="" linkageClassName="character_angry"><element type="instance" name="Слой 1" width="470" height="705" libraryItem="incognito.png"/></libraryItem><libraryItem libraryName="character_normal" itemType="movie clip" folder="" linkageClassName="character_normal"><element type="instance" name="Слой 1" width="470" height="705" libraryItem="incognito.png"/></libraryItem><libraryItem libraryName="character_funny" itemType="movie clip" folder="" linkageClassName="character_funny"><element type="instance" name="Слой 1" width="470" height="705" libraryItem="incognito.png"/></libraryItem><libraryItem libraryName="character_smile" itemType="movie clip" folder="" linkageClassName="character_smile"><element type="instance" name="Слой 1" width="470" height="705" libraryItem="incognito.png"/></libraryItem><libraryItem libraryName="character_surprised" itemType="movie clip" folder="" linkageClassName="character_surprised"><element type="instance" name="Слой 1" width="470" height="705" libraryItem="incognito.png"/></libraryItem><libraryItem libraryName="incognito.png" itemType="bitmap" folder="" bitmapIndex="0.png"><element type="instance" name="character" width="470" height="705" libraryItem="character"/></libraryItem></xmlui>